obligor_id,rating,sector,region,ead,maturity,secured,pd,lgd,expected_loss,capital_rate,irb_capital,rwa
OBL00001,BBB,industrials,west,4314492.715899549,2.766197218744151,0,0.005,0.55,11864.854968723763,0.07109218795824596,306726.72710321384,3834084.088790173
OBL00002,BB,financials,south,2427711.8200071054,1.574288240629976,0,0.0135,0.55,18025.76026355276,0.08829318126639141,214350.39978644834,2679379.997330604
OBL00003,CCC,real_estate,south,2388710.562902192,1.3480701816034926,0,0.15,0.5,179153.2922176644,0.1856943544838287,443570.0660268257,5544625.825335321
OBL00004,B,energy,north,1580522.8405359837,2.677526795816016,1,0.054,0.39999999999999997,34139.29335557725,0.1108855369947619,175257.123905319,2190714.048816487
OBL00005,BB,energy,south,1808899.7092317173,1.5924250486098117,0,0.018,0.6000000000000001,19536.116859702546,0.1065238545199323,192690.9694673473,2408637.1183418413
OBL00006,CCC,financials,north,379304.18775433203,3.106010947180611,1,0.108,0.35,14337.698297113751,0.1279021010636997,48513.8025560391,606422.5319504888
OBL00007,B,real_estate,north,5954464.057424791,1.3427439987526446,0,0.056249999999999994,0.5,167469.30161507224,0.126435734387321,752857.0359834107,9410712.949792633
OBL00008,BB,consumer,south,1639048.6909139596,3.857245675340164,0,0.01575,0.55,14198.259285042175,0.12180343987206312,199641.76867112223,2495522.108389028
OBL00009,BBB,energy,north,311904.96028921055,3.7906926687811304,1,0.006,0.39999999999999997,748.5719046941052,0.06467083911567147,20171.155506243435,252139.44382804295
OBL00010,BBB,real_estate,west,1087285.114898727,4.6586611308402865,1,0.00625,0.3,2038.6595904351132,0.05485217193057711,59639.95005998226,745499.3757497782
OBL00011,BB,real_estate,south,93840.83511183284,2.7889928567129374,0,0.01875,0.5,879.7578291734329,0.10352293735158975,9714.678894303135,121433.48617878919
OBL00012,BBB,industrials,north,2059021.8617427892,1.799832767605602,1,0.005,0.35,3603.288258049881,0.03824674152823714,78750.87694706609,984385.9618383262
OBL00013,CCC,financials,east,4222548.717239614,2.8254328932574575,1,0.108,0.35,159612.3415116574,0.12589767998712012,531609.0871330574,6645113.589163218
OBL00014,A,industrials,east,6659608.307139119,3.196568262212181,0,0.002,0.55,7325.569137853032,0.04921637913723535,327761.807349641,4097022.5918705123
OBL00015,CCC,financials,south,2878584.075983259,2.3359465161761803,0,0.108,0.55,170987.89411340558,0.19234417572894555,553678.8813614683,6920986.0170183545
OBL00016,BBB,industrials,west,7722381.410324598,2.1814279265112373,0,0.005,0.55,21236.548878392645,0.06444178672860634,497644.055881092,6220550.698513649
OBL00017,A,financials,north,1242938.1078507695,1.1703588154533073,1,0.0018000000000000002,0.35,783.0510079459848,0.018376062702013512,22840.308604587775,285503.8575573472
OBL00018,BBB,financials,west,2648381.9301400753,3.1855645383414357,0,0.0045000000000000005,0.55,6554.745277096688,0.07248109982163509,191957.6350442974,2399470.4380537174
OBL00019,BBB,financials,south,15207918.087365687,4.551694449388459,0,0.0045000000000000005,0.55,37639.597266230085,0.08770302334675138,1333780.3950717156,16672254.938396445
OBL00020,BBB,financials,north,844919.8930864659,3.1345439616689705,1,0.0045000000000000005,0.35,1330.7488316111837,0.04576256982911388,38665.705607376825,483321.3200922103
OBL00021,B,industrials,east,3411057.6174997664,4.557232089526613,1,0.045,0.35,53724.15747562132,0.10550623582845256,359887.84941636986,4498598.117704623
OBL00022,B,real_estate,south,2197294.237354169,2.6695852985535637,0,0.056249999999999994,0.5,61798.900425586,0.14046990019294775,308653.7022156794,3858171.2776959925
OBL00023,BBB,healthcare,east,3913792.66055572,4.641334049404794,0,0.004,0.55,8610.343853222585,0.08459681059768899,331094.3764236575,4138679.705295719
OBL00024,BB,industrials,east,5037460.351167936,4.0943503466445375,0,0.015,0.55,41559.047897135475,0.12324813408852765,620857.5888263873,7760719.860329841
OBL00025,BBB,real_estate,south,3943201.1609634794,3.1018663505550075,0,0.00625,0.5,12322.503628010874,0.07471235831792444,294605.8580575591,3682573.225719489
OBL00026,BB,energy,west,2668069.048215583,4.812187716787848,1,0.018,0.39999999999999997,19210.097147152195,0.10027420628478957,267538.50612283155,3344231.3265353944
OBL00027,A,energy,south,3024249.5086809522,4.355137241295687,0,0.0024,0.6000000000000001,4354.919292500572,0.07095473189047757,214584.8130583655,2682310.1632295684
OBL00028,BB,industrials,east,4750402.993012685,2.0519989394551397,1,0.015,0.35,24939.615713316594,0.062125811002277584,295122.6385285598,3689032.9816069975
OBL00029,BB,energy,north,8414693.138488816,1.7770905275505502,0,0.018,0.6000000000000001,90878.68589567921,0.10904096485232952,917546.2587570973,11469328.234463716
OBL00030,A,industrials,west,627241.365016623,4.5457632761621385,1,0.002,0.35,439.06895551163615,0.03908149782344747,24513.532041673374,306419.15052091714
OBL00031,A,technology,east,1928260.8597020053,2.634717708770274,1,0.0017,0.35,1147.315211522693,0.025711959789507154,49579.365688338454,619742.0711042307
OBL00032,BB,industrials,north,514381.341996079,4.428288266733565,0,0.015,0.55,4243.646071467652,0.1274374770646407,65551.46047310442,819393.2559138053
OBL00033,BBB,financials,west,2143114.479184065,4.66766932972332,1,0.0045000000000000005,0.35,3375.4053047149023,0.056633346161822834,121371.74416404581,1517146.8020505726
OBL00034,B,financials,west,5731377.889101186,1.4728928706660813,0,0.0405,0.55,127666.44247972894,0.12481722862616212,715374.7043268732,8942183.804085914
OBL00035,A,technology,south,3123746.615136183,4.616798385630904,1,0.0017,0.35,1858.6292360060286,0.0365478591148297,114166.25120042337,1427078.1400052921
OBL00036,BB,industrials,west,2506173.5942322235,2.5730772271304136,1,0.015,0.35,13157.411369719171,0.06628576483911598,166123.63351327923,2076545.4189159903
OBL00037,BB,financials,south,7936966.394327448,2.633200081530859,1,0.0135,0.35,37502.16621319719,0.0646398455960947,513044.2822307187,6413053.527883984
OBL00038,B,energy,north,990539.6559281874,2.006988626822718,1,0.054,0.39999999999999997,21395.656568048846,0.10520049602592466,104205.26313699405,1302565.7892124257
OBL00039,BB,financials,west,1060496.56768205,1.240642667410734,1,0.0135,0.35,5010.846282297686,0.05352308280813017,56761.045609784174,709513.0701223022
OBL00040,B,financials,west,14506423.838977836,2.413380183047613,0,0.0405,0.55,323130.5910132314,0.1359665363297679,1972388.2039173911,24654852.548967388
OBL00041,B,financials,north,5687965.991980905,2.0478320552273694,1,0.0405,0.35,80626.91793632932,0.0837664730705146,476460.85009327135,5955760.626165892
OBL00042,B,financials,south,1572686.402027859,2.8631804917326797,1,0.0405,0.35,22292.829748744898,0.08991744235014602,141411.9388891986,1767649.2361149823
OBL00043,B,financials,north,2736271.7198500517,3.516526394333918,1,0.0405,0.35,38786.65162887448,0.0948462683537844,259525.16182976917,3244064.5228721146
OBL00044,CCC,consumer,south,5712131.476615372,1.0631982040806776,0,0.126,0.55,395850.7113294453,0.18909612561783695,1080141.931247661,13501774.14059576
OBL00045,BB,real_estate,north,4947670.761105545,1.9587501993876728,1,0.01875,0.3,27830.64803121869,0.05646414375439733,279365.99310449196,3492074.9138061497
OBL00046,BB,technology,west,2812812.978115844,4.415941080206299,1,0.01275,0.35,12552.177914841952,0.07769943278112992,218553.9729190019,2731924.661487524
OBL00047,BBB,industrials,west,1913960.7701687147,1.2265937724603497,1,0.005,0.35,3349.4313477952505,0.034098114713620654,65262.45389858257,815780.6737322821
OBL00048,A,industrials,west,3637033.2232963056,4.7727235004376825,1,0.002,0.35,2545.923256307414,0.04038721091309729,146889.62788720996,1836120.3485901246
OBL00049,BB,technology,east,882563.537780372,3.6680732777514717,1,0.01275,0.35,3938.4397873449093,0.0717340661683178,63309.87121688185,791373.3902110232
OBL00050,A,consumer,north,3104325.32255663,4.738157071433262,1,0.0021000000000000003,0.35,2281.679112079123,0.041113383367923015,127629.31708502199,1595366.463562775
OBL00051,A,industrials,west,919753.1839730797,1.0991862552585614,0,0.002,0.55,1011.7285023703877,0.030254988346413002,27827.12186268178,347839.0232835222
OBL00052,BB,industrials,east,601808.7302420202,3.826837325338597,1,0.015,0.35,3159.4958337706057,0.07629497891380849,45914.98438396079,573937.3047995099
OBL00053,BB,healthcare,west,554754.7020658733,4.9323901465511035,0,0.012,0.55,3661.381033634764,0.12658670856917856,70224.57179779418,877807.1474724272
OBL00054,B,consumer,west,775451.2992850676,4.461151788984162,0,0.04725,0.55,20152.040640170697,0.16684211574442034,129377.93542948039,1617224.192868505
OBL00055,BBB,healthcare,west,1099922.2637577082,4.440725316686041,1,0.004,0.35,1539.8911692607915,0.05244687539598501,57687.485912570286,721093.5739071285
OBL00056,B,industrials,north,1462087.1840929328,4.761220114792376,1,0.045,0.35,23027.873149463692,0.10703475313980787,156494.1408182639,1956176.7602282988
OBL00057,BB,consumer,south,4759298.667994252,1.5604031064691632,1,0.01575,0.35,26235.633907318315,0.05918557321384139,281681.81976111163,3521022.7470138953
OBL00058,BB,financials,west,165710.82598101036,1.6139623349188525,1,0.0135,0.35,782.983652760274,0.05650328753483563,9363.20644804014,117040.08060050175
OBL00059,B,healthcare,west,3519542.5470086345,4.675539010596327,0,0.036,0.55,69686.94243077097,0.15826774722902032,557030.070191745,6962875.877396812
OBL00060,BBB,industrials,east,1354154.8113152431,2.6559095061080265,1,0.005,0.35,2369.770919801675,0.04444231256021249,60181.77137938761,752272.1422423451
OBL00061,BB,industrials,south,2683060.2366677267,2.2083524767379146,1,0.015,0.35,14086.066242505563,0.06337403706102304,170036.35887553776,2125454.4859442217
OBL00062,BB,financials,north,4302226.988560165,3.2776491028071177,1,0.0135,0.35,20328.022520946783,0.06978447146632549,300228.6365248323,3752857.9565604036
OBL00063,A,technology,south,127017.02214682788,4.462259398420938,0,0.0017,0.55,118.76091570728407,0.0561047222288982,7126.254745889589,89078.18432361986
OBL00064,BB,industrials,west,3807842.8846912845,2.080984879606151,0,0.015,0.55,31414.7037987031,0.09798991101689446,373130.1854372137,4664127.317965171
OBL00065,B,industrials,east,1384212.9238714983,4.090239973908487,1,0.045,0.35,21801.3535509761,0.10200698369314332,141199.38515319815,1764992.3144149769
OBL00066,A,industrials,north,4228183.770244429,1.0796817453872207,1,0.002,0.35,2959.7286391711,0.019140964018582132,80931.51341020156,1011643.9176275195
OBL00067,CCC,financials,east,919199.0261399217,4.764700198068145,1,0.108,0.35,34745.72318808904,0.1397516083487048,128459.5422956172,1605744.278695215
OBL00068,CCC,financials,east,4214282.271119003,1.8082457504943177,1,0.108,0.35,159299.86984829832,0.11863099850839474,499944.51381907286,6249306.4227384105
OBL00069,BB,real_estate,south,2551827.620261465,3.6195253108567607,0,0.01875,0.5,23923.383939951236,0.11294225511852454,288209.1661060678,3602614.5763258473
OBL00070,CCC,technology,west,2888480.895288497,4.536845870138349,0,0.102,0.55,162043.7782256847,0.21316103299229264,615711.5714181983,7696394.642727478
OBL00071,CCC,financials,north,2658876.5986963967,1.998755603287222,0,0.108,0.55,157937.26996256597,0.18855882809958355,501354.65551159927,6266933.193894991
OBL00072,BBB,real_estate,east,5826419.900226003,4.510647095282739,0,0.00625,0.5,18207.56218820626,0.08983176125855012,523397.5614691677,6542469.518364596
OBL00073,A,healthcare,south,3631380.3003455526,2.6419868420821304,1,0.0016,0.35,2033.5729681935093,0.0249062752570227,90444.1573233361,1130551.9665417012
OBL00074,CCC,financials,west,3708093.5158350235,4.098681208141853,1,0.108,0.35,140165.9348985639,0.1349936364327112,500569.027935127,6257112.849189087
OBL00075,BB,industrials,south,918121.8146751656,2.733430667190418,0,0.015,0.55,7574.504971070116,0.10617502271903959,97481.60453198156,1218520.0566497694
OBL00076,BB,industrials,west,1355782.7719564887,3.2096712650948613,0,0.015,0.55,11185.207868641033,0.1121495918941694,152050.48457206594,1900631.0571508242
OBL00077,CCC,energy,west,783059.9702726976,1.653348529772091,1,0.144,0.39999999999999997,45104.25428770738,0.14895573958862318,116641.27701421495,1458015.962677687
OBL00078,BB,real_estate,south,2891330.8922056947,2.998011790525788,0,0.01875,0.5,27106.227114428388,0.10589348379690447,306173.1009852731,3827163.7623159136
OBL00079,CCC,consumer,north,818980.128413083,4.33797663747,1,0.126,0.35,36117.02366301696,0.14332091061004149,117376.97777569178,1467212.2221961473
OBL00080,BBB,financials,east,3617908.223016139,1.787368763493629,1,0.0045000000000000005,0.35,5698.205451250419,0.03621029147961243,131005.51130190106,1637568.8912737633
OBL00081,BB,financials,east,11250770.87757923,4.314948427783158,1,0.0135,0.35,53159.89239656187,0.07806521480871786,878293.8453218899,10978673.066523623
OBL00082,BB,industrials,east,1944903.9252719474,4.93453366840684,0,0.015,0.55,16045.457383493567,0.13378846474859124,260205.71024564267,3252571.3780705333
OBL00083,CCC,real_estate,north,3969994.600272571,4.1903880825150885,0,0.15,0.5,297749.59502044285,0.21338936687970222,847154.6342680005,10589432.928350005
OBL00084,BB,technology,west,964844.7322118803,3.329263736388682,1,0.01275,0.35,4305.619617495515,0.06903155227546992,66604.7295693962,832559.1196174524
OBL00085,BB,technology,east,25350149.561339308,4.395511380375481,1,0.01275,0.35,113125.04241747665,0.07753647530538287,1965561.2454505474,24569515.56813184
OBL00086,BB,technology,north,2445956.9620948615,1.0376172217713462,1,0.01275,0.35,10915.082943348318,0.050752236650712455,124137.78657769613,1551722.3322212016
OBL00087,B,industrials,south,1045298.991687189,4.683204801256183,1,0.045,0.35,16463.459119073228,0.10645017099516717,111272.25640617708,1390903.2050772135
OBL00088,CCC,consumer,east,2929216.644163095,3.004936083699292,0,0.126,0.55,202994.71344050247,0.2105144680789214,616642.4837339171,7708031.046673964
OBL00089,BBB,industrials,south,1161645.0165809006,1.8888496904526395,0,0.005,0.55,3194.523795597477,0.06111438447494135,70993.22016672479,887415.2520840599
OBL00090,BB,financials,north,8444523.872628229,4.349723344956577,1,0.0135,0.35,39900.37529816838,0.07834282239693517,661567.8339799925,8269597.924749907
OBL00091,B,industrials,east,2982035.7845001854,4.725752835422818,0,0.045,0.55,73805.38566637959,0.16777984256541878,500325.4944478862,6254068.6805985775
OBL00092,B,technology,west,1023263.7532272221,3.105977762843885,0,0.03825,0.55,21526.911208517686,0.1418628772318641,145163.1401998899,1814539.2524986237
OBL00093,BBB,financials,north,1493337.3464984016,1.7725905461863882,1,0.0045000000000000005,0.35,2352.0063207349826,0.03610550507512742,53917.69914287535,673971.2392859419
OBL00094,CCC,healthcare,east,7695628.057676574,1.4367089646749056,1,0.096,0.35,258573.10273793287,0.11066545234554083,851640.1600858138,10645502.001072673
OBL00095,BBB,consumer,south,969235.1549568849,2.796545682220239,0,0.00525,0.55,2798.6665099380057,0.07298098394781596,70735.73528556734,884196.6910695917
OBL00096,B,financials,south,2908552.0317328935,4.25560310043336,1,0.0405,0.35,41228.725049813766,0.10042184550702425,292082.16277982213,3651027.0347477766
OBL00097,BBB,industrials,east,255591.40324491734,3.4545216391688647,0,0.005,0.55,702.8763589235227,0.07892028979735588,20171.34761380172,252141.8451725215
OBL00098,BBB,real_estate,north,9368809.27562335,4.18320268907081,0,0.00625,0.5,29277.52898632297,0.08631754235919337,808692.5915038222,10108657.393797778
OBL00099,CCC,consumer,north,1088903.084350122,2.6209199329681234,0,0.126,0.55,75460.98374546345,0.20627857737849223,224617.3791427955,2807717.239284944
OBL00100,A,healthcare,east,1308162.2706237861,2.8820708926715577,0,0.0016,0.55,1151.182798148932,0.0411608078674178,53845.015880550665,673062.6985068833
OBL00101,CCC,financials,north,3339252.679487159,2.1000263465984204,0,0.108,0.55,198351.60916153726,0.18969570621065832,633441.8952511497,7918023.690639371
OBL00102,B,industrials,east,781437.0782411831,1.3431456494104745,0,0.045,0.55,19340.567686469283,0.12794969638713655,99984.63690661044,1249807.9613326304
OBL00103,B,real_estate,south,966358.1412500473,4.615347056354423,1,0.056249999999999994,0.3,16307.293633594545,0.09663027889508864,93379.45670153153,1167243.208769144
OBL00104,CCC,consumer,south,2162861.428214349,3.7043383031377783,1,0.126,0.35,95382.18898425279,0.13887314334839224,300363.3651631196,3754542.0645389953
OBL00105,B,consumer,north,3193729.095655148,2.825421614137772,1,0.04725,0.35,52816.29491939701,0.09395082987866225,300053.49894443067,3750668.7368053836
OBL00106,A,industrials,south,732402.0130288429,2.373786599007985,1,0.002,0.35,512.68140912019,0.026586011502764035,19471.64834303235,243395.60428790437
OBL00107,BB,technology,east,374428.75078689394,3.0828316327345204,1,0.01275,0.35,1670.888300386514,0.06706588690167228,25111.396253008264,313892.4531626033
OBL00108,BBB,technology,west,1455053.0266766795,3.8608807852007963,1,0.00425,0.35,2164.391377181561,0.049705297867751984,72323.84410433842,904048.0513042302
OBL00109,A,industrials,south,1052062.6534433023,3.810328568666802,1,0.002,0.35,736.4438574103116,0.03485050656837352,36664.91641416628,458311.4551770785
OBL00110,BBB,technology,north,801867.6124667103,1.181836892180316,0,0.00425,0.55,1874.3655441409353,0.04860823019124227,38977.3654896837,487217.0686210463
OBL00111,BBB,consumer,south,196497.343786471,1.6603957596723529,0,0.00525,0.55,567.3860801834351,0.059944731774313045,11778.980567644981,147237.25709556227
OBL00112,BB,industrials,west,12121635.022362532,1.433815553132043,0,0.015,0.55,100003.48893449089,0.0898709939693866,1089383.3879938484,13617292.349923106
OBL00113,BBB,healthcare,south,950984.4841285566,2.812944592336753,1,0.004,0.35,1331.3782777799793,0.04118874935111024,39169.86155356599,489623.2694195749
OBL00114,BB,technology,south,4845859.032511534,4.0923489364438055,1,0.01275,0.35,21624.64593258272,0.07511830044165382,364012.6947021033,4550158.683776292
OBL00115,B,healthcare,west,2632510.5073998882,1.9530976362672083,0,0.036,0.55,52123.70804651779,0.12572617099155511,330975.4661904239,4137193.3273802986
OBL00116,B,financials,south,1289395.1727288694,1.447325235486252,0,0.0405,0.55,28721.27747253557,0.12451412891591551,160547.9167607216,2006848.95950902
OBL00117,A,healthcare,west,2556234.2760641216,1.2632517068215154,1,0.0016,0.35,1431.491194595908,0.017515591062314526,44773.95423901077,559674.4279876346
OBL00118,B,consumer,east,5950119.776509678,1.3741774277875716,1,0.04725,0.35,98400.1058040288,0.0831077989702133,494501.3582348568,6181266.97793571
OBL00119,BB,healthcare,east,953376.4854935101,3.4861504147272733,1,0.012,0.35,4004.1812390727423,0.06903640279589635,65817.683068666,822721.0383583249
OBL00120,BB,real_estate,south,627534.2611863653,4.136737593194794,0,0.01875,0.5,5883.133698622174,0.11880811480407497,74556.16254652005,931952.0318315006
OBL00121,B,consumer,south,8822293.122336285,4.391472594605839,0,0.04725,0.55,229269.34251671424,0.1660240127755837,1464712.5060527036,18308906.325658794
OBL00122,BB,consumer,south,180407.08105833462,1.2249138273075921,0,0.01575,0.55,1562.7763396678235,0.08879957606141493,16020.072316457434,200250.90395571792
OBL00123,BBB,healthcare,west,2642311.818344435,1.3853112891398176,1,0.004,0.35,3699.2365456822095,0.03131489138435182,82743.70759504514,1034296.3449380642
OBL00124,BBB,healthcare,west,1173164.7203826,2.017547300555479,0,0.004,0.55,2580.9623848417204,0.05608049682088919,65791.66037179576,822395.754647447
OBL00125,BB,financials,north,998716.0471864776,3.9504422819006346,0,0.0135,0.55,7415.466650359596,0.118101293010285,117949.65652284381,1474370.7065355477
OBL00126,BBB,consumer,north,472993.86952912057,3.0966264854612757,0,0.00525,0.55,1365.7697982653358,0.07642412903442981,36148.14451738777,451851.80646734714
OBL00127,BB,healthcare,west,5771166.266472379,2.052671922656919,1,0.012,0.35,24238.89831918399,0.05761926606170297,332530.36459419696,4156629.557427462
OBL00128,A,financials,west,890496.0432172449,3.8887875452921414,1,0.0018000000000000002,0.35,561.0125072268643,0.03351094406258034,29841.363092202217,373017.0386525277
OBL00129,BB,technology,north,1344832.371488515,1.4106485298691451,0,0.01275,0.55,9430.637005063212,0.08442927495219268,113543.22205701318,1419290.2757126647
OBL00130,CCC,consumer,west,1254821.169601758,1.0970553597249224,1,0.126,0.35,55337.61357943753,0.12057155537740943,151295.74013938406,1891196.7517423006
OBL00131,B,consumer,south,336100.1583981498,3.393217898796289,0,0.04725,0.55,8734.40286637192,0.15430351087278124,51861.43444573241,648267.9305716552
OBL00132,BBB,healthcare,west,2516699.819422057,1.2211679659756167,1,0.004,0.35,3523.3797471908797,0.03017963637489966,75953.08541493332,949413.5676866665
OBL00133,A,industrials,east,2579840.4060121826,2.513556877895053,1,0.002,0.35,1805.8882842085277,0.027390116641756515,70662.12963779016,883276.620472377
OBL00134,A,financials,north,3369099.4276328958,4.483385627810499,1,0.0018000000000000002,0.35,2122.532639408724,0.0368213753191943,124054.87451255355,1550685.9314069194
OBL00135,BB,industrials,south,5607023.872967376,3.594253640325203,1,0.015,0.35,29436.875333078722,0.07443818039477207,417376.6545337391,5217208.181671739
OBL00136,CCC,financials,north,918290.6253339933,3.6576264206242928,1,0.108,0.35,34711.385637624946,0.13184278589516824,121069.99430544984,1513374.928818123
OBL00137,B,healthcare,east,3336996.6617799243,1.5762959880165601,0,0.036,0.55,66072.53390324251,0.12122222843522637,404518.1716218738,5056477.145273423
OBL00138,BB,consumer,west,261224.3754045523,4.054583270420434,1,0.01575,0.35,1439.9993694175946,0.07908576784312725,20659.130308210344,258239.1288526293
OBL00139,B,industrials,north,1665960.871545689,1.8203462369642076,0,0.045,0.55,41232.531570755804,0.13356872576696655,222520.2707899827,2781503.3848747835
OBL00140,A,consumer,south,5585785.620884905,3.722005123292898,1,0.0021000000000000003,0.35,4105.552431350406,0.0351802289997371,196509.21728616962,2456365.21607712
OBL00141,BBB,consumer,south,3512853.4026089762,3.9047958218831074,1,0.00525,0.35,6454.868127293994,0.054534526036828505,191571.79534814082,2394647.4418517603
OBL00142,BB,technology,north,2615990.3022235334,1.4543946774252965,0,0.01275,0.55,18344.63199434253,0.08497761095476929,222300.60616380075,2778757.5770475096
OBL00143,B,healthcare,north,657619.6322162137,3.6236024088230083,1,0.036,0.35,8286.007365924292,0.09271427354147359,60970.7264675373,762134.0808442163
OBL00144,BBB,consumer,south,4490224.618040863,1.1019332023285555,1,0.00525,0.35,8250.787735650087,0.03406893571788675,152977.17387090676,1912214.6733863344
OBL00145,BBB,technology,south,3263687.8345245607,1.618063794890463,1,0.00425,0.35,4854.735653855284,0.03398927043646346,110930.36842785109,1386629.6053481386
OBL00146,B,financials,south,4525138.42265243,2.2200382413633455,1,0.0405,0.35,64143.83714109819,0.08506559245709847,384933.580873309,4811669.7609163625
OBL00147,BB,technology,east,2174769.230191326,4.588361175158845,1,0.01275,0.35,9704.90768972879,0.07907474145791969,171969.31460801812,2149616.4326002263
OBL00148,BB,financials,south,640257.3109340433,1.161502586256693,1,0.0135,0.35,3025.2157941633545,0.05289130885016692,33864.04717618984,423300.58970237296
OBL00149,BB,consumer,east,1756815.0325676783,4.231907834335793,0,0.01575,0.55,15218.410219617514,0.12650090948621417,222238.69941886427,2777983.7427358036
OBL00150,BB,technology,east,1015908.0103889434,4.8603001418157845,0,0.01275,0.55,7124.054922852466,0.1276689264609065,129699.88506939184,1621248.563367398
OBL00151,A,consumer,south,995810.693589827,3.5220196392831866,0,0.0021000000000000003,0.55,1150.1613510962504,0.053448284417172545,53224.37317665094,665304.6647081367
OBL00152,B,energy,west,487764.19431564526,3.6041557499009325,0,0.054,0.6000000000000001,15803.55989582691,0.1781126985598615,86876.99691043624,1085962.461380453
OBL00153,BBB,financials,east,1440095.1160652842,1.4911112946547669,1,0.0045000000000000005,0.35,2268.1498078028226,0.034109648735223645,49121.13855429797,614014.2319287246
OBL00154,BB,consumer,south,1409568.9192005568,2.8164071016392196,0,0.01575,0.55,12210.390762574823,0.10875352955738525,153295.59511744932,1916194.9389681167
OBL00155,B,technology,north,1796887.0412076134,1.401536410078784,1,0.03825,0.35,24055.82526416692,0.0773675064438344,139020.66973947256,1737758.371743407
OBL00156,CCC,consumer,east,5318260.911778132,4.54657993415945,0,0.126,0.55,368555.48118622456,0.2275195727785661,1210008.4505727082,15125105.632158851
OBL00157,BBB,industrials,east,4006246.8997411793,1.7831995548377093,0,0.005,0.55,11017.178974288245,0.05991285799067229,240025.7015797644,3000321.269747055
OBL00158,BB,industrials,north,1790053.072177776,3.1067445014565447,1,0.015,0.35,9397.778628933322,0.07054622104682418,126281.47971540008,1578518.496442501
OBL00159,BBB,industrials,north,687975.1558338442,4.278786421275291,1,0.005,0.35,1203.9565227092273,0.05618734516285148,38655.49754430274,483193.7193037843
OBL00160,BB,consumer,west,2285064.75661667,3.8199113920255803,0,0.01575,0.55,19794.373454191904,0.12133534706571593,277259.12531171937,3465739.066396492
OBL00161,CCC,financials,west,648347.8708425665,1.681668252098139,0,0.108,0.55,38511.86352804845,0.18499916558424304,119943.81511419537,1499297.688927442
OBL00162,BBB,financials,north,22633523.054932132,4.5628051958798395,0,0.0045000000000000005,0.55,56017.96956095704,0.08782682338365205,1987830.4318953413,24847880.398691766
OBL00163,BBB,technology,east,16798048.449169666,4.673207056386628,0,0.00425,0.55,39265.43824993409,0.08705319628366523,1462323.8088280852,18279047.610351063
OBL00164,B,real_estate,north,2906390.4411527715,1.1423901112302706,1,0.056249999999999994,0.3,49045.338694453014,0.07458993980812095,216787.48806448333,2709843.6008060416
OBL00165,B,industrials,east,1081803.7924536734,1.72613284824163,1,0.045,0.35,17038.409731145355,0.08429232292924663,91187.75461958874,1139846.9327448593
OBL00166,A,industrials,west,196234.28940911268,4.921326711349035,1,0.002,0.35,137.3640025863789,0.041242132334990925,8093.120532473533,101164.00665591916
OBL00167,A,real_estate,west,300846.6798638863,3.5593850595283683,0,0.0025,0.5,376.0583498298579,0.053272004298664306,16026.705622947837,200333.82028684797
OBL00168,A,financials,south,4488011.813090368,2.5889884109005434,0,0.0018000000000000002,0.55,4443.131694959466,0.04128818307585341,185301.85338546793,2316273.1673183492
OBL00169,A,financials,south,3470136.6906629717,3.4999231067587635,1,0.0018000000000000002,0.35,2186.186115117672,0.031345937094420816,108774.68641456314,1359683.5801820392
OBL00170,B,energy,east,3702709.3301271214,2.1415540854662782,1,0.054,0.39999999999999997,79978.52153074581,0.1063413858078256,393751.24140928366,4921890.517616046
OBL00171,A,energy,west,5028974.11120882,2.0940445677172166,0,0.0024,0.6000000000000001,7241.722720140701,0.047417123833639295,238459.48818735473,2980743.602341934
OBL00172,B,real_estate,south,766045.1539501497,1.96511330558805,1,0.056249999999999994,0.3,12927.011972908773,0.07981116727073508,61138.957918851396,764236.9739856424
OBL00173,BBB,consumer,north,1431427.7983437341,2.2599139286674856,0,0.00525,0.55,4133.247767717533,0.06682363910732647,95653.21460471659,1195665.1825589573
OBL00174,BB,industrials,south,1398528.7778598508,4.669706130045785,1,0.015,0.35,7342.276083764216,0.08302390122937063,116111.31511946867,1451391.4389933583
OBL00175,A,industrials,west,4535065.066828401,2.643441467081399,0,0.002,0.55,4988.571573511241,0.04421583403644875,200521.68433938094,2506521.0542422617
OBL00176,BBB,industrials,south,4412664.812774205,1.9168003387116705,1,0.005,0.35,7722.163422354857,0.039093255471009364,172505.4328337157,2156317.910421446
OBL00177,BB,financials,east,4489915.848243067,1.6387797860550855,1,0.0135,0.35,21214.85238294849,0.05670140483648939,254584.5361929998,3182306.7024124977
OBL00178,CCC,technology,south,4870155.475315544,3.8423954700856537,1,0.102,0.35,173864.55046876488,0.1306618238361876,636343.3967705241,7954292.459631551
OBL00179,A,real_estate,east,925957.16580065,1.522786732608012,1,0.0025,0.3,694.4678743504875,0.021239237009543145,19666.623705124843,245832.79631406054
OBL00180,BB,industrials,east,1867813.193353649,2.468062445187986,1,0.015,0.35,9806.019265106655,0.0654473943765601,122243.50668715835,1528043.8335894793
OBL00181,BB,industrials,west,11205056.861415831,1.572978443398394,0,0.015,0.55,92441.71910668061,0.0916168306707636,1026571.797128612,12832147.46410765
OBL00182,BBB,financials,north,7024900.339324803,2.2486613737357595,0,0.0045000000000000005,0.55,17386.62833982889,0.062041779075677005,435837.31488103786,5447966.436012973
OBL00183,B,real_estate,south,5089332.045222625,3.9991106181537863,1,0.056249999999999994,0.3,85882.4782631318,0.09271947312631694,471880.18579792284,5898502.322474035
OBL00184,BB,financials,south,1677521.8297062141,2.330257341560786,1,0.0135,0.35,7926.290645361862,0.06222145871707959,104377.85527406502,1304723.1909258128
OBL00185,CCC,technology,west,3106498.1189743597,2.528384374521161,1,0.102,0.35,110901.98284738463,0.12122731427952876,376592.42377766967,4707405.297220871
OBL00186,B,financials,south,460164.6919435695,1.0958178363727629,1,0.0405,0.35,6522.834508300098,0.07658450036808845,35241.4830195336,440518.53774417005
OBL00187,BB,real_estate,west,294902.59416927473,3.743397326035952,1,0.01875,0.3,1658.8270922021702,0.06860827488657069,20232.7582455284,252909.47806910498
OBL00188,CCC,consumer,east,1340466.8371587745,3.7230198099899843,1,0.126,0.35,59114.587518701956,0.13900427650444266,186330.622877454,2329132.785968175
OBL00189,BBB,financials,north,2746337.201526601,1.0796825859745467,1,0.0045000000000000005,0.35,4325.481092404397,0.031192372978059733,85664.77431353854,1070809.6789192318
OBL00190,CCC,consumer,south,2404924.3305211593,1.7761185973370819,0,0.126,0.55,166661.25610511634,0.19695999503632708,473673.88420218974,5920923.552527372
OBL00191,BBB,financials,south,7221277.003093782,4.460320503412003,0,0.0045000000000000005,0.55,17872.660582657114,0.08668490112675274,625975.6830220779,7824696.037775974
OBL00192,A,industrials,south,675248.9037066501,2.8930277650291,0,0.002,0.55,742.7737940773152,0.04647222000511394,31380.31561126744,392253.945140843
OBL00193,B,financials,north,4299673.576715476,4.951107029728388,1,0.0405,0.35,60947.87294994187,0.1056687106648123,454340.96313108626,5679262.039138578
OBL00194,BBB,healthcare,north,1484052.2696668515,4.9515932743406506,0,0.004,0.55,3264.9149932670734,0.08796882603084025,130550.33593099688,1631879.199137461
OBL00195,BBB,financials,south,1145434.1601345353,2.138024065131855,0,0.0045000000000000005,0.55,2834.9495463329754,0.06080901736174704,69652.7257303591,870659.0716294888
OBL00196,A,industrials,east,6284738.749797578,3.9923765693039037,1,0.002,0.35,4399.317124858305,0.03589783747463776,225608.53021079156,2820106.6276348946
OBL00197,B,consumer,north,616973.7757603469,3.5752046382451828,1,0.04725,0.35,10203.203816636737,0.0995528647267558,61421.506838225585,767768.8354778198
OBL00198,BB,technology,north,519264.1974851818,1.6565574070304403,0,0.01275,0.55,3641.3401848648377,0.08751161930097558,45441.65076694983,568020.6345868729
OBL00199,BBB,energy,south,1552316.749202062,3.6559379918309998,1,0.006,0.39999999999999997,3725.5601980849483,0.06352101752835933,98604.73943562995,1232559.2429453745
OBL00200,BBB,technology,north,826709.9875118809,4.930414953924847,0,0.00425,0.55,1932.4345958090219,0.08988542215330692,74309.1762258605,928864.7028232563
OBL00201,B,industrials,north,1345590.9777602945,4.2525940026783235,0,0.045,0.55,33303.37669956729,0.16220840478461765,218266.1659950713,2728327.0749383913
OBL00202,B,industrials,north,7001578.70301347,4.359463367957666,0,0.045,0.55,173289.0728995834,0.1634667898725044,1144525.594621305,14306569.93276631
OBL00203,BBB,technology,east,201155.95229094275,1.666036933013204,0,0.00425,0.55,470.2020384800787,0.05393996337227606,10850.344698688761,135629.3087336095
OBL00204,B,real_estate,north,1839570.4859342466,4.635733170913968,0,0.056249999999999994,0.5,51737.91991690068,0.1612660912997714,296660.34193703707,3708254.2742129634
OBL00205,A,real_estate,south,788682.0655499749,3.09586199646429,1,0.0025,0.3,591.5115491624812,0.029522463380243717,23283.83739885411,291047.96748567634
OBL00206,B,consumer,north,3531035.9820049508,4.275030827050029,0,0.04725,0.55,91762.79758235367,0.16465687073865415,581409.335262526,7267616.690781575
OBL00207,BB,healthcare,south,1878450.6690704103,2.258209115692211,0,0.012,0.55,12397.77441586471,0.09311703550744771,174915.7576508183,2186446.970635229
OBL00208,B,industrials,south,416608.91256729636,4.890745220206249,1,0.045,0.35,6561.5903729349175,0.10800530700257645,44995.97350184037,562449.6687730047
OBL00209,BBB,healthcare,south,1054884.306054338,4.592642505986801,1,0.004,0.35,1476.8380284760733,0.05349757150016376,56433.748587542585,705421.8573442823
OBL00210,BB,real_estate,south,253500.1116336989,4.050832930605582,0,0.01875,0.5,2376.563546565927,0.11783384424962294,29870.892671507303,373386.1583938413
OBL00211,A,real_estate,north,1798979.943793215,3.969375021810288,0,0.0025,0.5,2248.7249297415187,0.05687009413086025,102308.15874304982,1278851.9842881227
OBL00212,B,industrials,east,2845913.8265730096,3.266868525134774,1,0.045,0.35,44823.1427685249,0.09583732000094063,272744.75409237895,3409309.426154737
OBL00213,BB,industrials,north,5283913.36790979,1.4905959172406713,0,0.015,0.55,43592.28528525577,0.09058331924079094,478634.41144605534,5982930.143075692
OBL00214,B,real_estate,east,5595182.6751645915,2.5196946760380765,0,0.056249999999999994,0.5,157364.51273900413,0.13888448839621925,777084.0833236238,9713551.041545296
OBL00215,B,financials,north,337385.848398498,1.2807341244713348,1,0.0405,0.35,4782.44440104871,0.07797950446262367,26309.18127081675,328864.7658852094
OBL00216,A,industrials,south,10382780.219850674,1.1800342382984694,1,0.002,0.35,7267.946153895472,0.019718296738407647,204730.741344685,2559134.2668085624
OBL00217,BB,financials,east,705454.2701324676,2.9888587333440264,1,0.0135,0.35,3333.2714263759094,0.06747906272682422,47603.392945174775,595042.4118146847
OBL00218,BBB,consumer,east,3676290.9245119416,4.486262935742182,1,0.00525,0.35,6755.184573790692,0.05878020959375878,216093.15107044516,2701164.3883805647
OBL00219,BB,consumer,west,1980299.8289667908,2.97543629865785,0,0.01575,0.55,17154.347268424826,0.11074741872612455,219313.094361858,2741413.679523225
OBL00220,B,healthcare,east,5037088.673601682,2.9508650865956114,1,0.036,0.35,63467.317287381185,0.08759709080520722,441234.3139353674,5515428.924192092
OBL00221,BB,real_estate,east,1436770.6054832926,2.8600351640070407,1,0.01875,0.3,8081.8346558435205,0.06259718968507948,89937.80212538416,1124222.526567302
OBL00222,BB,consumer,north,1091965.1480747252,1.5239849226780975,1,0.01575,0.35,6019.457878761923,0.05889500521239469,64311.29308761428,803891.1635951785
OBL00223,B,technology,south,1013596.7369063521,4.018254759622726,0,0.03825,0.55,21323.541352667384,0.1527203196142898,154796.8176203393,1934960.2202542413
OBL00224,CCC,healthcare,west,2474009.1482544676,3.5323828080815645,1,0.096,0.35,83126.7073813501,0.12578194410402985,311185.6803986019,3889821.004982524
OBL00225,BBB,energy,east,1442165.146646592,4.142799394603513,0,0.006,0.6000000000000001,5191.794527927733,0.10151289165521295,146398.35428045978,1829979.4285057473
OBL00226,BB,healthcare,south,15856183.353747541,2.950087552534846,0,0.012,0.55,104650.81013473378,0.10177648855582523,1613786.6636417531,20172333.295521915
OBL00227,CCC,technology,north,1311340.0818675393,4.634850713092552,0,0.102,0.55,73566.17859276896,0.21426679707344248,280976.6392157835,3512207.990197294
OBL00228,BB,technology,south,1046367.5439766953,1.075071124684277,0,0.01275,0.55,7337.652402136576,0.0802229806110073,83942.72319242975,1049284.0399053718
OBL00229,CCC,technology,north,5207645.587679797,2.0999110049805716,1,0.102,0.35,185912.94748016872,0.11815090486917451,615288.038422332,7691100.48027915
OBL00230,B,real_estate,west,5564154.616352347,4.867674094451445,1,0.056249999999999994,0.3,93895.10915094583,0.09823161561430031,546575.8974920583,6832198.718650729
OBL00231,A,real_estate,east,1245000.361025519,1.4604499085412428,1,0.0025,0.3,933.7502707691392,0.020910994593659117,26034.195818508277,325427.44773135346
OBL00232,A,healthcare,south,1862791.6669766468,3.7888149763090513,1,0.0016,0.35,1043.163333506922,0.031053826261498572,57846.8087876601,723085.1098457512
OBL00233,A,technology,north,406040.9876597269,3.6928036887351796,0,0.0017,0.55,379.64832346184465,0.04949441103055182,20096.75953848174,251209.49423102173
OBL00234,CCC,industrials,west,3257544.829524623,1.413289642782392,0,0.12,0.55,214997.95874862515,0.18949972396854486,617303.8460100766,7716298.075125957
OBL00235,CCC,real_estate,east,780640.3720385527,2.8438393210560617,0,0.15,0.5,58548.027902891445,0.20026884836616954,156337.9482962991,1954224.3537037387
OBL00236,BB,healthcare,south,680033.1254333633,4.5124233254694355,1,0.012,0.35,2856.1391268201255,0.07721029463547256,52505.55797659125,656319.4747073906
OBL00237,B,technology,north,1367968.181403036,4.895749643487246,0,0.03825,0.55,28778.63061626637,0.1631638035298905,223202.89158558656,2790036.144819832
OBL00238,BB,consumer,west,1252677.1331113202,2.96360442702201,0,0.01575,0.55,10851.31566557681,0.11059907212598513,138544.92859555117,1731811.6074443897
OBL00239,BBB,technology,east,1300324.3433864682,4.1375140359555935,1,0.00425,0.35,1934.2324607873716,0.05164374214387964,67153.61509326036,839420.1886657545
OBL00240,BBB,industrials,west,3918951.939228159,2.008234115260838,0,0.005,0.55,10777.117832877439,0.0624721068042254,244825.1841080878,3060314.8013510974
OBL00241,B,technology,east,2045051.7836345772,4.8039360517709255,1,0.03825,0.35,27378.1307534079,0.10313614583482686,210918.75899670852,2636484.4874588563
OBL00242,BB,financials,south,3434700.152638209,4.821129437222954,0,0.0135,0.55,25502.648633338704,0.12902379195986566,443158.0379385111,5539475.474231389
OBL00243,BB,consumer,north,4466019.502114609,2.7768576917381593,0,0.01575,0.55,38686.8939370678,0.10825766375720444,483480.8375930409,6043510.469913011
OBL00244,CCC,technology,south,10134983.953408478,4.354085603977973,0,0.102,0.55,568572.5997862157,0.21109899471245003,2139484.923991342,26743561.549891777
OBL00245,A,healthcare,west,4899108.53870262,3.1825918306926027,0,0.0016,0.55,4311.215514058306,0.04369228018682256,214053.2229386497,2675665.286733121
OBL00246,BBB,financials,east,10527697.14895337,2.084525407598841,1,0.0045000000000000005,0.35,16581.12300960156,0.038317309914736024,403393.03434492915,5042412.9293116145
OBL00247,A,technology,east,716791.8939113151,2.5067515320720153,1,0.0017,0.35,426.4911768772325,0.02501237746476293,17928.669414192118,224108.36767740146
OBL00248,BBB,consumer,east,6741256.70882232,4.215872263084561,0,0.00525,0.55,19465.37874672445,0.08926642203789614,601767.866435532,7522098.33044415
OBL00249,BBB,real_estate,east,387447.14987895836,4.824866929835089,1,0.00625,0.3,726.4634060230469,0.055922430360276214,21666.98625739355,270837.3282174194
OBL00250,CCC,real_estate,south,4880842.669844829,3.024754915385161,1,0.15,0.3,219637.92014301728,0.12121899358607853,591650.8362905787,7395635.453632234
OBL00251,BB,financials,south,1205676.307973569,1.3443376841547292,1,0.0135,0.35,5696.820555175113,0.054350878410486254,65529.56641707543,819119.5802134429
OBL00252,B,consumer,south,569894.3509898504,3.8773616177975345,1,0.04725,0.35,9424.62782949465,0.10181044308559109,58021.196386252035,725264.9548281505
OBL00253,A,healthcare,south,2833119.7273948495,1.1709354229774736,0,0.0016,0.55,2493.145360107468,0.0267468635186254,75777.06668055523,947213.3335069404
OBL00254,CCC,consumer,north,3363704.392063812,4.191035726239334,1,0.126,0.35,148339.3636900141,0.14228947210804896,478619.72227428557,5982746.528428569
OBL00255,CCC,industrials,east,1685330.90411563,3.617265139759206,0,0.12,0.55,111231.83967163159,0.21396349306007953,360599.2872066822,4507491.090083527
OBL00256,BB,industrials,south,2666347.968963339,1.8082989410028225,1,0.015,0.35,13998.326837057528,0.060180266987918285,160461.5326549074,2005769.1581863426
OBL00257,BBB,energy,south,429491.35166061955,1.8787759080617006,0,0.006,0.6000000000000001,1546.1688659782308,0.07253553289566274,31153.384066781524,389417.30083476903
OBL00258,CCC,financials,north,1032705.2814320397,4.751190623045263,1,0.108,0.35,39036.2596381311,0.13965509731894718,144222.55658018225,1802781.9572522782
OBL00259,CCC,healthcare,west,2581279.1596666444,3.3836919428765944,1,0.096,0.35,86730.97976479925,0.12470940877344627,321909.79788124544,4023872.473515568
OBL00260,BB,financials,west,2952378.492647733,2.991560178550246,0,0.0135,0.55,21921.41030790942,0.10607241593015956,313165.91945538786,3914573.993192348
OBL00261,B,industrials,south,2179167.1904967334,3.243848264473116,1,0.045,0.35,34321.88325032355,0.09566482523372373,208469.64843393475,2605870.6054241844
OBL00262,BBB,financials,west,2941264.6915912023,4.412496255636089,0,0.0045000000000000005,0.55,7279.630111688228,0.08615202571248615,253395.9113371929,3167448.8917149114
OBL00263,BBB,industrials,south,7748878.188715569,4.828996948512296,0,0.005,0.55,21309.415018967815,0.09455177457054405,732670.1836740401,9158377.295925502
OBL00264,CCC,financials,east,2289728.13913162,2.39324271113262,1,0.108,0.35,86551.72365917524,0.1228101572887873,281201.8729153165,3515023.411441456
OBL00265,A,healthcare,east,36409465.82567139,3.7305659792011885,1,0.0016,0.35,20389.300862375978,0.030741583589738917,1119284.6371376195,13991057.964220244
OBL00266,BB,technology,south,2363053.9089448354,1.2878032506967774,1,0.01275,0.35,10545.128068666327,0.052747845204851235,124646.0017997408,1558075.02249676
OBL00267,BBB,financials,south,2010956.0378610229,2.8116879181133805,0,0.0045000000000000005,0.55,4977.116193706033,0.06831522857109007,137378.92137288942,1717236.5171611179
OBL00268,BB,real_estate,south,2458403.09242262,2.7166675442498773,1,0.01875,0.3,13828.517394877237,0.0616216045688731,151490.74323216148,1893634.2904020185
OBL00269,B,technology,west,1615884.8472978326,1.2997048895095973,1,0.03825,0.35,21632.65839319973,0.07659626849164641,123770.74961520785,1547134.3701900982
OBL00270,BBB,technology,south,1784404.0292132949,1.4667142862351077,1,0.00425,0.35,2654.3009934547763,0.03292872334768361,58758.14661845653,734476.8327307067
OBL00271,BB,consumer,north,1705032.9347191292,1.088395091106908,1,0.01575,0.35,9398.9940526392,0.0554195856929514,94492.2188349712,1181152.7354371399
OBL00272,BB,technology,west,828533.2034793023,3.800903207027727,0,0.01275,0.55,5810.089089398608,0.11438991761520285,94775.8448874575,1184698.0610932186
OBL00273,B,real_estate,west,4176952.0822269907,4.362387708630859,1,0.056249999999999994,0.3,70486.06638758046,0.09502492936523829,396914.5765756048,4961432.20719506
OBL00274,B,consumer,west,2009106.4356355711,2.138595723252274,0,0.04725,0.55,52211.65349607941,0.13957300005476128,280417.0126509848,3505212.6581373103
OBL00275,B,technology,east,2134123.10371578,1.5091984483715608,1,0.03825,0.35,28570.573050995004,0.07818290279142101,166851.93916273655,2085649.239534207
OBL00276,BBB,industrials,west,1906061.587445223,1.0995617774218744,1,0.005,0.35,3335.60777802914,0.03317876284573646,63240.76537921302,790509.5672401628
OBL00277,BBB,technology,west,2314193.9350182917,3.0104996726460698,1,0.00425,0.35,3442.363478339709,0.04374644658844608,101237.76137358355,1265472.0171697943
OBL00278,BB,consumer,south,3312287.447637167,2.213363130371328,1,0.01575,0.35,18258.984555099883,0.06439531377252306,213295.78949538487,2666197.368692311
OBL00279,BBB,industrials,east,2054772.949642729,4.52516663942399,0,0.005,0.55,5650.625611517506,0.09109640595252529,187182.43076092185,2339780.384511523
OBL00280,BBB,financials,north,657948.6301449221,1.543409858631509,1,0.0045000000000000005,0.35,1036.2690924782523,0.03448047685101859,22686.38251087138,283579.78138589225
OBL00281,A,consumer,south,1689984.977103066,4.755939945581034,1,0.0021000000000000003,0.35,1242.1389581707535,0.04121721482504106,69656.47385234917,870705.9231543646
OBL00282,BBB,financials,north,668509.966419631,4.065646106235245,0,0.0045000000000000005,0.55,1654.5621668885872,0.08228729337176142,55009.87572871856,687623.4466089819
OBL00283,BBB,real_estate,south,1513819.4142908896,4.318563288144455,0,0.00625,0.5,4730.68566965903,0.08777026766605044,132868.33519037507,1660854.1898796884
OBL00284,A,energy,north,1412178.65318121,2.886942143684302,0,0.0024,0.6000000000000001,2033.5372605809425,0.055671059017460826,78617.48114444948,982718.5143056186
OBL00285,BBB,technology,west,2590916.6852378882,1.954952226832265,0,0.00425,0.55,6056.267751743564,0.057121332906887194,147996.61451148207,1849957.6813935258
OBL00286,A,consumer,south,3795731.39747264,1.944238405063607,1,0.0021000000000000003,0.35,2789.862577142391,0.024800123554699197,94134.60763777253,1176682.5954721565
OBL00287,CCC,financials,south,571124.7633471162,2.3394997316245054,0,0.108,0.55,33924.8109428187,0.1923840645728017,109875.30335089768,1373441.291886221
OBL00288,CCC,financials,north,13651130.658096522,1.964128791887667,0,0.108,0.55,810877.1610909335,0.18817010315643293,2568734.6641359664,32109183.30169958
OBL00289,CCC,financials,west,1570774.7947178467,3.336935885411082,1,0.108,0.35,59375.287240334605,0.12955180533252955,203496.71042653054,2543708.8803316317
OBL00290,BB,technology,north,5456009.494714531,1.8349236099268347,1,0.01275,0.35,24347.442370163593,0.05711195008198011,311603.3419089458,3895041.7738618227
OBL00291,BBB,real_estate,west,2459345.6258261814,4.1589878276293835,0,0.00625,0.5,7685.455080706817,0.0860576621410299,211645.53495536925,2645569.1869421154
OBL00292,CCC,energy,north,886332.8181257709,1.12943719476245,1,0.144,0.39999999999999997,51052.770324044395,0.1448403043294208,128376.71511448984,1604708.938931123
OBL00293,BBB,industrials,west,128506.62573044989,3.6616487676878333,1,0.005,0.35,224.88659502828727,0.05172101638957309,6646.493295573334,83081.16619466667
OBL00294,BBB,financials,north,1924585.205583731,2.196293801999267,0,0.0045000000000000005,0.55,4763.348383819735,0.06145828026950711,118281.69696731189,1478521.2120913987
OBL00295,CCC,consumer,east,1143805.473022055,4.655312085393707,1,0.126,0.35,50441.82136027263,0.1455484182271798,166479.0773579513,2080988.4669743911
OBL00296,BBB,real_estate,east,2325154.762126524,2.2377008710858957,1,0.00625,0.3,4359.665178987232,0.03926274519794132,91291.95897115357,1141149.4871394197
OBL00297,B,industrials,west,15816978.386547197,4.756841974852467,1,0.045,0.35,249117.40958811835,0.10700194698522614,1692447.4827837907,21155593.534797385
OBL00298,B,consumer,south,2440765.271972477,1.260791428621018,1,0.04725,0.35,40364.15568524484,0.08226063079196183,200778.89088757022,2509736.136094628
OBL00299,CCC,real_estate,east,1216788.6057280325,2.0709068063632494,0,0.15,0.5,91259.14542960243,0.1927375389483435,234520.84128840725,2931510.5161050907
OBL00300,A,real_estate,north,1637954.4778219045,3.0940591568356006,0,0.0025,0.5,2047.4430972773807,0.049188283834344836,80568.16976283993,1007102.1220354991
OBL00301,B,financials,west,1180116.8423669916,2.591086539564621,1,0.0405,0.35,16728.156240552107,0.08786477202415305,103690.69731643908,1296133.7164554885
OBL00302,BBB,industrials,north,1248992.052961568,1.2340575278096937,1,0.005,0.35,2185.736092682744,0.03415213116372657,42655.74041519559,533196.7551899449
OBL00303,BB,technology,north,2972182.516151477,4.544412044536017,0,0.01275,0.55,20842.429894512235,0.12370942771186612,367686.9981283135,4596087.476603919
OBL00304,CCC,technology,east,1453335.2251286418,4.9030156313040845,0,0.102,0.55,81532.1061297168,0.21729243463832656,315798.74941384303,3947484.367673038
OBL00305,B,healthcare,east,1478581.6076494786,2.8573541041644033,0,0.036,0.55,29275.91583145968,0.13653482643801035,201877.88317485587,2523473.539685698
OBL00306,BB,consumer,east,1580322.1558841295,4.197184691313966,1,0.01575,0.35,8711.525884311264,0.08022353490230327,126779.02962945361,1584737.87036817
OBL00307,B,industrials,east,771340.6318862657,3.452863381051654,0,0.045,0.55,19090.680639185077,0.1527915893487734,117854.3610751897,1473179.5134398714
OBL00308,A,technology,north,12982334.429218305,3.590847820279454,1,0.0017,0.35,7724.488985384891,0.03093905763228149,401661.1931071374,5020764.913839217
OBL00309,B,consumer,south,3254159.374841974,1.7399976708880787,1,0.04725,0.35,53815.66066144915,0.08584104003342188,279340.425170945,3491755.3146368125
OBL00310,B,technology,east,22458724.554973185,4.367970113979299,1,0.03825,0.35,300666.1749797035,0.09983428531848815,2242150.7151105287,28026883.93888161
OBL00311,A,financials,north,492866.97247194266,1.714690375826882,0,0.0018000000000000002,0.55,487.93830274722336,0.03363899715442742,16579.550684494938,207244.38355618672
OBL00312,CCC,consumer,south,7092040.443141424,3.0965566269588694,1,0.126,0.35,312758.9835425368,0.13460687457160214,954637.3983866674,11932967.479833342
OBL00313,B,consumer,south,2320584.3757469896,4.254006101415536,0,0.04725,0.55,60306.1864647249,0.16441001957147267,381527.3226338162,4769091.532922703
OBL00314,CCC,energy,west,17785003.83222396,1.726430922987452,1,0.144,0.39999999999999997,1024416.2207360999,0.14952981737195623,2659388.37499199,33242354.687399875
OBL00315,BBB,healthcare,east,1006065.0235950323,1.3174085984180204,0,0.004,0.55,2213.343051909071,0.048471122725913994,48765.101228924366,609563.7653615546
OBL00316,B,financials,west,6166470.699886643,3.1218156437791813,0,0.0405,0.55,137358.134839975,0.14436491112532043,890221.9945460277,11127774.931825347
OBL00317,BB,consumer,west,442728.65944240434,2.087222567353095,1,0.01575,0.35,2440.541735176254,0.06338888216385616,28064.074823956573,350800.93529945717
OBL00318,A,energy,south,3877009.2195959226,2.9196814979829386,0,0.0024,0.6000000000000001,5582.893276218129,0.05601187038645956,217158.53789511553,2714481.7236889442
OBL00319,B,real_estate,north,483817.4353134811,2.8750575946608037,1,0.056249999999999994,0.3,8164.419220914992,0.08558592376737695,41407.96213606742,517599.5267008428
OBL00320,A,financials,east,2197695.705011718,2.4649769206489047,1,0.0018000000000000002,0.35,1384.5482941573823,0.025583863007500585,56225.54584919221,702819.3231149026
OBL00321,CCC,consumer,east,7083641.689530816,4.357120680093024,1,0.126,0.35,312388.598508309,0.14345529049430786,1016185.8763292329,12702323.454115411
OBL00322,B,industrials,west,1711050.56779842,1.5288773176486408,1,0.045,0.35,26949.046442825118,0.08281425335688257,141699.37522809615,1771242.190351202
OBL00323,B,healthcare,south,2188524.849030305,4.913111080227376,1,0.036,0.35,27575.413097781842,0.10252293331632961,224373.9871582643,2804674.8394783037
OBL00324,BB,technology,north,604648.8950547879,4.877253879746254,1,0.01275,0.35,2698.2456941819905,0.0813790937631987,49205.779124478075,615072.2390559759
OBL00325,CCC,real_estate,south,4723766.863209772,4.798334095415964,0,0.15,0.5,354282.5147407329,0.21931307877621867,1035983.8541916161,12949798.1773952
OBL00326,BBB,healthcare,north,20349825.079540655,1.8052329817628694,1,0.004,0.35,28489.755111356917,0.03421917159470836,696354.1563191013,8704426.953988766
OBL00327,B,industrials,north,363243.87278895255,2.181976094793188,1,0.045,0.35,5721.090996426003,0.08770803467365261,31859.406189565307,398242.5773695663
OBL00328,BBB,financials,north,1214878.8788298736,4.669663524153236,1,0.0045000000000000005,0.35,1913.434234157051,0.05664748619372321,68819.83451556119,860247.9314445149
OBL00329,A,financials,east,3823544.170882757,4.57107744928918,0,0.0018000000000000002,0.55,3785.3087291739303,0.05862937218898893,224171.99427572422,2802149.9284465527
OBL00330,BB,healthcare,north,165378.4082562586,1.8628746202362416,0,0.012,0.55,1091.497494491307,0.0881690846543651,14581.262877550218,182265.78596937773
OBL00331,BB,healthcare,south,12856338.352254553,4.695479171085084,0,0.012,0.55,84851.83312488005,0.12362156417465839,1589320.656664358,19866508.208304476
OBL00332,CCC,financials,west,913474.2828896996,2.8388882244904634,0,0.108,0.55,54260.37240364816,0.19799026265033803,180859.0131936608,2260737.66492076
OBL00333,BB,real_estate,south,12256148.110969305,2.3755732576942137,0,0.01875,0.5,114901.38854033723,0.09883422163096146,1211326.8587414299,15141585.734267874
OBL00334,B,technology,south,6807733.282453439,2.111572002048156,0,0.03825,0.55,143217.68892961423,0.13002798137160032,885195.8164336793,11064947.705420991
OBL00335,B,energy,north,1621692.2237579578,2.5893599318438087,0,0.054,0.6000000000000001,52542.82804975784,0.1652070444134595,267914.9792353428,3348937.240441785
OBL00336,BBB,consumer,south,3775933.9231363856,4.891993587735149,0,0.00525,0.55,10903.009203056316,0.09702427856114597,366357.2647868654,4579465.809835818
OBL00337,CCC,industrials,east,6954272.204124161,3.0389899478883486,1,0.12,0.35,292079.43257321476,0.1320739207482516,918477.9959492635,11480974.949365793
OBL00338,BB,consumer,north,1302179.166164283,4.80414669367595,1,0.01575,0.35,7178.2626534806095,0.08506627327147126,110771.52879734748,1384644.1099668434
OBL00339,BB,real_estate,south,1006612.2028451809,4.212260021659624,1,0.01875,0.3,5662.193641004143,0.07179878239565562,72273.5305088927,903419.1313611587
OBL00340,BBB,real_estate,south,9706811.787886376,1.0295649953484993,1,0.00625,0.3,18200.272102286952,0.03148312732028657,305600.79139208526,3820009.8924010657
OBL00341,BBB,healthcare,west,559496.4136283797,2.769409340768971,0,0.004,0.55,1230.8921099824354,0.06425201985529573,35948.77467741741,449359.6834677176
OBL00342,A,technology,south,1315828.127429769,1.7786592408882411,1,0.0017,0.35,782.9177358207124,0.021031946769425717,27674.427133816018,345930.33917270025
OBL00343,CCC,energy,north,5161636.3491097065,2.3576294687110373,0,0.144,0.6000000000000001,445965.3805630787,0.23173202482504449,1196116.4425897426,14951455.532371782
OBL00344,B,consumer,north,6760255.291866466,4.433167586450153,0,0.04725,0.55,175682.13439737982,0.16651355340414276,1125674.1305678454,14070926.632098068
OBL00345,BB,consumer,south,4866735.2916323505,1.064800770344899,1,0.01575,0.35,26827.878295123333,0.05523133482715751,268796.2864072904,3359953.5800911295
OBL00346,BB,financials,south,1271552.0839787573,1.6038198971351054,1,0.0135,0.35,6008.083596799628,0.05642232062188086,71743.91936967021,896798.9921208776
OBL00347,BB,financials,north,1679277.4048581838,3.8769292377711757,0,0.0135,0.55,12468.634731072016,0.11717909478744888,196776.20619829829,2459702.5774787287
OBL00348,BB,healthcare,east,6036215.058153561,1.2804187630232167,1,0.012,0.35,25352.103244244958,0.05146854948958567,310675.23345035885,3883440.4181294856
OBL00349,BBB,technology,north,3112681.2087356807,3.502866936939111,0,0.00425,0.55,7275.892325419654,0.07416608202977164,230855.36985961924,2885692.1232452407
OBL00350,BBB,real_estate,north,2336373.312423126,1.8295829381220123,0,0.00625,0.5,7301.166601322268,0.06105788040201114,142654.00228438183,1783175.028554773
OBL00351,B,consumer,north,1361229.3821104807,4.603596060170547,1,0.04725,0.35,22511.330906652074,0.10723653373215203,145973.52055188702,1824669.0068985878
OBL00352,BBB,financials,south,3504047.5714731645,2.670494602770667,0,0.0045000000000000005,0.55,8672.517739396084,0.06674200055593213,233867.14496327456,2923339.312040932
OBL00353,A,industrials,south,2927198.790860436,1.3528927077550978,1,0.002,0.35,2049.0391536023053,0.020712759829668675,60630.36552878875,757879.5691098594
OBL00354,B,financials,south,6089977.758734927,1.5139555043311428,1,0.0405,0.35,86325.43473006759,0.07973892102447978,485608.2555446027,6070103.194307534
OBL00355,A,energy,north,1677910.9498651444,1.1635123657582396,1,0.0024,0.39999999999999997,1610.7945118705384,0.025153623008711254,42205.539475096455,527569.2434387057
OBL00356,CCC,consumer,east,3936035.6731286687,4.573735924978734,0,0.126,0.55,272767.2721478167,0.227819116974177,896704.1714310338,11208802.142887922
OBL00357,B,consumer,south,2614397.012939046,1.4877854097574188,0,0.04725,0.55,67941.64237375346,0.13193184038909694,344922.20942480606,4311527.617810076
OBL00358,CCC,healthcare,east,4396512.346721651,3.9447671211860365,0,0.096,0.55,232135.8519069032,0.20233172165333427,889553.9123823325,11119423.904779157
OBL00359,A,financials,south,1294897.8785217218,2.2894114023399648,0,0.0018000000000000002,0.55,1281.948899736505,0.03866720013372496,50070.075421535286,625875.9427691911
OBL00360,CCC,healthcare,east,889442.0335900534,2.4524940249692677,1,0.096,0.35,29885.252328625793,0.11799250208691436,104947.49100456374,1311843.6375570467
OBL00361,BBB,healthcare,south,1701385.249492804,1.8799445860422996,0,0.004,0.55,3743.047548884169,0.054584978107213966,92870.07659550148,1160875.9574437684
OBL00362,B,industrials,north,1758235.5388978173,2.809528166039225,1,0.045,0.35,27692.209737640624,0.09241039013509071,162479.23209892874,2030990.4012366093
OBL00363,BB,energy,north,1092120.9059752773,3.7374939303979033,1,0.018,0.39999999999999997,7863.270523021995,0.09050835706957766,98846.06892116104,1235575.8615145131
OBL00364,A,energy,north,3880841.1156726787,4.065150436807168,0,0.0024,0.6000000000000001,5588.411206568658,0.0679360162821061,263648.8852226059,3295611.065282574
OBL00365,BBB,technology,east,6125475.391390166,4.671351840428571,0,0.00425,0.55,14318.298727374515,0.08703276770942443,533117.076848656,6663963.460608201
OBL00366,B,industrials,south,1277706.6814592045,3.327584339600411,0,0.045,0.55,31623.240366115315,0.15131643061479091,193338.01441107647,2416725.1801384557
OBL00367,BBB,healthcare,north,1557635.3583543974,3.9725353210435923,0,0.004,0.55,3426.7977883796743,0.07732805127498994,120448.90685856617,1505611.3357320772
OBL00368,BB,industrials,south,846176.4360040519,2.0682819925848426,1,0.015,0.35,4442.426289021272,0.06225580442350523,52679.39470764695,658492.4338455868
OBL00369,CCC,consumer,south,200149.09522598083,4.385539142152152,1,0.126,0.35,8826.575099465754,0.14365477133112656,28752.37250682015,359404.6563352519
OBL00370,B,real_estate,west,2566164.077510134,2.134382952162875,0,0.056249999999999994,0.5,72173.36467997251,0.13480899826749942,345942.0086791829,4324275.108489786
OBL00371,CCC,consumer,east,340875.8615367903,1.7565936468437244,1,0.126,0.35,15032.625493772453,0.1252011250266996,42678.04135885163,533475.5169856454
OBL00372,CCC,technology,east,1260319.4351241214,4.178934535602607,0,0.102,0.55,70703.92031046322,0.20912280910420408,263561.54064177995,3294519.258022249
OBL00373,BBB,industrials,north,1264803.2361050532,1.9138943702896825,1,0.005,0.35,2213.405663183843,0.039072224489830505,49418.675976560735,617733.4497070091
OBL00374,BB,real_estate,north,341000.793370759,4.190898145884772,1,0.01875,0.3,1918.1294627105192,0.07165341952992975,24433.87290743388,305423.41134292353
OBL00375,BB,consumer,south,561027.722616656,3.0557596964522,1,0.01575,0.35,3092.6653209243163,0.07111650250713883,39898.3294420418,498729.1180255225
OBL00376,BB,financials,west,2338034.3955495073,4.878074125374948,0,0.0135,0.55,17359.90538695509,0.1297381453217159,303332.24617697217,3791653.077212152
OBL00377,B,technology,west,880160.6406275809,4.13271559569896,1,0.03825,0.35,11783.150576401738,0.09805254610937726,86301.9917987949,1078774.8974849363
OBL00378,BB,financials,north,289747.1076124236,1.0411049287419765,1,0.0135,0.35,1369.0550834687015,0.05193017634299243,15046.618393185161,188082.72991481452
OBL00379,BB,financials,west,7143500.765372808,3.7271442512633373,1,0.0135,0.35,33753.04111638652,0.07337278379661887,524138.5372086804,6551731.715108505
OBL00380,A,consumer,east,437743.90639449155,2.447785531043923,0,0.0021000000000000003,0.55,505.59421188563783,0.04359183320467694,19082.05935391239,238525.7419239049
OBL00381,B,consumer,east,1636795.1788145802,3.7799390460173177,1,0.04725,0.35,27068.50026964612,0.10108254631471741,165451.42447023097,2068142.8058778872
OBL00382,CCC,energy,west,4559370.586947932,1.731030627109917,1,0.144,0.39999999999999997,262619.74580820085,0.14956594902871292,681926.5888104673,8524082.36013084
OBL00383,B,technology,west,2740487.9590549823,4.602406334610971,1,0.03825,0.35,36688.28255184857,0.10160982701430148,278460.50745435286,3480756.343179411
OBL00384,BB,energy,south,5862051.892025074,4.946760903544223,1,0.018,0.39999999999999997,42206.77362258053,0.10149708620362485,594981.1862149911,7437264.827687389
OBL00385,BB,technology,east,349159.47857361747,2.6862252606404264,0,0.01275,0.55,2448.4808434974925,0.10041798903571442,35061.892691121284,438273.65863901604
OBL00386,BB,technology,west,2909449.6485719746,4.000529972395137,1,0.01275,0.35,12983.419056752435,0.07438590658707013,216422.04977845892,2705275.6222307365
OBL00387,BB,energy,west,4742221.215951098,1.507430168911419,1,0.018,0.39999999999999997,34143.9927548479,0.0702435460966377,333110.4345831142,4163880.432288928
OBL00388,BB,healthcare,west,3498815.31097201,1.5322035669404497,1,0.012,0.35,14695.02430608244,0.05347392421255294,187095.3847726371,2338692.309657964
OBL00389,BB,energy,west,942808.3764921987,2.0144727155259408,0,0.018,0.6000000000000001,10182.330466115745,0.11227663814387993,105855.3549264335,1323191.9365804188
OBL00390,B,industrials,east,30516953.579755854,1.3518578166719815,0,0.045,0.55,755294.6010989575,0.12805228201900964,3907765.5461559226,48847069.32694903
OBL00391,BB,technology,south,16209628.362341251,2.338926103451789,1,0.01275,0.35,72335.46656694783,0.061132125355977715,990929.0330204571,12386612.912755715
OBL00392,BB,consumer,north,625522.5516726255,2.063164970013688,0,0.01575,0.55,5418.589103864118,0.0993094692474392,62120.3126089123,776503.9076114038
OBL00393,BB,energy,north,2469205.0862399032,2.9735715922930996,1,0.018,0.39999999999999997,17778.2766209273,0.08356651888223307,206342.87346337282,2579285.91829216
OBL00394,BB,financials,south,823476.677183975,4.062439549944287,1,0.0135,0.35,3890.927299694282,0.07604944061633853,62624.94066044248,782811.758255531
OBL00395,B,technology,south,3841649.444142903,1.6243724367285437,1,0.03825,0.35,51430.08193346311,0.07905519214180357,303702.33494817006,3796279.186852126
OBL00396,CCC,technology,east,3323689.32941218,1.568776731143747,1,0.102,0.35,118655.70906001481,0.11433739720603725,380021.987046468,4750274.83808085
OBL00397,BBB,consumer,east,637251.8127506304,1.7965974654243642,1,0.00525,0.35,1170.9502059292834,0.039141148004904876,24942.767519266352,311784.5939908294
OBL00398,A,industrials,west,1033912.8975537712,2.516748329475558,0,0.002,0.55,1137.3041873091483,0.04307046419695584,44531.10843686057,556638.8554607572
OBL00399,BBB,real_estate,east,1297768.4246897132,2.2077051637140865,0,0.00625,0.5,4055.526327155354,0.06511598689653002,84505.47173682577,1056318.3967103222
OBL00400,CCC,technology,east,25491474.32279131,3.7254808148088867,0,0.102,0.55,1430071.7095085925,0.20400660441673005,5200429.1181689175,65005363.977111466
OBL00401,BBB,healthcare,west,2771033.882847701,4.900557398561111,0,0.004,0.55,6096.274542264943,0.08741414869349895,242227.5678699727,3027844.5983746587
OBL00402,BBB,healthcare,south,6969151.103050018,3.722423975249925,0,0.004,0.55,15332.13242671004,0.0746097459024524,519966.5929543577,6499582.411929471
OBL00403,BB,industrials,west,3937972.393903115,2.5502206004813517,1,0.015,0.35,20674.35506799135,0.0661032922357186,260312.93997036997,3253911.7496296247
OBL00404,BB,healthcare,north,6952785.528396816,4.391794517619999,0,0.012,0.55,45888.38448741899,0.11982068983292513,833087.5582728853,10413594.478411065
OBL00405,BB,healthcare,west,4614606.10993087,4.929175266565946,0,0.012,0.55,30456.400325543746,0.12654647158417484,583962.1209625264,7299526.51203158
OBL00406,B,industrials,north,1296131.9367055842,2.6666714429835956,1,0.045,0.35,20414.07800311295,0.09133994017142481,118388.61355296103,1479857.669412013
OBL00407,BB,industrials,west,5987988.703873776,4.370091255530938,0,0.015,0.55,49400.90680695865,0.1267073795661371,758722.3575394758,9484029.469243446
OBL00408,BB,financials,south,2060066.3821024306,1.743989393138559,1,0.0135,0.35,9733.813655433985,0.05754129138845674,118538.87997211982,1481735.9996514977
OBL00409,A,healthcare,east,1399578.2285864952,4.35753553163825,1,0.0016,0.35,783.7638080084372,0.03410244228061718,47729.03575757939,596612.9469697424
OBL00410,BB,consumer,west,1633632.8896613768,3.503059596586626,0,0.01575,0.55,14151.344906691676,0.11736269691803698,191727.56170466513,2396594.521308314
OBL00411,BBB,consumer,west,1535343.2117418898,3.459807208853834,1,0.00525,0.35,2821.1931515757224,0.051285364059600186,78740.63557061863,984257.9446327329
OBL00412,BBB,consumer,south,2599750.488793683,1.8145990098277864,0,0.00525,0.55,7506.779536391759,0.06171406909072276,160441.1812840536,2005514.76605067
OBL00413,BBB,real_estate,east,263445.8691594641,2.3569347468080677,1,0.00625,0.3,493.96100467399515,0.04003053465756986,10545.87899578154,131823.48744726926
OBL00414,BB,energy,south,5072697.344584829,2.7139876383274006,1,0.018,0.39999999999999997,36523.42088101077,0.08120765370107931,411941.8492894294,5149273.116117867
OBL00415,A,healthcare,east,2083983.955521089,3.978082286412481,1,0.0016,0.35,1167.0310150918096,0.03206839017706307,66830.01060838952,835375.1326048691
OBL00416,B,technology,west,646351.3069612047,2.1154832949496454,1,0.03825,0.35,8653.028121943127,0.08277470188176064,53501.53674460008,668769.209307501
OBL00417,CCC,technology,north,6052926.481177305,3.3314485440902724,1,0.102,0.35,216089.47537802975,0.12699325994618635,768680.8660593046,9608510.825741308
OBL00418,BB,technology,south,2016325.6840739741,4.609319169070089,0,0.01275,0.55,14139.483859568745,0.12452300593975628,251078.93513442663,3138486.6891803327
OBL00419,BB,technology,east,8940357.64384609,3.8237906718840873,1,0.01275,0.35,39896.345985663174,0.07297614577241858,652432.842674869,8155410.5334358625
OBL00420,BB,consumer,west,2658036.56700278,2.327383729016249,1,0.01575,0.35,14652.426575602824,0.06530504440769377,173583.19604539045,2169789.9505673805
OBL00421,CCC,financials,south,2997977.5694455407,1.7174466481058381,1,0.108,0.35,113323.55212504143,0.11798233895709635,353708.40578409564,4421355.072301196
OBL00422,BB,consumer,west,2761072.5177292963,4.994745708707864,1,0.01575,0.35,15220.412253982746,0.08658699641332981,239072.9761895701,2988412.202369626
OBL00423,BBB,consumer,south,5587708.510057011,3.6824590180950167,1,0.00525,0.35,10267.414387229757,0.05291109508184536,295651.776265263,3695647.203315787
OBL00424,BB,technology,south,395340.44779090193,2.7915095530564917,1,0.01275,0.35,1764.2067482668997,0.06474215668895025,25595.19321635833,319939.9152044791
OBL00425,B,industrials,south,3743399.1897948375,3.272455910510913,0,0.045,0.55,92649.12994742223,0.15066729423315792,564007.8271609837,7050097.839512296
OBL00426,B,consumer,east,4994187.5830304315,1.086786634995792,1,0.04725,0.35,82591.37715436576,0.08096054678594651,404332.15747372835,5054151.9684216045
OBL00427,B,industrials,south,3032519.799776448,1.7846755223245196,0,0.045,0.55,75054.8650444671,0.13314870366559522,403776.08018048445,5047201.002256055
OBL00428,BB,technology,south,188922.24615553202,2.914796772808735,1,0.01275,0.35,843.0655234690615,0.0657255570467172,12417.01986708937,155212.74833861712
OBL00429,B,industrials,south,1747957.1466036602,2.2512308062149002,1,0.045,0.35,27530.32505900765,0.08822697212188316,154216.96644364757,1927712.0805455947
OBL00430,BBB,real_estate,west,25337628.63660974,1.5053515271535551,1,0.00625,0.3,47508.05369364326,0.034546886524125096,875336.1812993792,10941702.26624224
OBL00431,BBB,consumer,north,1722014.5643799896,4.908020650745046,1,0.00525,0.35,3164.2017620482306,0.06185974711689054,106523.38548414857,1331542.3185518573
OBL00432,BB,real_estate,east,3644005.233312798,4.693142479577684,0,0.01875,0.5,34162.54906230748,0.12511846957199127,455932.3579044243,5699154.473805304
OBL00433,B,technology,north,1496887.621895971,1.52604602487484,1,0.03825,0.35,20039.58303813231,0.07831050071325399,117222.01918214551,1465275.2397768188
OBL00434,CCC,consumer,north,867367.6384870559,4.6441523207926165,1,0.126,0.35,38250.91285727917,0.14547008326391916,126176.04259114095,1577200.532389262
OBL00435,BB,real_estate,south,483308.85685123276,1.7843979433367179,0,0.01875,0.5,4531.020532980307,0.09212952500638319,44527.015413082125,556587.6926635265
OBL00436,B,real_estate,south,1137035.7031149983,2.8442460844638986,1,0.056249999999999994,0.3,19187.477490065594,0.08539038545715552,97091.91696753756,1213648.9620942194
OBL00437,BB,financials,west,5172399.002061457,4.677382269871076,1,0.0135,0.35,24439.585284740388,0.08095851817127096,418749.75859745627,5234371.982468204
OBL00438,A,real_estate,west,3341243.8446856313,1.4982930542523714,1,0.0025,0.3,2505.9328835142237,0.02111026245433112,70534.53448523204,881681.6810654005
OBL00439,BBB,energy,north,1614177.258391199,3.0977245913631206,1,0.006,0.39999999999999997,3874.025420138877,0.058757948574378466,94845.7443384813,1185571.8042310162
OBL00440,B,technology,south,3001266.793180041,4.317239452940678,1,0.03825,0.35,40179.459193697796,0.0994500682223093,298476.18733510654,3730952.341688832
OBL00441,CCC,real_estate,south,2915247.5690336544,2.8630094337790766,1,0.15,0.3,131186.14060651444,0.12027338300889004,350626.6874361203,4382833.592951504
OBL00442,A,financials,east,146061.7531375158,2.050985156186963,1,0.0018000000000000002,0.35,92.01890447663496,0.02327895938041352,3400.165618320217,42502.07022900271
OBL00443,B,real_estate,north,2311871.420463805,2.964833367825636,1,0.056249999999999994,0.3,39012.83022032671,0.08615566549283242,199180.82076391892,2489760.2595489863
OBL00444,BB,technology,east,3167703.3336106497,3.932376305626478,0,0.01275,0.55,22213.519626944682,0.1160378669172406,367573.53785881196,4594669.22323515
OBL00445,A,technology,east,905326.6409674408,1.3796666827103676,0,0.0017,0.55,846.4804093045572,0.029622499935786167,26818.038363923522,335225.47954904404
OBL00446,BB,real_estate,north,20670974.648542505,3.925238548225131,0,0.01875,0.5,193790.38733008597,0.11640944067396386,2406296.5970225194,30078707.462781493
OBL00447,CCC,consumer,north,982027.8682033235,3.6014789429130807,1,0.126,0.35,43307.428987766565,0.13815113132643378,135668.26098637513,1695853.262329689
OBL00448,BBB,real_estate,west,1263578.1775756336,4.97390894315384,0,0.00625,0.5,3948.6818049238555,0.09480360841872386,119791.7707533251,1497397.1344165637
OBL00449,BB,industrials,south,5294984.530937777,1.3862215498550667,0,0.015,0.55,43683.62238023666,0.08927391411909481,472703.99427687464,5908799.928460933
OBL00450,BB,financials,south,5956633.412204038,3.975757449160993,1,0.0135,0.35,28145.09287266408,0.07535745884050694,448876.75718815427,5610959.464851928
OBL00451,BB,financials,south,2781115.5771045447,4.4829911047004405,1,0.0135,0.35,13140.771101818975,0.07940669671718506,220839.20116657967,2760490.014582246
OBL00452,BBB,financials,west,639964.5193935647,4.990377419845695,0,0.0045000000000000005,0.55,1583.9121854990728,0.09259099086292491,59254.948967765675,740686.8620970709
OBL00453,B,energy,north,274951.05797999684,1.507592213802606,1,0.054,0.39999999999999997,5938.942852367931,0.10096645059943964,27760.832412801014,347010.40516001265
OBL00454,B,industrials,west,1969020.9423958203,1.3275999669425653,1,0.045,0.35,31012.07984273417,0.0813060475956025,160093.31045917267,2001166.3807396584
OBL00455,B,real_estate,north,5831023.231668419,3.6553619961102357,1,0.056249999999999994,0.3,98398.51703440456,0.09053794991418657,527928.8892972537,6599111.116215671
OBL00456,B,healthcare,north,1550364.5178802845,4.701129058820918,1,0.036,0.35,19534.59292529158,0.10091049008700435,156448.04331280172,1955600.5414100215
OBL00457,A,energy,north,651955.3534978722,4.307189767366548,1,0.0024,0.39999999999999997,625.8771393579573,0.04697040430825586,30622.60654472693,382782.5818090866
OBL00458,BBB,technology,north,2698652.3593223332,3.717290893621738,1,0.00425,0.35,4014.245384491971,0.048699124522061404,131422.0072883931,1642775.0911049137
OBL00459,BBB,real_estate,west,1616876.60469944,3.2484152619279842,1,0.00625,0.3,3031.64363381145,0.045771095708929,74006.21382322622,925077.6727903278
OBL00460,CCC,energy,north,1162051.2891885962,1.0612683426631633,0,0.144,0.6000000000000001,100401.23138589472,0.21645723518903123,251534.4092056129,3144180.1150701614
OBL00461,BBB,industrials,east,3760944.547656129,1.2489888581945636,1,0.005,0.35,6581.652958398226,0.034260191707648345,128850.68120453377,1610633.515056672
OBL00462,A,consumer,north,528218.3035568194,2.4790651011770937,1,0.0021000000000000003,0.35,388.2404531142623,0.02792289407546176,14749.383738937175,184367.2967367147
OBL00463,BB,energy,west,16699359.726995964,2.8957592520563087,1,0.018,0.39999999999999997,120235.39003437092,0.0828594304153053,1383699.4352791738,17296242.940989673
OBL00464,BB,financials,east,582251.4120093276,1.704832231319899,1,0.0135,0.35,2751.1379217440726,0.05722870041376933,33321.49162337598,416518.64529219974
OBL00465,BBB,industrials,north,2907362.1877668267,4.21839054817363,0,0.005,0.55,7995.246016358774,0.08760753586038166,254706.83712389992,3183835.464048749
OBL00466,BBB,healthcare,north,862876.9966763484,1.11024591107239,0,0.004,0.55,1898.3293926879664,0.046219599732368936,39881.82940464946,498522.8675581183
OBL00467,BBB,consumer,south,1234281.5678839246,2.9702683643898897,1,0.00525,0.35,2267.9923809867114,0.04771091079667164,58888.69778328594,736108.7222910742
OBL00468,B,industrials,north,5853818.541764387,2.8140073226690476,1,0.045,0.35,92197.6420327891,0.0924439532250811,541150.1274629794,6764376.593287243
OBL00469,BB,healthcare,east,3970985.81996392,4.528044276792476,0,0.012,0.55,26208.506411761875,0.1215259726247852,482577.91405034554,6032223.92562932
OBL00470,BB,consumer,south,686374.7137032058,3.726877464568076,0,0.01575,0.55,5945.72095745402,0.12016889874200928,82480.89347007615,1031011.1683759518
OBL00471,B,technology,west,1802243.6045530452,1.5449082359496131,1,0.03825,0.35,24127.53625595389,0.07845335680498014,141392.0605574936,1767400.7569686698
OBL00472,A,technology,south,401189.700424251,1.5199143308623366,1,0.0017,0.35,238.7078717524293,0.01961740606545139,7870.301262499328,98378.7657812416
OBL00473,A,financials,west,1774262.7937221564,1.9309506601739477,0,0.0018000000000000002,0.55,1756.5201657849352,0.03553104661128316,63041.414024407415,788017.6753050927
OBL00474,CCC,consumer,west,2913511.0535284495,3.907937995914642,0,0.126,0.55,201906.31600952154,0.22047503196442456,642356.4426553892,8029455.5331923645
OBL00475,BB,industrials,south,1724823.4118012183,4.202242310308401,0,0.015,0.55,14229.793147360051,0.12460166842219585,214915.87484409596,2686448.4355511996
OBL00476,BBB,real_estate,east,1600088.419963756,4.450903717119738,1,0.00625,0.3,3000.1657874320426,0.05351434783110719,85627.68826646716,1070346.1033308394
OBL00477,A,technology,north,3217151.7058076444,4.122016062643869,1,0.0017,0.35,1914.2052649555483,0.03384291803829968,108877.80149642412,1360972.5187053015
OBL00478,BBB,healthcare,north,1219411.5785731836,4.8590587081202266,0,0.004,0.55,2682.705472861004,0.08696312511909544,106043.84167913345,1325548.020989168
OBL00479,A,industrials,north,5433614.157274494,2.7289853001464364,0,0.002,0.55,5976.975573001943,0.04498919341643456,244453.91827189928,3055673.978398741
OBL00480,A,healthcare,north,666066.6056532548,2.0260605520562422,1,0.0016,0.35,372.99729916582265,0.021604613770069215,14390.11176027957,179876.3970034946
OBL00481,CCC,financials,north,4905063.591274585,1.0635936883820558,0,0.108,0.55,291360.7773217103,0.1780605827366617,873398.4814227351,10917481.01778419
OBL00482,BBB,healthcare,west,16540095.475339258,1.1213292000353032,1,0.004,0.35,23156.13366547496,0.029489127269890985,487752.9805284274,6096912.256605343
OBL00483,CCC,real_estate,east,3004861.4030387313,3.729522149187342,1,0.15,0.3,135218.7631367429,0.12533926541142856,376627.1209200292,4707839.011500365
OBL00484,BBB,financials,east,707461.5211096163,2.3317005777337005,1,0.0045000000000000005,0.35,1114.2518957476457,0.04006992978883368,28347.933479163803,354349.16848954756
OBL00485,BBB,technology,north,326412.4339970292,2.6080560806789803,1,0.00425,0.35,485.538495570581,0.04092641510204919,13358.89076823265,166986.13460290813
OBL00486,BBB,financials,east,1410146.0832229748,1.4677917333545216,1,0.0045000000000000005,0.35,2220.9800810761853,0.03394429909040394,47866.4204100823,598330.2551260287
OBL00487,BBB,technology,east,1377773.783769038,2.952622262327292,0,0.00425,0.55,3220.5462195601267,0.06810710321541934,93836.18129865672,1172952.266233209
OBL00488,A,financials,south,606226.410127675,4.94486498392976,0,0.0018000000000000002,0.55,600.1641460263984,0.06189961898456404,37525.18380528314,469064.7975660392
OBL00489,B,technology,west,1594782.2823374204,2.352515509531951,0,0.03825,0.55,33550.23226467348,0.13289556463760593,211939.49188528137,2649243.648566017
OBL00490,B,technology,north,1720702.521421034,4.866398251788281,1,0.03825,0.35,23035.905005524088,0.10360921369202156,178280.6352423122,2228507.940528902
OBL00491,BB,industrials,west,3117009.9996525687,2.5913857838967838,1,0.015,0.35,16364.302498175985,0.06643192857836336,207068.98567496383,2588362.3209370477
OBL00492,BB,energy,west,1718390.0293566152,1.9751798769483133,0,0.018,0.6000000000000001,18558.612317051444,0.11174105125162326,192014.70834061594,2400183.854257699
OBL00493,B,industrials,south,1691145.6163597957,4.710167826951994,1,0.045,0.35,26635.543457666783,0.10665220957801469,180364.41670294575,2254555.208786822
OBL00494,BB,consumer,north,1651244.9272336818,2.492353427026997,1,0.01575,0.35,9102.487661375671,0.06662128015753938,110008.05090595083,1375100.6363243854
OBL00495,BBB,technology,south,3852263.028652052,4.924018723347357,1,0.00425,0.35,5730.241255119928,0.05715499397373832,220176.07018786296,2752200.877348287
OBL00496,B,consumer,south,3189668.1129712043,4.0223177529890695,1,0.04725,0.35,52749.13641826129,0.10289348883973397,328196.0803844579,4102451.0048057237
OBL00497,B,real_estate,north,1456071.7329138396,2.2225481410400008,0,0.056249999999999994,0.5,40952.01748820174,0.13574153245917076,197649.40839620496,2470617.604952562
OBL00498,A,real_estate,north,1126617.6913023402,3.338035148552429,1,0.0025,0.3,844.9632684767552,0.03079765668201534,34697.18486861421,433714.81085767766
OBL00499,B,energy,north,6967665.01031481,1.0567314895853506,1,0.054,0.39999999999999997,150501.56422279988,0.09714390654909441,676866.1986274169,8460827.48284271
OBL00500,B,healthcare,east,5111274.349810886,2.6242337363440793,1,0.036,0.35,64402.056807617155,0.08511256638325826,435033.67740132427,5437920.967516554
OBL00501,BB,industrials,east,5398352.076455685,4.662840772197927,0,0.015,0.55,44536.4046307594,0.13038000270244451,703837.1583170393,8797964.478962991
OBL00502,BB,technology,west,1897039.2867371677,1.8514907418781887,1,0.01275,0.35,8465.53781706461,0.05724409778975447,108594.3024409885,1357428.7805123562
OBL00503,A,financials,east,2543958.206053683,1.2813580154482218,0,0.0018000000000000002,0.55,2518.518623993147,0.029847795919453263,75931.54536190876,949144.3170238596
OBL00504,A,energy,east,3763911.764888441,3.3083066248070754,0,0.0024,0.6000000000000001,5420.032941439355,0.06005739493444228,226050.73536229876,2825634.1920287344
OBL00505,BBB,healthcare,west,3523872.057266039,4.735403320112008,1,0.004,0.35,4933.420880172454,0.054484939894228625,191997.9572350919,2399974.4654386486
OBL00506,CCC,energy,north,6122433.740078353,1.159984958857971,1,0.144,0.39999999999999997,352652.1834285131,0.1450802635306207,888244.3004593313,11103053.75574164
OBL00507,BBB,real_estate,east,12225732.1684824,4.398663844094919,1,0.00625,0.3,22923.2478159045,0.053177956653366325,650139.4553112234,8126743.191390293
OBL00508,BB,financials,south,4369127.835515044,2.3879804389239823,1,0.0135,0.35,20644.12902280858,0.06268226124792438,273866.8124113323,3423335.155141654
OBL00509,B,consumer,west,5391119.319828715,1.4716697523573727,0,0.04725,0.55,140101.71332404876,0.13174262656018632,710240.2192936001,8878002.74117
OBL00510,BBB,healthcare,west,2699999.393518172,4.72538730199409,0,0.004,0.55,5939.9986657399795,0.08551033336239088,230877.84821799208,2885973.102724901
OBL00511,BBB,industrials,south,3335543.900531738,4.189778744956936,1,0.005,0.35,5837.201825930541,0.05554318167116949,185266.72083939562,2315834.0104924454
OBL00512,BB,healthcare,east,10059615.782403508,2.092395709244361,1,0.012,0.35,42250.386286094734,0.05793565162700972,582810.3954708985,7285129.943386231
OBL00513,BB,healthcare,west,379255.85678709176,4.238667516129944,0,0.012,0.55,2503.0886547948057,0.11790417385376972,44715.848473685655,558948.1059210707
OBL00514,BB,financials,east,2673381.310693868,4.630276115489664,0,0.0135,0.55,19849.85623190197,0.12662959653225062,338529.1967500238,4231614.959375298
OBL00515,BBB,financials,north,3095021.624325036,4.282042260513591,1,0.0045000000000000005,0.35,4874.659058311931,0.053899019469063794,166818.63078666857,2085232.884833357
OBL00516,B,healthcare,west,5198820.301836106,2.311313308809061,0,0.036,0.55,102936.6419763549,0.13000795377938398,675887.9895084315,8448599.868855394
OBL00517,BBB,technology,east,308797.3466893115,4.19326436388371,0,0.00425,0.55,721.8137978862657,0.08176834258102858,25249.847232204273,315623.0904025534
OBL00518,BBB,healthcare,west,2321911.848508122,4.329649071519901,0,0.004,0.55,5108.206066717868,0.08120929953842382,188560.83480731142,2357010.4350913926
OBL00519,A,technology,south,734962.911978093,3.5687309494971746,0,0.0017,0.55,687.190322699517,0.04842851547961824,35593.16275967637,444914.53449595463
OBL00520,CCC,real_estate,west,1212667.098527492,1.9846920768438063,0,0.15,0.5,90950.0323895619,0.19189747879814634,232707.75882888903,2908846.9853611127
OBL00521,BBB,industrials,north,1862155.4551104144,1.5045372879217007,0,0.005,0.55,5120.9275015536405,0.056743717772183795,105665.62359271782,1320820.2949089727
OBL00522,BBB,consumer,west,3031841.100280445,4.539231487355918,1,0.00525,0.35,5571.008021765318,0.059166968712650855,179384.84752202203,2242310.594025275
OBL00523,A,consumer,south,668457.7637992456,3.7495567200571354,0,0.0021000000000000003,0.55,772.0687171881287,0.05553601196043407,37123.47836539991,464043.4795674989
OBL00524,BB,real_estate,east,198473.33817774203,4.415528769634439,1,0.01875,0.3,1116.4125272497988,0.07318198151307159,14524.672165361124,181558.40206701405
OBL00525,BB,real_estate,west,1241615.1255354641,3.78527640716622,1,0.01875,0.3,6984.0850811369855,0.06889325282161832,85538.90475066009,1069236.3093832512
OBL00526,B,consumer,south,1570777.2347615238,1.2154989934369231,0,0.04725,0.55,40820.573388365105,0.12873492734276903,202213.89318870043,2527673.664858755
OBL00527,A,consumer,north,2568186.4914134936,4.533545412592336,0,0.0021000000000000003,0.55,2966.255397582586,0.06272936603460978,161100.71046501727,2013758.880812716
OBL00528,A,financials,north,2109644.6363904616,1.1192229147774593,1,0.0018000000000000002,0.35,1329.0761209259908,0.018091363021827095,38166.34696399026,477079.33704987826
OBL00529,B,healthcare,east,943280.8341914569,1.0408959317547222,1,0.036,0.35,11885.338510812355,0.07306889255749736,68924.48592508204,861556.0740635255
OBL00530,BBB,financials,north,669154.0445708057,1.8084591458128396,1,0.0045000000000000005,0.35,1053.917620199019,0.03635983491144176,24330.33059091804,304129.1323864755
OBL00531,CCC,real_estate,south,1041894.4765267472,3.521981558548044,1,0.15,0.3,46885.25144370362,0.12412592346359956,129326.11405050615,1616576.4256313269
OBL00532,B,real_estate,north,7343653.895035098,3.229214593442647,1,0.056249999999999994,0.3,123924.15947871727,0.08783350139834455,645018.8346585237,8062735.433231546
OBL00533,B,financials,south,5000819.336335456,1.9281697275297653,1,0.0405,0.35,70886.61409255509,0.08286374330659686,414386.60980876733,5179832.622609592
OBL00534,B,financials,west,897976.6099260737,2.0436238119876258,1,0.0405,0.35,12728.818445702094,0.08373472618325764,75191.82555112973,939897.8193891216
OBL00535,BBB,industrials,west,11546442.178420717,3.9553980246005485,0,0.005,0.55,31752.715990656976,0.08461660281142151,977020.7116964704,12212758.89620588
OBL00536,BBB,financials,east,825133.9888980979,1.081686102907153,1,0.0045000000000000005,0.35,1299.5860325145043,0.03120657911208307,25749.609102617167,321870.1137827146
OBL00537,CCC,industrials,east,1801471.1853990117,3.4920177435158304,1,0.12,0.35,75661.78978675848,0.13527389741010895,243692.02832093328,3046150.354011666
OBL00538,BB,energy,north,7878197.45252698,4.204802305747377,1,0.018,0.39999999999999997,56723.02165819425,0.09475483470670872,746497.2974010077,9331216.217512596
OBL00539,A,real_estate,east,614822.5710504595,1.4702571310661505,1,0.0025,0.3,461.11692828784464,0.020962635761827067,12888.301615080825,161103.7701885103
OBL00540,B,financials,north,1595153.4611090098,3.477764456717618,1,0.0405,0.35,22611.300311220213,0.09455384921514136,150827.89983671217,1885348.747958902
OBL00541,BB,energy,south,1810112.053603566,3.7035389263247223,1,0.018,0.39999999999999997,13032.806785945673,0.09019980457389934,163271.75349190127,2040896.918648766
OBL00542,B,financials,west,9017065.26939334,4.124231066384787,0,0.0405,0.55,200855.12887573667,0.15624836542218817,1408901.7092478923,17611271.365598653
OBL00543,BBB,industrials,west,1487300.5847944717,1.5097341393844603,1,0.005,0.35,2602.7760233903255,0.03614724906852279,53761.82467832537,672022.8084790672
OBL00544,BBB,financials,east,3373085.5719620995,4.698335656415651,1,0.0045000000000000005,0.35,5312.609775840307,0.05685078876982115,191762.5753541487,2397032.191926859
OBL00545,B,technology,east,6241480.045127049,4.328089430632811,0,0.03825,0.55,131305.1364493603,0.15640780937940257,976216.2211435764,12202702.764294706
OBL00546,B,real_estate,west,825442.9823571218,3.718005647060009,0,0.056249999999999994,0.5,23215.58387879405,0.1515591728943176,125103.45567746418,1563793.1959683022
OBL00547,B,industrials,west,5686971.258355965,3.701933562896466,0,0.045,0.55,140752.53864431015,0.15572438680528952,885600.1119867883,11070001.399834855
OBL00548,BBB,technology,south,2050976.0089286594,3.97670176764112,1,0.00425,0.35,3050.826813281381,0.05051688692963932,103608.92313845201,1295111.53923065
OBL00549,BBB,healthcare,west,1972676.3481989638,1.0164892891184825,0,0.004,0.55,4339.887966037721,0.0452006170534363,89166.18818531254,1114577.3523164068
OBL00550,BB,consumer,west,3335509.094016917,2.6866539412436343,0,0.01575,0.55,28893.847526921545,0.10712669985584222,357322.0815811825,4466526.019764781
OBL00551,BBB,consumer,east,5048545.414427317,1.2577294617112909,1,0.00525,0.35,9276.702199010195,0.03520650928125226,177741.66098985888,2221770.762373236
OBL00552,BBB,industrials,north,2770905.297876726,1.55730569349564,1,0.005,0.35,4849.08427128427,0.03649153238956346,101114.58042588152,1263932.255323519
OBL00553,B,consumer,south,654996.2567000228,1.9069109946851062,1,0.04725,0.35,10832.000595176627,0.0870881398295732,57042.40559133861,713030.0698917327
OBL00554,BBB,technology,south,3044931.2375112516,1.1738558396416474,1,0.00425,0.35,4529.335215797987,0.030876584720220063,94017.07732226068,1175213.4665282585
OBL00555,A,industrials,south,1424070.4264534782,3.2448751124872026,1,0.002,0.35,996.8492985174347,0.031597425630168825,44996.95939198658,562461.9923998322
OBL00556,BB,industrials,west,14072286.845838679,3.2898701439232605,1,0.015,0.35,73879.50594065306,0.07200817837074487,1013319.7412794384,12666496.76599298
OBL00557,BBB,industrials,north,3196805.093907329,3.611923740503933,0,0.005,0.55,8791.214008245155,0.08071037546390906,258015.33941419757,3225191.7426774697
OBL00558,BB,energy,west,14756699.603296729,4.601705249295295,1,0.018,0.39999999999999997,106248.23714373643,0.09836153118979077,1451491.5682880443,18143644.603600554
OBL00559,A,real_estate,south,907907.953073044,2.298922564521268,1,0.0025,0.3,680.930964804783,0.02532607820389866,22993.747821469467,287421.8477683683
OBL00560,BBB,technology,west,620027.6908913477,1.0512587585936704,0,0.00425,0.55,1449.3147274585253,0.04717037866532374,29246.94096233117,365586.7620291396
OBL00561,BB,industrials,north,2794886.5859079664,4.301488171848438,1,0.015,0.35,14673.154576016821,0.08008428592735976,223826.49648039593,2797831.2060049493
OBL00562,BBB,real_estate,south,1366287.113971926,3.784488963236516,1,0.00625,0.3,2561.7883386973613,0.04922306550321636,67252.84010724055,840660.501340507
OBL00563,B,industrials,south,9489904.971542345,2.4554789503294456,1,0.045,0.35,149466.00330179193,0.08975743854845174,851789.5623138587,10647369.528923234
OBL00564,BBB,consumer,north,3126604.9110643077,1.5512202282385883,1,0.00525,0.35,5745.136524080665,0.03734948330653447,116777.07793192504,1459713.474149063
OBL00565,BBB,industrials,south,2988097.5940746022,1.0143303257534915,1,0.005,0.35,5229.170789630553,0.03256192852561044,97298.22028580571,1216227.7535725713
OBL00566,CCC,real_estate,east,579605.1374935292,1.822963085649123,1,0.15,0.3,26082.231187208814,0.1141929731093843,66186.83387985958,827335.4234982447
OBL00567,B,real_estate,east,777231.1388190084,4.474494518171212,0,0.056249999999999994,0.5,21859.625779284608,0.15956064997290945,124015.50568914559,1550193.8211143198
OBL00568,BBB,financials,east,1797328.0897160338,1.965915630656188,0,0.0045000000000000005,0.55,4448.3870220471845,0.0588913216825651,105847.02670057717,1323087.8337572147
OBL00569,BBB,industrials,east,4224818.256252897,1.2220874126708363,0,0.005,0.55,11618.250204695469,0.053531502249533305,226160.86798847132,2827010.8498558914
OBL00570,BB,industrials,north,9108027.736770881,1.3899111176337913,0,0.015,0.55,75141.22882835977,0.08932020076079927,813530.8659833034,10169135.824791292
OBL00571,B,consumer,south,561852.5375521708,3.97345706350593,1,0.04725,0.35,9291.636339769026,0.10252842417917796,57605.85529629648,720073.1912037061
OBL00572,A,industrials,south,3093958.8219592837,2.8598175039804294,0,0.002,0.55,3403.3547041552124,0.04617198250144445,142854.21258769374,1785677.6573461718
OBL00573,BBB,technology,south,4331121.289273169,4.40587690909878,1,0.00425,0.35,6442.5429177938395,0.05352423363920854,231819.9478068072,2897749.34758509
OBL00574,B,energy,south,252103.2944173094,4.940314598389555,0,0.054,0.6000000000000001,8168.146739120826,0.19510528335023192,49186.68469081609,614833.5586352011
OBL00575,BBB,technology,east,2602715.251613076,1.796596776185861,1,0.00425,0.35,3871.5389367744506,0.03524029949659197,91720.46497119253,1146505.8121399067
OBL00576,BBB,financials,east,1422633.6346760043,2.7530075220610546,1,0.0045000000000000005,0.35,2240.647974614707,0.04305724814820048,61254.6894322211,765683.6179027638
OBL00577,BBB,financials,south,10825736.890744831,2.758972362638207,1,0.0045000000000000005,0.35,17050.535602923108,0.04309954243745145,466584.3065393405,5832303.831741757
OBL00578,BB,energy,south,170207.39199455426,1.1000936858163715,0,0.018,0.6000000000000001,1838.239833541186,0.0998130585045695,16988.920375062637,212361.50468828296
OBL00579,BB,technology,west,685052.7918390422,1.2649611211956553,1,0.01275,0.35,3057.0480835817257,0.05256564498678562,36010.24185301744,450128.023162718
OBL00580,B,industrials,west,3392007.125572523,1.0713119613436435,0,0.045,0.55,83952.17635791995,0.12474885900446452,423149.01865018567,5289362.733127321
OBL00581,BB,real_estate,west,2198045.109075231,3.7217505276430036,1,0.01875,0.3,12364.003738548174,0.06846097318510246,150480.307272045,1881003.8409005625
OBL00582,A,industrials,east,313289.34483365336,1.0219304090818149,0,0.002,0.55,344.61827931701873,0.02955655654649467,9259.754235990144,115746.9279498768
OBL00583,B,industrials,east,7503119.052705102,4.381712758426449,0,0.045,0.55,185702.19655445128,0.16372877609378775,1228476.4993853865,15355956.24231733
OBL00584,BB,real_estate,west,14531692.289203359,1.3267402077500754,1,0.01875,0.3,81740.7691267689,0.05216345478306804,758023.2736493179,9475290.920616474
OBL00585,BB,healthcare,north,2432423.0526598953,1.8281381476923775,1,0.012,0.35,10216.176821171559,0.055830935909283105,135804.4555573174,1697555.6944664672
OBL00586,B,real_estate,south,266391.332867013,4.587011799831879,1,0.056249999999999994,0.3,4495.353742130844,0.09645045557111973,25693.565415221205,321169.5676902651
OBL00587,A,real_estate,north,2443158.754180322,2.2076483151176642,0,0.0025,0.5,3053.9484427254024,0.041409103536900256,101169.01380893719,1264612.6726117148
OBL00588,BB,technology,north,522701.04434149084,3.1232640877998885,1,0.01275,0.35,2332.5534103739024,0.06738839633011573,35223.98513824978,440299.81422812224
OBL00589,B,industrials,east,3609360.5161321713,3.4136032214811394,0,0.045,0.55,89331.67277427124,0.15232930159004615,549811.3666091021,6872642.082613776
OBL00590,BBB,real_estate,north,15486604.187952187,2.6346785254001786,1,0.00625,0.3,29037.38285241035,0.04181902592642134,647634.7020481977,8095433.775602472
OBL00591,B,consumer,west,1719764.2721861124,2.2328724207651534,1,0.04725,0.35,28440.601651277833,0.08952357409431737,153959.4442458132,1924493.0530726651
OBL00592,BB,industrials,west,485440.35162726115,4.4746397498817965,0,0.015,0.55,4004.882900924905,0.12801896915846372,62145.57340324413,776819.6675405516
OBL00593,CCC,technology,west,1683573.9651408736,2.387465180928422,0,0.102,0.55,94448.49944440302,0.18891010935216124,318044.1418572141,3975551.773215176
OBL00594,BB,industrials,east,2343203.978090015,3.4084773166153615,0,0.015,0.55,19331.432819242622,0.11464366844385905,268633.4999604832,3357918.7495060405
OBL00595,BBB,real_estate,east,2169425.215771064,2.2107897222990207,1,0.00625,0.3,4067.672279570745,0.03908945471098941,84801.64872076144,1060020.609009518
OBL00596,B,energy,west,1481088.200016494,2.2139724555792055,1,0.054,0.39999999999999997,31991.505120356265,0.10695537233391184,158410.3398921274,1980129.2486515925
OBL00597,A,energy,north,4467486.880475262,4.0402193895324405,0,0.0024,0.6000000000000001,6433.1811078843775,0.0676764881229748,302343.8228060298,3779297.7850753726
OBL00598,BB,industrials,east,1100716.5223655629,2.7869550619080896,1,0.015,0.35,5778.761742419204,0.0679932278834264,74841.26934025434,935515.8667531792
OBL00599,BBB,technology,north,1630893.9033311543,2.727353913147335,1,0.00425,0.35,2425.954681205092,0.0417623673958235,68109.99037452432,851374.879681554
OBL00600,CCC,energy,west,607758.3527764792,4.073215183782072,0,0.144,0.6000000000000001,52510.321679887806,0.2519464622790195,153122.56690255826,1914032.0862819783
OBL00601,BBB,energy,west,447858.89757329057,1.8615975764221155,0,0.006,0.6000000000000001,1612.2920312638464,0.07231566650215146,32387.21467693129,404840.18346164114
OBL00602,B,industrials,west,594943.651228981,3.821739952875364,0,0.045,0.55,14724.85536791728,0.15713510515463983,93486.53319695129,1168581.6649618912
OBL00603,BBB,real_estate,south,1515665.1693793368,1.2835828355732049,0,0.00625,0.5,4736.453654310428,0.05519806468054215,83661.7840534455,1045772.3006680688
OBL00604,A,technology,east,17927448.604573466,4.854771183974819,1,0.0017,0.35,10666.831919721211,0.03784884010673575,678533.135756224,8481664.196952801
OBL00605,B,technology,west,1727256.3832139727,4.810626533545086,1,0.03825,0.35,23123.644830277055,0.10318681731094559,178230.08886386483,2227876.1107983105
OBL00606,CCC,industrials,south,2198326.948635472,1.3887996879854057,0,0.12,0.55,145089.57860994115,0.18922788945857075,415984.76883019024,5199809.610377378
OBL00607,B,energy,east,1415691.830983199,2.0326125167329363,1,0.054,0.39999999999999997,30578.943549237094,0.10541774370943725,149239.03861013084,1865487.9826266356
OBL00608,B,healthcare,east,2635292.7740079877,2.973525128559798,0,0.036,0.55,52178.79692535816,0.13792342869868485,363468.6150160501,4543357.687700626
OBL00609,BBB,real_estate,north,1909843.9039781643,2.7126281431341304,1,0.00625,0.3,3580.957319959058,0.04232097132168516,80826.44908915511,1010330.6136144389
OBL00610,BB,healthcare,east,4484315.5237191785,3.70776393461785,1,0.012,0.35,18834.12519962055,0.07080147417487621,317496.14974459994,3968701.8718074993
OBL00611,CCC,industrials,east,693410.0037919104,4.213213161771026,0,0.12,0.55,45765.060250266084,0.22057841905224784,152951.28239143276,1911891.0298929096
OBL00612,A,technology,east,4317693.992224106,2.806477309164094,1,0.0017,0.35,2569.0279253733424,0.026650957762572976,115070.68021847973,1438383.5027309966
OBL00613,B,industrials,north,920071.3434543783,4.2397036111306505,0,0.045,0.55,22771.765750495862,0.16205662062778084,149103.65265667884,1863795.6582084855
OBL00614,BBB,industrials,east,2232868.7651210385,2.3624685182934972,0,0.005,0.55,6140.389104082857,0.06650070567355647,148487.34855699167,1856091.8569623958
OBL00615,BBB,real_estate,north,1879024.2969559475,4.866946609459317,1,0.00625,0.3,3523.1705567924014,0.056193396428302976,105588.75721725886,1319859.4652157356
OBL00616,CCC,industrials,north,1260303.3237559514,2.703043111330268,1,0.12,0.35,52932.739597749955,0.12970094927280015,163462.53746281206,2043281.7182851508
OBL00617,CCC,real_estate,west,3856642.411889583,1.6729993536883896,1,0.15,0.3,173548.90853503122,0.11331624202713937,437020.2249578105,5462752.811972631
OBL00618,BB,energy,south,13444361.7818199,3.2765604007673055,1,0.018,0.39999999999999997,96799.40482910327,0.08631980828887918,1160514.731573028,14506434.14466285
OBL00619,A,technology,east,2388720.490549131,3.3231172303665732,1,0.0017,0.35,1421.2886918767326,0.029475392831714353,70408.47482410104,880105.935301263
OBL00620,B,consumer,north,1094906.1821575381,2.497746129277993,1,0.04725,0.35,18107.010987430287,0.09150258895291483,100186.7503279665,1252334.3790995812
OBL00621,BBB,technology,north,1385549.3413011734,4.017121454014193,1,0.00425,0.35,2061.0046451854955,0.050800118643393816,70386.07092437576,879825.886554697
OBL00622,A,technology,east,1000963.4156638187,3.7475502862064785,0,0.0017,0.55,935.9007936456705,0.049964733157973146,50012.86996453606,625160.8745567008
OBL00623,BB,industrials,north,2475610.2687582993,4.891575075056786,1,0.015,0.35,12996.95391098107,0.08479516015706745,209919.76922584078,2623997.11532301
OBL00624,B,technology,south,2308357.298136791,2.780980215074066,0,0.03825,0.55,48562.066659552744,0.13799492685955425,318541.59652210475,3981769.9565263093
OBL00625,CCC,energy,east,11701067.659229038,2.0763349735680885,1,0.144,0.39999999999999997,673981.4971715925,0.15227838830537727,1781819.7245995714,22272746.557494644
OBL00626,BB,healthcare,west,991506.4432624545,1.259093101100544,1,0.012,0.35,4164.327061702308,0.051298698320234204,50862.989915489066,635787.3739436134
OBL00627,B,consumer,south,1127067.738643785,2.4199303688297507,1,0.04725,0.35,18638.882727821594,0.09092118528312527,102474.33469186458,1280929.1836483073
OBL00628,BB,industrials,north,1229686.5160590925,3.7618546770656973,0,0.015,0.55,10144.913757487513,0.11907688454140593,146427.23929489226,1830340.4911861534
OBL00629,BBB,consumer,west,2022099.094128386,2.812268243525409,1,0.00525,0.35,3715.607085460909,0.04655724535427845,94143.36365599946,1176792.0456999934
OBL00630,BBB,consumer,north,3963025.1166531523,1.4418152456044804,0,0.00525,0.55,11443.235024335978,0.0574367258808544,227623.18728414812,2845289.8410518514
OBL00631,BBB,healthcare,north,2682335.429183442,3.6208482101924533,0,0.004,0.55,5901.137944203573,0.07350578179798861,197167.16276657223,2464589.534582153
OBL00632,B,technology,north,4585118.143954323,3.803717143248898,0,0.03825,0.55,96459.42295343906,0.15016700541600744,688533.4611562227,8606668.264452783
OBL00633,BB,real_estate,west,656551.5225433273,3.697564217365272,1,0.01875,0.3,3693.1023143062157,0.06829639066386879,44840.09927457694,560501.2409322117
OBL00634,A,financials,west,2542122.43607647,1.7030294476026597,1,0.0018000000000000002,0.35,1601.5371347281762,0.021341712208784485,54253.24543023816,678165.567877977
OBL00635,BBB,healthcare,east,1915355.4169831574,3.476447546703262,0,0.004,0.55,4213.781917362947,0.07193638038552942,137783.73584958474,1722296.6981198094
OBL00636,BBB,energy,west,5729337.897326652,2.4658921933032083,1,0.006,0.39999999999999997,13750.410953583963,0.05336671060553716,305755.9175279682,3821948.969099602
OBL00637,A,real_estate,west,10161641.487509169,4.112224900486243,1,0.0025,0.3,7621.2311156318765,0.03487425054658596,354379.6311999772,4429745.389999715
OBL00638,B,financials,south,7263401.9547580145,4.023740891604395,0,0.0405,0.55,161792.2785422348,0.15505707249875827,1126241.843486536,14078023.0435817
OBL00639,B,financials,west,569748.7576997473,2.7556331105904945,1,0.0405,0.35,8076.188640393919,0.08910610745589424,50768.09402645594,634601.1753306992
OBL00640,CCC,industrials,east,466655.34359541704,2.633517005826307,1,0.12,0.35,19599.524431007514,0.12920984935100763,60296.46664480654,753705.8330600817
OBL00641,BBB,energy,west,2280570.38797531,3.111197887452595,1,0.006,0.39999999999999997,5473.368931140743,0.05887291220344537,134263.82022504776,1678297.752813097
OBL00642,A,energy,east,4744685.026733984,1.886712831693937,0,0.0024,0.6000000000000001,6832.3464384969375,0.04525883408404825,214738.91240602144,2684236.405075268
OBL00643,BB,consumer,south,2485674.5005060122,2.123560906366749,1,0.01575,0.35,13702.280684039393,0.06367881311163946,158284.80197409014,1978560.0246761267
OBL00644,BB,real_estate,north,5747948.716922185,4.803698002130508,0,0.01875,0.5,53887.019221145485,0.1263723129258769,726381.573936783,9079769.674209788
OBL00645,BBB,consumer,north,3838966.836435295,4.812475312557385,1,0.00525,0.35,7054.101561949855,0.06116210616417621,234799.2972108072,2934991.21513509
OBL00646,BBB,real_estate,north,1947079.596947048,4.615992732392085,1,0.00625,0.3,3650.774244275715,0.054577414892031335,106266.5709903882,1328332.1373798524
OBL00647,BBB,healthcare,south,2209251.8679181444,3.441402112854789,1,0.004,0.35,3092.952615085402,0.045535313893868216,100598.9772762674,1257487.2159533424
OBL00648,A,healthcare,south,784745.5265778482,3.096873518422735,1,0.0016,0.35,439.45749488359496,0.027344686873027796,21458.62069928057,268232.7587410071
OBL00649,BB,industrials,north,3543453.725190721,1.5733952829441615,0,0.015,0.55,29233.49323282345,0.09162206003741583,324658.529949229,4058231.6243653623
OBL00650,BB,real_estate,south,1520187.610604468,2.070378658337882,1,0.01875,0.3,8551.055309650132,0.057223750862901615,86990.83709409977,1087385.463676247
OBL00651,BBB,real_estate,west,2899949.7613626323,1.594601087578357,1,0.00625,0.3,5437.405802554936,0.03512159628136149,101850.86475480896,1273135.8094351122
OBL00652,B,consumer,north,853811.1387439484,2.4587114392569998,0,0.04725,0.55,22188.416968108362,0.14333147659817255,122378.01125213731,1529725.1406517164
OBL00653,A,real_estate,east,2220712.008988893,3.1359002327151773,1,0.0025,0.3,1665.5340067416698,0.02973328976723851,66029.07365285313,825363.4206606641
OBL00654,B,real_estate,west,9123165.15884436,1.0458940507852126,1,0.056249999999999994,0.3,153953.41205549854,0.07397754929295734,674909.4002461996,8436367.503077494
OBL00655,BB,consumer,west,1441104.5418452532,1.1866045913617946,1,0.01575,0.35,7944.088786921959,0.056203165082188866,80994.63646602092,1012432.9558252615
OBL00656,A,industrials,east,1092093.0186573155,4.7995356630141615,1,0.002,0.35,764.4651130601209,0.04054146257437264,44275.0482436292,553438.103045365
OBL00657,BBB,healthcare,north,1355764.2527150447,3.5573968256811894,0,0.004,0.55,2982.6813559730986,0.0728161679827313,98721.55757068086,1234019.4696335108
OBL00658,BBB,real_estate,east,16682890.43643189,3.8119460549231206,0,0.00625,0.5,52134.03261384966,0.08233311918541966,1373554.4066600446,17169430.083250556
OBL00659,BB,financials,west,4645157.020620339,2.5203500716183744,1,0.0135,0.35,21948.3669224311,0.06373896583480372,296077.5046346184,3700968.8079327303
OBL00660,CCC,real_estate,west,546346.1199118969,1.2609962811187847,1,0.15,0.3,24585.575396035358,0.11090755363975803,60593.91160000238,757423.8950000297
OBL00661,BB,consumer,west,3022946.745076586,3.751406091507035,0,0.01575,0.55,26186.276179225926,0.12047643575090149,364193.8493116161,4552423.1163952015
OBL00662,CCC,energy,east,1837532.4879379116,2.657889220287781,1,0.144,0.39999999999999997,105841.8713052237,0.15684662092826007,288210.7615789602,3602634.519737003
OBL00663,B,real_estate,east,1419588.821052326,3.7338194563852363,0,0.056249999999999994,0.5,39925.93559209666,0.15172643752658532,215389.15457083462,2692364.432135433
OBL00664,A,financials,south,2004476.132273501,3.386446588281125,0,0.0018000000000000002,0.55,1984.4313709507664,0.04826510126466262,96746.24350677979,1209328.0438347475
OBL00665,BBB,consumer,west,1084401.413356282,3.9226843053484273,1,0.00525,0.35,1992.5875970421682,0.05466514191913193,59278.957158428406,740986.964480355
OBL00666,B,healthcare,east,2497293.9536227765,2.2487964682710944,1,0.036,0.35,31465.90381564698,0.08225679929072774,205419.40751309667,2567742.5939137083
OBL00667,A,financials,west,228682.47969343283,4.561468686820286,0,0.0018000000000000002,0.55,226.39565489649854,0.05854530564914683,13388.285670256839,167353.57087821048
OBL00668,BBB,real_estate,west,12798508.572230304,3.8567608754991842,0,0.00625,0.5,39995.3392882197,0.08281408354594,1059896.7581641097,13248709.47705137
OBL00669,BB,energy,south,5036764.385554929,4.825610352412063,0,0.018,0.6000000000000001,54397.05536399324,0.15059426866250827,758507.8490680124,9481348.113350155
OBL00670,BB,industrials,north,8768481.3147004,2.3169837714347383,0,0.015,0.55,72339.9708462783,0.10095058196911509,885183.2917043169,11064791.146303961
OBL00671,BB,technology,south,2575746.244013265,2.8950926703268602,0,0.01275,0.55,18062.42053614302,0.10303603718153073,265394.68576833885,3317433.5721042356
OBL00672,BB,real_estate,north,2039628.6860737456,3.9121077716986616,1,0.01875,0.3,11472.911359164818,0.06975631235846198,142276.9757210396,1778462.196512995
OBL00673,BB,energy,west,599110.3582576324,1.9545511422856472,0,0.018,0.6000000000000001,6470.39186918243,0.11145986820939185,66776.76157427725,834709.5196784656
OBL00674,BBB,real_estate,east,384509.1658603248,2.9748172684831937,0,0.00625,0.5,1201.591143313515,0.07334883438258585,28203.2991252752,352541.23906594
OBL00675,B,real_estate,north,784103.953515601,1.2583100034561503,1,0.056249999999999994,0.3,13231.754215575766,0.07532559929712501,59063.1002098077,738288.7526225962
OBL00676,BB,energy,south,2948054.7444804953,2.2703416147350772,0,0.018,0.6000000000000001,31838.99124038935,0.11576429730807654,341279.4859205257,4265993.574006571
OBL00677,CCC,financials,west,3700785.832124928,4.9052848890052285,1,0.108,0.35,139889.7044543223,0.14075593108036039,520907.55552975053,6511344.444121881
OBL00678,CCC,consumer,east,426790.73022375366,2.894226023163362,0,0.126,0.55,29576.59760450613,0.20929328059767827,89324.43205720808,1116555.400715101
OBL00679,A,real_estate,south,4428049.056321532,4.111499906966136,1,0.0025,0.3,3321.036792241149,0.0348704330016901,154407.98794665706,1930099.8493332132
OBL00680,A,financials,west,3145545.7493969635,4.8344815328973185,0,0.0018000000000000002,0.55,3114.0902919029945,0.06093388017957561,191670.30779312793,2395878.847414099
OBL00681,B,financials,south,1651820.4446595279,2.5206496226043313,1,0.0405,0.35,23414.554803048806,0.08733339759209835,144259.09164420725,1803238.6455525905
OBL00682,BBB,consumer,south,5631986.970235003,2.2071521743662785,0,0.00525,0.55,16262.362376553574,0.06621824758237309,372940.3075757207,4661753.844696509
OBL00683,BBB,real_estate,east,410714.05984255124,3.06618147612244,0,0.00625,0.5,1283.4814370079728,0.07432937892425316,30528.120983555382,381601.5122944423
OBL00684,CCC,technology,south,426781.52413484995,4.044985812786673,0,0.102,0.55,23942.443503965085,0.20761149923480332,88604.7520713506,1107559.4008918824
OBL00685,BB,energy,east,1965643.5076063604,3.934486345664236,1,0.018,0.39999999999999997,14152.633254765793,0.09229844671966647,181425.84255666396,2267823.0319582997
OBL00686,A,industrials,north,10984631.375656836,4.653673513594404,0,0.002,0.55,12083.09451322252,0.06238934524604049,685323.959296343,8566549.491204288
OBL00687,B,financials,west,1805084.8923730797,1.927001686122527,1,0.0405,0.35,25587.078349388405,0.08285493162990552,149560.18534374688,1869502.316796836
OBL00688,BBB,industrials,east,3249635.134541273,1.257076776518114,0,0.005,0.55,8936.496619988502,0.05392942551849587,175250.9559505309,2190636.949381636
OBL00689,B,financials,north,2935594.669030083,1.9231600400699853,1,0.0405,0.35,41612.05443350143,0.08282595034313973,243143.41828467138,3039292.7285583923
OBL00690,BB,financials,north,717977.150657435,4.173937762495294,0,0.0135,0.55,5330.980343631454,0.12090497414547703,86807.00883728045,1085087.6104660055
OBL00691,BBB,industrials,south,8977003.12669973,1.9285203913563516,1,0.005,0.35,15709.755471724528,0.03917807545897638,351701.7058933089,4396271.323666361
OBL00692,BBB,industrials,south,3764539.022564087,3.971059402273895,0,0.005,0.55,10352.482312051241,0.08479471484076383,319213.0129252495,3990162.661565619
OBL00693,BB,consumer,north,1716224.2859577748,3.276821534206818,1,0.01575,0.35,9460.686376342233,0.07288027789915197,125078.90289787628,1563486.2862234535
OBL00694,B,financials,south,1273849.7740004766,1.8893450083424947,1,0.0405,0.35,18056.820546456755,0.08257085054527044,105182.85930611988,1314785.7413264986
OBL00695,BBB,industrials,west,3167252.702067937,4.512590344637129,1,0.005,0.35,5542.692228618889,0.057879423395553846,183318.76014370206,2291484.501796276
OBL00696,B,energy,east,3805541.3229717347,4.670352148408897,0,0.054,0.6000000000000001,123299.53886428423,0.19167203899706134,729415.8648615667,9117698.310769584
OBL00697,BBB,technology,east,281105.0497425327,1.934388944421796,1,0.00425,0.35,418.14376149201746,0.03620584662110927,10177.646315397431,127220.57894246788
OBL00698,CCC,real_estate,west,1996357.2588871205,4.798636689845215,1,0.15,0.3,89836.07664992042,0.13158961631974156,262699.88573408715,3283748.5716760894
OBL00699,BB,technology,south,1511216.8997566048,3.4636893774501027,1,0.01275,0.35,6743.805415163848,0.07010379823720472,105942.04463319106,1324275.5579148883
OBL00700,BBB,healthcare,north,6091182.31546047,2.9765135268355936,0,0.004,0.55,13400.601094013035,0.06650290703465762,405081.3312562182,5063516.640702727
OBL00701,BB,energy,north,550258.5157068315,1.585945771761489,1,0.018,0.39999999999999997,3961.861313089186,0.07095702518080638,39044.70735496278,488058.8419370348
OBL00702,BBB,real_estate,south,1637721.12173981,1.4888557051184104,0,0.00625,0.5,5117.878505436907,0.05740110673591342,94007.00491264669,1175087.5614080837
OBL00703,A,financials,north,83744.6899276398,2.7891735346424102,1,0.0018000000000000002,0.35,52.75915465441308,0.02738883116297623,2293.6691732239224,28670.86466529903
OBL00704,BBB,consumer,north,879877.6861146656,3.790170523318201,0,0.00525,0.55,2540.6468186560974,0.0843818948112006,74245.7463564503,928071.8294556288
OBL00705,BB,financials,south,1058936.8626243074,2.2789583473456636,1,0.0135,0.35,5003.476675899852,0.06181193969533713,65454.94149370319,818186.7686712899
OBL00706,BBB,consumer,east,1541763.261839203,4.124542155848561,0,0.00525,0.55,4451.841418560699,0.08821849492428814,136012.03448901567,1700150.431112696
OBL00707,A,consumer,east,4521143.932605944,4.0797244219535465,1,0.0021000000000000003,0.35,3323.040790465369,0.03726889676573114,168498.04648730264,2106225.581091283
OBL00708,BB,energy,west,989473.9732813381,4.157475564320153,1,0.018,0.39999999999999997,7124.212607625634,0.0943247719051193,93331.90683581433,1166648.835447679
OBL00709,CCC,healthcare,east,4881816.218208946,4.386334424907057,1,0.096,0.35,164029.02493182058,0.13194165861232707,644114.9288710464,8051436.61088808
OBL00710,BB,financials,north,4971908.124588935,4.176821951403905,0,0.0135,0.55,36916.417825072844,0.12094115539626513,601308.3131118634,7516353.913898293
OBL00711,B,healthcare,west,2318070.992055036,4.1283761610779255,1,0.036,0.35,29207.694499893452,0.09655383981112402,223818.6552376953,2797733.190471191
OBL00712,CCC,consumer,south,772105.2524318884,3.734208005447068,0,0.126,0.55,53506.89399352986,0.21855870305584582,168750.32259411996,2109379.0324264998
OBL00713,CCC,industrials,south,3572382.856799579,1.7090115423290069,0,0.12,0.55,235777.26854877223,0.19278218889419482,688691.7867019199,8608647.333773999
OBL00714,BB,healthcare,north,1995001.9176554463,1.485579933644892,1,0.012,0.35,8379.008054152873,0.0531025838685402,105939.75665019687,1324246.958127461
OBL00715,BB,energy,west,1717988.0172526469,4.9914659876075085,1,0.018,0.39999999999999997,12369.513724219056,0.10190332574426829,175068.69254684608,2188358.656835576
OBL00716,BBB,technology,south,5377318.951299927,2.683064597034238,1,0.00425,0.35,7998.761940058643,0.041452020136125714,222900.733447655,2786259.1680956874
OBL00717,CCC,healthcare,south,7938762.207127423,2.1170786868195384,1,0.096,0.35,266742.4101594814,0.11557308782034648,917507.2617491853,11468840.771864817
OBL00718,BB,financials,south,6058915.364673196,4.917428223702085,0,0.0135,0.55,44987.44658269848,0.13023183021761944,789063.6370750455,9863295.46343807
OBL00719,BB,real_estate,east,5420718.368410823,4.843955492882027,1,0.01875,0.3,30491.54082231088,0.07609733112474383,412502.2006149395,5156277.5076867435
OBL00720,B,industrials,west,3950249.475946761,4.1363942077389755,1,0.045,0.35,62216.42924616149,0.10235282529492526,404319.1944829489,5053989.931036862
OBL00721,BBB,energy,north,3685182.7313816976,3.2390417373064335,0,0.006,0.6000000000000001,13266.657832974113,0.08994564863725743,331466.1511209468,4143326.889011835
OBL00722,B,financials,north,1722876.9184714232,3.5165722405058917,0,0.0405,0.55,38377.08335895096,0.14904467948263012,256785.63810159473,3209820.476269934
OBL00723,B,industrials,west,671861.22584419,2.039191535241674,1,0.045,0.35,10581.814307045992,0.08663812544351822,58208.79716532485,727609.9645665607
OBL00724,CCC,industrials,west,689083.319145591,3.675955596166939,1,0.12,0.35,28941.49940411482,0.13657314845253218,94110.27844183441,1176378.4805229302
OBL00725,A,real_estate,south,2006400.4716832328,1.5700020197781295,1,0.0025,0.3,1504.8003537624247,0.021487855064110335,43113.24253609192,538915.5317011491
OBL00726,CCC,financials,north,2124417.729026811,4.698956975478069,1,0.108,0.35,80302.99015721347,0.1392819454539799,295893.03425578016,3698662.928197252
OBL00727,A,industrials,north,1111683.8348523162,3.3847792404759818,1,0.002,0.35,778.1786843966213,0.03240230080948312,36021.114021924506,450263.9252740563
OBL00728,A,technology,north,845568.6844435713,4.302356014291754,0,0.0017,0.55,790.6067199547392,0.05473100946355358,46278.82767036565,578485.3458795707
OBL00729,BBB,energy,west,13595825.787842294,4.300542328258468,0,0.006,0.6000000000000001,48944.97283623227,0.10353185197407673,1407601.0229322235,17595012.786652792
OBL00730,CCC,technology,west,4073327.843864553,3.1991909819483615,1,0.102,0.35,145417.80402596452,0.12604365971968884,513417.1486787976,6417714.3584849695
OBL00731,A,technology,south,1197426.806070561,1.8046599903094478,1,0.0017,0.35,712.4689496119837,0.021174091085951408,25354.424260497934,316930.30325622414
OBL00732,B,real_estate,north,809318.747880977,3.4525046224252476,0,0.056249999999999994,0.5,22762.089784152475,0.14875093546468146,120386.92083640001,1504836.5104550002
OBL00733,A,consumer,north,1662461.218874933,1.1298911830467366,0,0.0021000000000000003,0.55,1920.142707800548,0.03149971916302823,52367.061513985995,654588.2689248249
OBL00734,B,industrials,west,1618503.2157128598,4.310882865392592,0,0.045,0.55,40057.954588893284,0.1628947552222551,263645.685149979,3295571.064374738
OBL00735,CCC,real_estate,west,1054647.3159934334,3.8210115465238927,0,0.15,0.5,79098.5486995075,0.20979023120957185,221254.70426681676,2765683.8033352094
OBL00736,BBB,consumer,east,1012147.2243893286,1.800182721564727,1,0.00525,0.35,1859.8205248153913,0.0391673263779886,39643.1006802321,495538.75850290124
OBL00737,A,financials,east,2129625.5423723543,3.488113187999106,1,0.0018000000000000002,0.35,1341.6640916945832,0.03128018524397008,66615.0814656975,832688.5183212187
OBL00738,BBB,technology,south,1310110.7965042558,2.3138358467705733,1,0.00425,0.35,1948.7898098000808,0.038864734061232364,50917.107696887215,636463.8462110902
OBL00739,BBB,financials,east,4651785.37527928,2.0589206735905226,0,0.0045000000000000005,0.55,11513.168803816221,0.05992761818668862,278770.41785615875,3484630.2232019845
OBL00740,A,consumer,north,1174792.5811480249,4.031783013772646,1,0.0021000000000000003,0.35,863.4725471437984,0.03698897428377749,43454.37257285687,543179.6571607109
OBL00741,CCC,financials,west,7544366.652882765,2.0526706914151176,1,0.108,0.35,285177.0594789685,0.12037714542321208,908169.3217001004,11352116.521251256
OBL00742,CCC,financials,north,562265.0997239475,4.432703378426121,1,0.108,0.35,21253.620769565216,0.13737985684019186,77243.8989063121,965548.7363289013
OBL00743,BB,financials,south,1855251.3703888971,2.985326907739575,0,0.0135,0.55,13775.241425137561,0.10599422149089875,196645.9246742942,2458074.0584286773
OBL00744,A,real_estate,south,6609434.234609131,3.47946062880708,0,0.0025,0.5,8261.792793261413,0.05257058400066059,347461.81762736116,4343272.720342015
OBL00745,B,industrials,north,340865.5846398812,4.60312410708811,0,0.045,0.55,8436.423219837061,0.16633589122651496,56698.18080952171,708727.2601190214
OBL00746,BB,consumer,north,4330062.595049702,3.6253457922817356,0,0.01575,0.55,37509.16722961804,0.11889590670374851,514826.7183224205,6435333.979030256
OBL00747,BBB,industrials,west,1074613.4877308598,4.32375860837535,0,0.005,0.55,2955.1870912598647,0.08880585438776963,95431.96891456,1192899.611432
OBL00748,BBB,healthcare,west,3244926.6499197413,1.576722242264359,0,0.004,0.55,7138.838629823431,0.05128944217880799,166430.4777855317,2080380.9723191462
OBL00749,BB,healthcare,north,2676576.997263885,1.8750441885262896,1,0.012,0.35,11241.623388508317,0.056204525527001725,150435.74016770365,1880446.7520962956
OBL00750,B,industrials,west,522267.3773728196,3.791582354154451,1,0.045,0.35,8225.711193621908,0.09976909084934792,52106.14142075951,651326.7677594939
OBL00751,BB,technology,south,4112052.5663034497,2.936360915065548,0,0.01275,0.55,28835.768621202944,0.10355331391599791,425816.6702375059,5322708.3779688245
OBL00752,B,technology,north,1127613.2835553563,3.9203114221179294,1,0.03825,0.35,15095.922833597331,0.09644386778509047,108751.38643192452,1359392.3303990564
OBL00753,BB,real_estate,east,4200330.494980346,1.4376965301400486,1,0.01875,0.3,23626.85903426445,0.05291848815012823,222275.1395252397,2778439.244065496
OBL00754,A,industrials,south,19500322.203367937,2.2977480497376366,1,0.002,0.35,13650.225542357555,0.026148558070484468,509905.30752792413,6373816.344099051
OBL00755,A,healthcare,west,1042120.7367943359,4.6946904128961275,1,0.0016,0.35,583.587612604828,0.03590975478637289,37422.30011607885,467778.7514509856
OBL00756,BB,real_estate,north,7343834.974254746,4.8986451095106185,1,0.01875,0.3,41309.07173018294,0.0764694819359539,561579.2559043998,7019740.698804997
OBL00757,BB,industrials,south,7938871.433952653,3.9893238089706924,1,0.015,0.35,41679.07502825142,0.07759216647085548,615994.2338939734,7699927.923674667
OBL00758,A,healthcare,west,918576.6734733253,2.6859528951305496,0,0.0016,0.55,808.3474726565264,0.039508785597750236,36291.84884735224,453648.110591903
OBL00759,B,financials,north,517847.8469304994,2.393974567037723,1,0.0405,0.35,7340.493230239829,0.0863777639753523,44730.539097307046,559131.7387163381
OBL00760,B,healthcare,east,827522.5991307454,2.710618685988373,1,0.036,0.35,10426.78474904739,0.0857696543110239,70976.32726200404,887204.0907750505
OBL00761,CCC,consumer,north,5529837.0697976975,4.81568745857337,0,0.126,0.55,383217.70893698046,0.23048796371189031,1274560.8858761976,15932011.07345247
OBL00762,BBB,consumer,west,1020813.7123568507,1.7578790911835824,1,0.00525,0.35,1875.745196455713,0.038858439041754456,39667.22741460575,495840.3426825719
OBL00763,BB,real_estate,east,603209.0726292239,3.382919737244355,1,0.01875,0.3,3393.0510335393847,0.06615530418825877,39905.47968890378,498818.4961112973
OBL00764,CCC,technology,north,12756653.668444935,3.776427274745968,1,0.102,0.35,455412.53596348414,0.1301881767174771,1660765.4821111616,20759568.52638952
OBL00765,CCC,energy,west,5062897.876163952,2.217468580587506,1,0.144,0.39999999999999997,291622.91766704357,0.15338702288488187,776582.8323949799,9707285.404937249
OBL00766,B,healthcare,south,3215315.5887299124,4.165453320439063,0,0.036,0.55,63663.24865685227,0.15217064903972208,489276.6600045669,6115958.250057086
OBL00767,BB,consumer,south,3880028.2167128385,4.712871861256582,0,0.01575,0.55,33610.74442727496,0.13253117928452202,514224.71521817346,6427808.940227169
OBL00768,BB,consumer,west,773660.7339411712,4.618604516056513,1,0.01575,0.35,4264.804795850706,0.0835858968736737,64667.12632241744,808339.079030218
OBL00769,BBB,consumer,south,2471326.5603841515,1.06952898687679,1,0.00525,0.35,4541.062554705878,0.033832330686510675,83610.7374252736,1045134.21781592
OBL00770,BBB,consumer,east,989142.070598679,3.8483580611500217,1,0.00525,0.35,1817.5485547250726,0.05412243588241867,53534.778294579846,669184.728682248
OBL00771,BBB,real_estate,east,345332.86980208044,1.4830199934974608,1,0.00625,0.3,647.4991308789008,0.03440308581266922,11880.516353736299,148506.45442170373
OBL00772,CCC,technology,west,5612868.704506296,3.2748733058563517,1,0.102,0.35,200379.41275087473,0.12658705361536474,710516.5116333413,8881456.395416766
OBL00773,A,technology,north,134824.630629627,3.726081144832,1,0.0017,0.35,80.22065522462806,0.03167836895668279,4271.024393533799,53387.80491917249
OBL00774,BB,energy,west,3515067.3755790675,2.7975918945913527,0,0.018,0.6000000000000001,37962.727656253934,0.12295106082661945,432181.26270448754,5402265.783806094
OBL00775,BBB,technology,south,2655537.170523475,4.75836112871582,1,0.00425,0.35,3950.1115411536694,0.05599418624280068,148694.6429009714,1858683.0362621425
OBL00776,BBB,technology,north,4604417.66387459,3.3860988644093744,1,0.00425,0.35,6849.071275013453,0.04637837207609148,213545.39560890364,2669317.4451112957
OBL00777,B,consumer,east,1897723.4845589038,4.790608159726792,0,0.04725,0.55,49317.08905497452,0.17071026085446955,323960.8710787034,4049510.888483792
OBL00778,BBB,technology,north,6215568.855604231,1.3883589685166977,1,0.00425,0.35,9245.658672711295,0.03237966636801472,201258.04583188804,2515725.5728986007
OBL00779,BBB,technology,north,2669879.6146763065,1.1624168077063932,1,0.00425,0.35,3971.445926831006,0.030796428318490214,82222.75617237715,1027784.4521547144
OBL00780,A,technology,west,1610486.4476623342,2.2589827717399533,0,0.0017,0.55,1505.8048285642826,0.03717660983065226,59872.426302295775,748405.3287786972
OBL00781,CCC,technology,east,22682768.185673542,3.2301823975381154,1,0.102,0.35,809774.8242285454,0.1262661759583591,2864066.398954925,35800829.98693656
OBL00782,BBB,consumer,east,1194432.903350538,2.288468586715021,0,0.00525,0.55,3448.925008424679,0.06715127696184574,80207.6947052335,1002596.1838154187
OBL00783,BB,consumer,west,18556688.13716212,3.1731198559570934,0,0.01575,0.55,160747.31098816686,0.11322595166929623,2101098.674160521,26263733.427006513
OBL00784,B,financials,west,1264598.8551103047,1.682320026089919,0,0.0405,0.55,28168.93949758204,0.12729994983523252,160983.37081723424,2012292.135215428
OBL00785,B,financials,south,8382321.909199822,4.916300919139041,0,0.0405,0.55,186716.22052742605,0.1656382108723566,1388432.8039960149,17355410.049950186
OBL00786,B,industrials,north,209703.2021376961,4.409048637720702,1,0.045,0.35,3302.8254336687132,0.1043958717713143,21892.148600400924,273651.85750501155
OBL00787,B,energy,south,12057033.333770713,1.8405318222948046,1,0.054,0.39999999999999997,260431.92000944738,0.10378922102765922,1251390.0976165833,15642376.220207293
OBL00788,B,consumer,west,2832840.674899083,4.397886690114902,1,0.04725,0.35,46848.10266114359,0.10569956767320053,299430.0346238907,3742875.432798634
OBL00789,BB,healthcare,north,1260042.68616796,4.002654357739091,1,0.012,0.35,5292.179281905432,0.07315016953445341,92172.33611383436,1152154.2014229295
OBL00790,B,real_estate,east,841510.0609176019,1.6172659343434703,0,0.056249999999999994,0.5,23667.470463307553,0.1293393871165067,108840.39553145684,1360504.9441432105
OBL00791,BBB,consumer,east,1319481.1891899935,3.184079301112847,1,0.00525,0.35,2424.546685136613,0.049272088646114945,65013.59412065052,812669.9265081316
OBL00792,B,energy,east,3837543.1886292584,3.271479329818059,1,0.054,0.39999999999999997,82890.93287439198,0.11592126000873411,444852.84176383883,5560660.522047985
OBL00793,B,consumer,east,422328.18558152387,3.061076349441178,0,0.04725,0.55,10975.253722799853,0.15040383909807511,63519.780470785525,793997.2558848191
OBL00794,BBB,energy,north,1486777.743933196,4.703920813919628,1,0.006,0.39999999999999997,3568.26658543967,0.07246314331754988,107736.58873997466,1346707.359249683
OBL00795,BB,technology,west,3089954.427199054,3.6535969943486633,0,0.01275,0.55,21668.30542073337,0.11254350817511541,347754.31133821077,4346928.891727635
OBL00796,BBB,consumer,south,807986.1918915943,1.5854147351567525,0,0.00525,0.55,2333.060129086979,0.05908439501380795,47739.37532742539,596742.1915928174
OBL00797,BB,energy,north,1332840.1015819837,3.6986374485706563,1,0.018,0.39999999999999997,9596.448731390281,0.09015526435855231,120162.55170580346,1502031.8963225433
OBL00798,BB,consumer,west,1964405.1075787956,1.7388782033251404,0,0.01575,0.55,17016.65924440132,0.09524360031401291,187097.01492104033,2338712.6865130044
OBL00799,BB,consumer,south,1400996.5687658472,2.4724197225701796,0,0.01575,0.55,12136.132776934151,0.10444065668770447,146321.0016591258,1829012.5207390725
OBL00800,A,real_estate,east,5872461.413634526,3.6609918923848603,0,0.0025,0.5,7340.576767043157,0.054163710305679146,318074.2987893795,3975928.7348672436
OBL00801,BB,industrials,east,4777180.664170575,1.1321857756183769,0,0.015,0.55,39411.74047940725,0.0860869655203966,411252.98712115764,5140662.339014471
OBL00802,BBB,industrials,north,5455970.919633169,3.7688607263712437,1,0.005,0.35,9547.949109358044,0.05249692732795726,286421.7088714306,3580271.3608928826
OBL00803,CCC,healthcare,west,345271.2820504432,2.5616012270278836,1,0.096,0.35,11601.11507689489,0.11877951296930901,41011.154724240565,512639.43405300705
OBL00804,CCC,financials,east,1210428.5376405702,4.934168413326694,1,0.108,0.35,45754.198722813555,0.14096227204005532,170624.75680793638,2132809.460099205
OBL00805,B,real_estate,south,3628436.054025571,3.6613268230518177,1,0.056249999999999994,0.3,61229.8584116815,0.09057580434499721,328648.5141077538,4108106.4263469228
OBL00806,BB,real_estate,south,1603295.8609894929,4.595551190376558,0,0.01875,0.5,15030.898696776494,0.12401165747851581,198827.3771497511,2485342.2143718884
OBL00807,A,technology,north,494239.84943105123,2.3528055602784876,1,0.0017,0.35,294.07271041147544,0.024170765379357934,11946.15544172713,149326.94302158913
OBL00808,CCC,industrials,north,2701363.629019512,3.317652835878934,0,0.12,0.55,178289.99951528778,0.21063784527989154,569009.4141341383,7112617.676676728
OBL00809,BB,industrials,east,2312772.319935101,2.7688512287369944,1,0.015,0.35,12142.054679659279,0.06784869852566411,156918.59189377745,1961482.3986722182
OBL00810,A,real_estate,south,525298.3693732263,3.548567019643661,0,0.0025,0.5,656.6229617165329,0.05317706470771234,27933.825379015834,349172.81723769795
OBL00811,BBB,consumer,west,9988121.760140276,4.975444018443376,0,0.00525,0.55,28840.70158240505,0.097981793794928,978654.0867006978,12233176.083758723
OBL00812,BBB,healthcare,north,727180.9614011337,2.8744179741046185,0,0.004,0.55,1599.7981150824942,0.06539329367977308,47552.758167244065,594409.4770905508
OBL00813,BB,industrials,south,768309.1747835978,2.965591202205926,0,0.015,0.55,6338.550691964682,0.10908754043023147,83812.9581671235,1047661.9770890438
OBL00814,B,financials,north,3650981.182745944,4.961080257276173,0,0.0405,0.55,81325.60584566591,0.16616906186107488,606680.118009331,7583501.4751166385
OBL00815,A,real_estate,north,972940.08184078,3.62497841144847,0,0.0025,0.5,1216.175102300975,0.05384765442260827,52390.54130086653,654881.7662608316
OBL00816,BBB,industrials,south,2804409.656747682,1.9528383473274156,1,0.005,0.35,4907.716899308443,0.03935406858762362,110364.9299794423,1379561.6247430288
OBL00817,BB,healthcare,north,500592.2537036057,1.2725173215566414,0,0.012,0.55,3303.9088744437977,0.08078025586962626,40437.970340530126,505474.6292566266
OBL00818,BBB,industrials,north,141655.93207436544,3.9977967274569486,0,0.005,0.55,389.553813204505,0.08509879021311398,12054.748446039548,150684.35557549435
OBL00819,BB,financials,north,4422951.279876341,1.1746252493868363,0,0.0135,0.55,32840.41325308183,0.08327953362572597,368341.3198374095,4604266.4979676185
OBL00820,CCC,industrials,north,1863841.0620000716,3.5897232701994355,0,0.12,0.55,123013.51009200473,0.21365778279325323,398224.1487859577,4977801.859824471
OBL00821,B,healthcare,east,2338081.2364174165,1.680560899769341,1,0.036,0.35,29459.823578859443,0.07793451012198915,182217.21578560607,2277715.1973200757
OBL00822,B,healthcare,east,3245953.209105082,2.5162187442088393,0,0.036,0.55,64269.87354028063,0.13245720609769185,429949.89320189605,5374373.6650237
OBL00823,B,healthcare,north,495836.26242303045,2.251288191672611,0,0.036,0.55,9817.557995976003,0.12929046838415123,64106.902610520534,801336.2826315067
OBL00824,CCC,technology,south,616386.9891691251,4.073597174465204,0,0.102,0.55,34579.31009238792,0.20793431405806354,128168.00578719706,1602100.0723399634
OBL00825,BB,energy,east,2502715.475826167,1.2895134280636045,1,0.018,0.39999999999999997,18019.5514259484,0.06826331502101297,170843.65493428602,2135545.6866785754
OBL00826,BB,financials,north,2460158.9184772302,1.0204790104951433,0,0.0135,0.55,18266.679969693436,0.0813458171098862,200123.6374437042,2501545.4680463024
OBL00827,CCC,healthcare,north,21341882.748581808,2.8217558601605255,0,0.096,0.55,1126851.4091251197,0.18960237613046038,4046471.6802287917,50580896.0028599
OBL00828,BB,healthcare,west,2054840.012130236,4.048523847529207,1,0.012,0.35,8630.328050946991,0.0735155033987272,151062.597895601,1888282.4736950125
OBL00829,B,real_estate,east,776693.4655971815,1.8171355129521807,0,0.056249999999999994,0.5,21844.503719920725,0.1314534325612153,102099.0221006157,1276237.776257696
OBL00830,BBB,healthcare,north,1009203.578026412,1.845363339941645,1,0.004,0.35,1412.8850092369769,0.03449672287900878,34814.21615968125,435177.7019960156
OBL00831,BBB,energy,west,4906386.480758722,3.711544496678858,0,0.006,0.6000000000000001,17662.991330731402,0.09599323694833359,470979.92000757257,5887249.000094657
OBL00832,BBB,industrials,west,1419473.7415329698,3.4825906947951037,1,0.005,0.35,2484.079047682697,0.0504251430647165,71577.16649340841,894714.5811676051
OBL00833,A,financials,west,2360904.2140744515,1.150049404771993,1,0.0018000000000000002,0.35,1487.3696548669045,0.018262989838343863,43117.16967094491,538964.6208868114
OBL00834,CCC,industrials,east,2631819.6943687024,1.3160255921149013,1,0.12,0.35,110536.42716348548,0.11990370562922005,315564.93390276877,3944561.6737846094
OBL00835,B,energy,north,2128557.438226583,2.7459830371984184,1,0.054,0.39999999999999997,45976.84066569419,0.11146593130313642,237261.63718414435,2965770.464801804
OBL00836,BBB,consumer,north,2116150.8040745296,3.2704239719702413,1,0.00525,0.35,3888.427102486948,0.049902549321448414,105601.31987195193,1320016.498399399
OBL00837,A,healthcare,west,5187983.767082075,1.675422597496826,1,0.0016,0.35,2905.2709095659616,0.019725025499231955,102333.11209529538,1279163.9011911922
OBL00838,BBB,consumer,east,948201.6482927975,4.1642147207853615,0,0.00525,0.55,2737.932259445453,0.08867370030750552,84080.54879179827,1051006.8598974783
OBL00839,CCC,industrials,south,22327787.577999238,4.672644610980537,1,0.12,0.35,937767.0782759679,0.1436132939299538,3206567.120244776,40082089.0030597
OBL00840,BB,energy,north,3307867.3638594197,1.985484574141421,0,0.018,0.6000000000000001,35724.96752968174,0.1118815109624787,370089.1987320632,4626114.98415079
OBL00841,BB,healthcare,south,1130974.3168250998,2.2375061949939674,0,0.012,0.55,7464.430491045659,0.09285792066847565,105019.92338982856,1312749.042372857
OBL00842,BBB,financials,west,6624619.743096143,3.1883405927762163,1,0.0045000000000000005,0.35,10433.776095376425,0.046144020137357286,305686.58682776307,3821082.335347038
OBL00843,B,consumer,north,4853954.107523034,4.964831013206448,0,0.04725,0.55,126142.13236925488,0.17275581024611453,838548.7747425975,10481859.684282469
OBL00844,CCC,technology,west,10711648.558234261,2.003480825701338,0,0.102,0.55,600923.4841169422,0.18457771010601373,1977131.5623392635,24714144.529240794
OBL00845,B,energy,south,5281925.6207127115,3.7813938542293752,1,0.054,0.39999999999999997,114089.59340739455,0.12024448140899487,635122.4071034833,7939030.088793541
OBL00846,A,healthcare,south,3279943.4211128918,1.6309603110901003,1,0.0016,0.35,1836.7683158232192,0.019486686235219028,63915.22831649779,798940.3539562224
OBL00847,CCC,real_estate,west,1340964.0224345322,1.8176420304278817,1,0.15,0.3,60343.381009553945,0.11416186469109003,153086.95328479088,1913586.916059886
OBL00848,A,consumer,west,1193967.2581887995,3.7749861506204385,1,0.0021000000000000003,0.35,877.5659347687678,0.035489577039953576,42373.39299267354,529667.4124084193
OBL00849,BBB,consumer,south,10813630.290867366,2.4611219062026306,1,0.00525,0.35,19870.045659468786,0.04399328912199367,475727.1638444765,5946589.548055956
OBL00850,B,technology,south,846364.2649764636,4.787081915309941,1,0.03825,0.35,11330.701597372405,0.1030084982300635,87182.71189081705,1089783.8986352133
OBL00851,BBB,financials,south,986278.4356872671,2.1023707825516484,1,0.0045000000000000005,0.35,1553.3885362074457,0.03844384430241724,37916.33462039293,473954.18275491166
OBL00852,A,industrials,south,1400511.6233229004,2.8260422307607995,1,0.002,0.35,980.3581363260303,0.029187859910926407,40877.93706517295,510974.2133146619
OBL00853,B,energy,west,818193.235535429,4.177624207036873,0,0.054,0.6000000000000001,26509.460831347904,0.18540577706883368,151697.75262690947,1896221.9078363683
OBL00854,BB,real_estate,south,490675.59489643725,1.3299430749612378,1,0.01875,0.3,2760.0502212924594,0.052185249589912774,25606.02838734951,320075.35484186886
OBL00855,BBB,real_estate,west,337277.1855568116,4.965747841866241,0,0.00625,0.5,1053.9912048650363,0.09471602134794065,31945.553107372303,399319.4138421538
OBL00856,B,consumer,south,1493566.1152094596,3.763736493349804,1,0.04725,0.35,24699.849630276436,0.10096148827291988,150792.65782555036,1884908.2228193795
OBL00857,CCC,real_estate,north,6618916.896147721,2.8277922546177043,1,0.15,0.3,297851.26032664743,0.12006749325677418,794716.7597953653,9933959.497442067
OBL00858,B,consumer,west,826470.3423831384,3.657201579635141,1,0.04725,0.35,13667.753287161151,0.10016550826273139,82783.8219088807,1034797.7738610087
OBL00859,BB,financials,east,655794.8851574381,1.8643979487332194,0,0.0135,0.55,4869.277022293978,0.09193251712043624,60288.87450723069,753610.9313403836
OBL00860,BBB,financials,east,7431434.633532626,2.0605564023217857,0,0.0045000000000000005,0.55,18392.800717993254,0.05994584407974152,445483.6218305378,5568545.272881722
OBL00861,A,industrials,south,1640806.932664466,2.3352517073800496,1,0.002,0.35,1148.5648528651263,0.0263643184172578,43258.75643401006,540734.4554251258
OBL00862,BB,consumer,west,1426131.0526830358,4.270887809024081,0,0.01575,0.55,12353.860243866799,0.12698963577538488,181103.86294818495,2263798.286852312
OBL00863,BBB,technology,south,1570720.5795141966,1.0334649147691573,1,0.00425,0.35,2336.446862027368,0.029892827402555576,46953.27918105995,586915.9897632494
OBL00864,B,real_estate,west,1477902.1388696923,2.666564095091576,1,0.056249999999999994,0.3,24939.598593426053,0.08426276672842031,124532.12317501033,1556651.539687629
OBL00865,B,financials,east,677961.7995706834,2.8592031676580647,0,0.0405,0.55,15101.599085436974,0.14125168751822473,95763.24826225148,1197040.6032781436
OBL00866,B,industrials,south,1701277.0703784723,1.9876488273323907,1,0.045,0.35,26795.11385846094,0.08625190707991169,146738.39179146837,1834229.8973933547
OBL00867,BB,industrials,south,3196164.095347718,3.1267539054241515,0,0.015,0.55,26368.353786618674,0.11110937083080015,355123.7817060785,4439047.271325981
OBL00868,B,consumer,west,1444755.6200667147,2.889861013849439,0,0.04725,0.55,37545.586676483756,0.14839360095442727,214392.4889608462,2679906.1120105777
OBL00869,B,real_estate,south,1769952.9755762133,3.6547791938777494,1,0.056249999999999994,0.3,29867.956462848597,0.09053425129107445,160241.36746420187,2003017.0933025235
OBL00870,BBB,financials,north,1065168.0186400875,3.4229286672795594,1,0.0045000000000000005,0.35,1677.6396293581377,0.0478073899708909,50922.90285164785,636536.2856455981
OBL00871,BBB,consumer,west,366560.9272803588,1.747341305887371,1,0.00525,0.35,673.5557038776593,0.038781495564312284,14215.780975373433,177697.26219216792
OBL00872,BBB,real_estate,south,1350601.9070660705,2.179850094995087,0,0.00625,0.5,4220.63095958147,0.06481703902300356,87542.01651484452,1094275.2064355565
OBL00873,BB,financials,east,4647971.399909383,1.4511556977407882,1,0.0135,0.35,21961.664864571834,0.05520360484494216,256584.7764911902,3207309.7061398774
OBL00874,BB,financials,east,428201.76079628145,3.062010036941343,0,0.0135,0.55,3179.39807391239,0.10695618744277594,45798.82779105378,572485.3473881723
OBL00875,BB,industrials,north,819911.4574811152,2.2020746773522184,0,0.015,0.55,6764.269524219201,0.0995090158059858,81588.58218199715,1019857.2772749644
OBL00876,BB,healthcare,south,1684514.5964933222,4.394431816292414,0,0.012,0.55,11117.796336855929,0.11985369789158429,201895.30354207463,2523691.294275933
OBL00877,BB,healthcare,north,1839018.5239872215,4.0000949688599405,1,0.012,0.35,7723.87780074633,0.0731297849294866,134487.02914052742,1681087.8642565927
OBL00878,BB,healthcare,south,807544.5335398784,4.547390953046494,1,0.012,0.35,3391.687040867489,0.07748879911776935,62575.65613812439,782195.7017265549
OBL00879,B,healthcare,north,1806747.627647223,1.6585107640593097,1,0.036,0.35,22765.020108355006,0.07776678555838962,140504.95531737077,1756311.9414671345
OBL00880,A,energy,south,6740686.771266028,3.0529056035265576,0,0.0024,0.6000000000000001,9706.588950623081,0.05739871172058576,386906.7367826648,4836334.20978331
OBL00881,B,technology,north,468637.47118256585,2.5024596930615144,0,0.03825,0.55,9858.96080000323,0.13468012167346283,63116.1516396119,788951.8954951487
OBL00882,A,real_estate,east,468755.15571989265,4.337934600229852,1,0.0025,0.3,351.56636678991947,0.03606275346186032,16904.60161470243,211307.52018378038
OBL00883,BBB,healthcare,north,677767.6677678771,2.457644385829276,1,0.004,0.35,948.8747348750279,0.03873140700223199,26250.8953932712,328136.19241589
OBL00884,B,healthcare,south,4136987.8566405866,4.842240156602566,1,0.036,0.35,52126.046993671385,0.10198385297264453,421905.96132124943,5273824.516515618
OBL00885,BB,energy,west,872229.4355766786,4.632663445946278,1,0.018,0.39999999999999997,6280.051936152085,0.09864285139866995,86039.19859913607,1075489.9824892008
OBL00886,BB,consumer,south,5096667.134903453,1.4319332711588322,0,0.01575,0.55,44149.87905610116,0.09139516124043752,465810.7145833398,5822633.932291748
OBL00887,B,real_estate,north,284744.1568363393,1.8441317307604472,0,0.056249999999999994,0.5,8008.429411022042,0.13173897492178463,37511.90333658721,468898.7917073401
OBL00888,BBB,real_estate,west,3775421.077139837,2.8306350743841926,1,0.00625,0.3,7078.914519637195,0.043080860048174484,162648.3870471895,2033104.8380898687
OBL00889,A,energy,west,1279111.4051828722,1.2483744590353036,0,0.0024,0.6000000000000001,1841.9204234633362,0.03861383514223135,49391.39692827931,617392.4616034913
OBL00890,BBB,healthcare,east,8618602.942972383,2.0721826965672974,1,0.004,0.35,12066.044120161336,0.03606546052782804,310833.88424479304,3885423.5530599128
OBL00891,A,technology,south,389368.3188693138,4.504137504463445,1,0.0017,0.35,231.67414972724168,0.035931949792628814,13990.76288445247,174884.53605565586
OBL00892,BBB,industrials,south,1198414.416490033,3.4807144842253632,0,0.005,0.55,3295.6396453475913,0.07921817296476083,94936.20052897037,1186702.5066121295
OBL00893,BB,consumer,east,9888379.74127856,2.3498244287109906,1,0.01575,0.35,54509.69332379807,0.06548409093287953,647531.5581567291,8094144.476959114
OBL00894,BBB,industrials,east,2488121.7091485327,1.7448939889518962,1,0.005,0.35,4354.212991009932,0.03784914036674029,94173.26781909657,1177165.847738707
OBL00895,BBB,energy,south,2747674.2370376806,4.656662319935585,0,0.006,0.6000000000000001,9891.627253335651,0.10808985096199283,296995.6987735103,3712446.234668879
OBL00896,BB,technology,east,983851.9499961998,2.210193000269683,1,0.01275,0.35,4390.439326858041,0.060105285915684224,59134.70275322505,739183.7844153132
OBL00897,BB,energy,south,1068041.0261442473,4.8179266148158835,0,0.018,0.6000000000000001,11534.843082357871,0.15048953433205453,160728.99667197745,2009112.4583997182
OBL00898,BB,technology,west,707614.9927597056,1.477630528403862,0,0.01275,0.55,4962.150136727436,0.08526886068426144,60337.524235722005,754219.052946525
OBL00899,BB,consumer,west,10355638.61819609,3.0949769708695016,1,0.01575,0.35,57085.45788280595,0.07142940347757157,739697.0891270502,9246213.614088127
OBL00900,BB,real_estate,west,6852183.283058108,4.166817761970174,1,0.01875,0.3,38543.530967201856,0.07148955781429683,489859.55296834087,6123244.412104261
OBL00901,B,industrials,east,2363970.5057701212,2.2553242726129312,1,0.045,0.35,37232.53546587941,0.08825764516871858,208638.47008757555,2607980.8760946942
OBL00902,A,consumer,east,2865701.4419015856,2.9421345559233227,1,0.0021000000000000003,0.35,2106.2905597976655,0.03062668514059639,87766.93576807294,1097086.6971009118
OBL00903,BB,technology,north,835950.7572790304,4.195359016682078,0,0.01275,0.55,5862.104685419201,0.11933422320420027,99757.53425685606,1246969.1782107006
OBL00904,BBB,real_estate,south,1175024.6315732482,1.638091551035835,0,0.00625,0.5,3671.9519736664006,0.05900274481625696,69329.67848953271,866620.9811191589
OBL00905,BB,consumer,south,1287210.561464371,3.4266544712554268,1,0.01575,0.35,7095.748220072344,0.07407574270648218,95351.07836010121,1191888.479501265
OBL00906,B,consumer,south,1130319.8044030534,3.2082462494812085,0,0.04725,0.55,29374.185916924354,0.152131759939014,171957.54113775858,2149469.264221982
OBL00907,BB,technology,west,661787.4512596267,3.371717557589369,1,0.01275,0.35,2953.2265012460834,0.06937018512842279,45908.31800954737,573853.9751193422
OBL00908,A,consumer,west,5095708.059026163,2.4943297638930617,0,0.0021000000000000003,0.55,5885.54280817522,0.04401889184746431,224307.42193652497,2803842.774206562
OBL00909,B,consumer,north,3637131.060235803,2.1112846479603213,1,0.04725,0.35,60149.054908649596,0.08861512602540353,322304.8272737052,4028810.3409213154
OBL00910,A,energy,east,1511554.3208619533,4.7468651637632995,1,0.0024,0.39999999999999997,1451.0921480274749,0.050021704025291415,75610.522856307,945131.5357038375
OBL00911,B,consumer,west,1012351.1062635751,3.633469080092947,1,0.04725,0.35,16741.756419833873,0.09998818991169776,101223.15467039967,1265289.4333799959
OBL00912,BB,industrials,north,923236.505001423,4.201096372302183,1,0.015,0.35,4846.99165125747,0.07928282238226995,73196.7958428555,914959.9480356937
OBL00913,B,financials,west,504734.8425240026,1.0694332592896125,0,0.0405,0.55,11242.968617222159,0.12003428759761944,60585.487248065285,757318.5906008161
OBL00914,BBB,energy,north,1506675.380567324,2.7032401756246136,1,0.006,0.39999999999999997,3616.0209133615776,0.055391930360092545,83457.65775565115,1043220.7219456394
OBL00915,A,industrials,south,1641284.6650497199,3.447511809513598,1,0.002,0.35,1148.8992655348038,0.032763204297313366,53773.74479107151,672171.8098883939
OBL00916,CCC,consumer,north,14146216.323563242,2.5931526813413908,1,0.126,0.35,623848.139869139,0.13107327588069886,1854190.9148464506,23177386.435580634
OBL00917,BBB,technology,north,559614.9484991017,2.177700567482076,0,0.00425,0.55,1308.0999421166503,0.059574109897198725,33338.562442000686,416732.03052500857
OBL00918,CCC,technology,north,3566510.5994375236,2.7827622072095672,1,0.102,0.35,127324.42839991958,0.12305372967404254,438872.43118279247,5485905.389784906
OBL00919,A,energy,east,2859107.523557519,1.6863852630719482,0,0.0024,0.6000000000000001,4117.1148339228275,0.0431734565812583,123437.55452945948,1542969.4316182435
OBL00920,B,financials,south,11073852.490302317,4.2495111025151555,1,0.0405,0.35,156971.85905003533,0.10037588761912167,1111547.773077316,13894347.163466448
OBL00921,B,industrials,north,2132134.1862872816,3.3144033950710043,1,0.045,0.35,33581.113434024686,0.09619350694620808,205097.46465887333,2563718.308235917
OBL00922,BBB,real_estate,west,6258296.256204976,1.5782206070844458,1,0.00625,0.3,11734.30548038433,0.035016116524113794,219141.23094969854,2739265.3868712317
OBL00923,BBB,healthcare,west,1105193.3051433482,2.0822296076352007,1,0.004,0.35,1547.2706272006874,0.03613494740002903,39936.10194821912,499201.274352739
OBL00924,A,industrials,south,2703873.790520792,1.3449827200929034,1,0.002,0.35,1892.7116533645542,0.020667253290086847,55881.64449312043,698520.5561640054
OBL00925,BBB,industrials,west,6043724.20473437,1.585007537462233,1,0.005,0.35,10576.517358285146,0.036692015283552565,221756.42088969008,2771955.261121126
OBL00926,B,financials,north,1921274.1025087684,4.0828909255739365,1,0.0405,0.35,27234.060403061794,0.09911890895350366,190434.59284129107,2380432.410516138
OBL00927,BB,financials,west,4065770.466937971,3.4488263539850808,0,0.0135,0.55,30188.345717014436,0.1118086775602244,454588.4191717506,5682355.239646883
OBL00928,BB,financials,west,683761.7569531662,2.9710319121858664,0,0.0135,0.55,5076.93104537726,0.10581489522776828,72352.17867275405,904402.2334094256
OBL00929,A,financials,north,637096.8254049332,3.1799052594511092,1,0.0018000000000000002,0.35,401.37100000510793,0.029564234267673368,18835.27979746244,235440.99746828052
OBL00930,BBB,industrials,north,4392262.040047512,4.216426328000104,1,0.005,0.35,7686.458570083146,0.055736034701919075,244807.26948401003,3060090.8685501255
OBL00931,BB,industrials,south,2256906.822106223,3.017117801552595,0,0.015,0.55,18619.481282376342,0.10973395577892388,247659.3134141559,3095741.417676949
OBL00932,B,healthcare,south,380283.5163137467,2.0978739841063,1,0.036,0.35,4791.572305553208,0.08110880600275987,30844.341950739046,385554.27438423806
OBL00933,BB,consumer,west,2267158.236029574,2.1353214156382134,1,0.01575,0.35,12497.709776113028,0.06377264611810154,144582.67988005336,1807283.498500667
OBL00934,CCC,healthcare,north,503084.9062501065,4.834090926706801,0,0.096,0.55,26562.88305000563,0.2124122171880391,106861.38037042192,1335767.254630274
OBL00935,BBB,real_estate,east,637519.0790628146,3.9450468779863463,0,0.00625,0.5,1992.2471220712957,0.08376159198585587,53399.612983658066,667495.1622957258
OBL00936,CCC,financials,west,4002702.519899288,3.136230156815625,1,0.108,0.35,151302.1552521931,0.12811798402340754,512818.17749491014,6410227.218686377
OBL00937,BB,technology,south,822217.5012909381,1.0408132283134726,0,0.01275,0.55,5765.800227802704,0.07979357507470178,65607.67391699218,820095.9239624023
OBL00938,BBB,industrials,south,5304526.839561151,4.994425713911982,1,0.005,0.35,9282.921969232013,0.06136654682946779,325520.4947080982,4069006.183851227
OBL00939,BB,healthcare,north,959695.184671884,1.4432199041652205,0,0.012,0.55,6333.988218834435,0.08291674534613235,79574.80123734806,994685.0154668507
OBL00940,BB,real_estate,east,2234606.2818906554,4.053972185135909,1,0.01875,0.3,12569.660335634937,0.07072166848631814,158035.0846653149,1975438.5583164364
OBL00941,B,technology,south,1924425.9494573656,2.8963688145338913,0,0.03825,0.55,40485.11091170933,0.13936822145609395,268203.821899828,3352547.7737478497
OBL00942,A,financials,west,1366905.3620167435,3.012624696791063,1,0.0018000000000000002,0.35,861.1503780705484,0.02863289792546999,39138.461704403024,489230.7713050378
OBL00943,BB,industrials,west,3117100.8042639624,4.249886275716019,1,0.015,0.35,16364.779222385801,0.07967232958436593,248346.68262501052,3104333.5328126317
OBL00944,BBB,technology,east,6927243.703087356,3.950524716663772,0,0.00425,0.55,16192.432155966695,0.07909543278695103,547913.3387163756,6848916.733954696
OBL00945,A,industrials,east,2117840.4258487704,2.686007514076981,0,0.002,0.55,2329.6244684336475,0.04460065256203344,94457.06501510995,1180713.3126888745
OBL00946,BB,real_estate,east,1056604.109871556,4.123179403729143,1,0.01875,0.3,5943.398118027502,0.07119260838549454,75222.40261258974,940280.0326573717
OBL00947,B,financials,south,1580320.5278227606,3.0258729299366958,1,0.0405,0.35,22401.04348188763,0.09114479024782574,144037.98303273876,1800474.7879092344
OBL00948,BBB,industrials,south,4294414.0403008815,3.765454464867976,1,0.005,0.35,7515.224570526542,0.05247227564178495,225337.67724261925,2816720.9655327406
OBL00949,BB,technology,north,1651969.833075263,3.349224270389944,0,0.01275,0.55,11584.438454440284,0.10872834885086519,179615.95230171274,2245199.4037714093
OBL00950,BB,consumer,east,4782088.459376708,2.1746525293474313,0,0.01575,0.55,41424.84127935073,0.10070728701406408,481591.1550050936,6019889.43756367
OBL00951,A,technology,north,1744338.5779401807,1.393276642841101,1,0.0017,0.35,1037.8814538744073,0.018925086497328075,33011.75846814417,412646.98085180216
OBL00952,BB,consumer,north,2043340.8084834479,4.489827310026749,1,0.01575,0.35,11263.916206765007,0.08255842840894655,168695.0058522597,2108687.573153246
OBL00953,BBB,consumer,east,5070096.887102575,2.4316859255263523,1,0.00525,0.35,9316.303030050982,0.04377835717457888,221960.5124332971,2774506.4054162134
OBL00954,BB,industrials,west,1380900.9736589699,1.9240000905406203,0,0.015,0.55,11392.433032686502,0.09602049369749287,132594.79323808287,1657434.9154760358
OBL00955,B,consumer,south,257179.24069681927,1.863375499889656,0,0.04725,0.55,6683.445517608591,0.13634164119899814,35064.23975891651,438302.9969864564
OBL00956,BBB,industrials,west,941695.2325942618,3.8763320651814777,0,0.005,0.55,2589.66188963422,0.0837174099831945,78836.28586631353,985453.5733289191
OBL00957,BBB,consumer,east,5041086.483348854,1.195771750744234,1,0.00525,0.35,9262.996413153518,0.034754114247366255,175198.49557315986,2189981.1946644983
OBL00958,BB,financials,west,1223603.7969295143,2.890465474622826,0,0.0135,0.55,9085.258192201643,0.10480421438301872,128238.83465327651,1602985.4331659565
OBL00959,BBB,healthcare,south,1038366.3384229356,4.245861748381449,0,0.004,0.55,2284.4059445304583,0.08029866699628521,83379.4328291753,1042242.9103646913
OBL00960,BBB,consumer,south,1432748.4676407038,1.2585796506306766,1,0.00525,0.35,2632.675309289793,0.03521271708394528,50450.96644348823,630637.0805436028
OBL00961,BBB,real_estate,south,649741.1127940004,3.1130165340852733,1,0.00625,0.3,1218.2645864887506,0.04489921500006921,29172.865917722043,364660.82397152553
OBL00962,BB,real_estate,west,12168189.559423234,2.1921764902993983,1,0.01875,0.3,68446.06627175568,0.05805255831781456,706394.5340206395,8829931.675257994
OBL00963,BBB,technology,east,4179744.3245365825,1.97376203513705,1,0.00425,0.35,6217.369682748167,0.03648174455500619,152484.3647529805,1906054.5594122563
OBL00964,A,consumer,west,3515898.734010734,4.347617634428714,0,0.0021000000000000003,0.55,4060.863037782399,0.061023417526308216,214552.1564257555,2681901.955321944
OBL00965,BBB,real_estate,east,3650975.986544309,2.5369074791606194,0,0.00625,0.5,11409.299957950967,0.06864907213697673,250636.11387065006,3132951.423383126
OBL00966,A,industrials,south,2466307.9022898185,4.786765143063784,1,0.002,0.35,1726.415531602873,0.04046799315868948,99806.53131708618,1247581.6414635773
OBL00967,BBB,industrials,south,384354.6405776676,2.73908602783507,0,0.005,0.55,1056.9752615885861,0.07078386072603053,27206.10534805315,340076.3168506643
OBL00968,BB,energy,west,507140.6601749785,2.833519775700732,1,0.018,0.39999999999999997,3651.4127532598445,0.08229385410973825,41734.55950155602,521681.99376945023
OBL00969,BBB,financials,east,5757196.728615096,2.229165897602115,0,0.0045000000000000005,0.55,14249.061903322367,0.06182455328741751,355936.1159344098,4449201.449180122
OBL00970,BB,industrials,west,4368218.447905974,2.0395364799243945,0,0.015,0.55,36037.80219522429,0.09746992945256179,425769.94395077426,5322124.299384679
OBL00971,A,energy,south,1055242.5836343358,2.981010529584468,0,0.0024,0.6000000000000001,1519.5493204334437,0.056650295659872896,59779.804355773274,747247.5544471659
OBL00972,BBB,financials,south,1052241.271954704,4.168300489832337,1,0.0045000000000000005,0.35,1657.280003328659,0.0530925222480757,55866.1431415986,698326.7892699825
OBL00973,BBB,financials,west,572208.1812171164,3.388543040323267,0,0.0045000000000000005,0.55,1416.2152485123636,0.07474276118299279,42768.41943566559,534605.2429458199
OBL00974,BB,financials,east,10686864.074856633,2.516012483538725,1,0.0135,0.35,50495.43275369759,0.0637043389409576,680799.6112406102,8509995.140507627
OBL00975,BB,technology,west,2319713.894176067,4.462307159807835,0,0.01275,0.55,16266.99368290967,0.12268028419183213,284583.1597812615,3557289.497265769
OBL00976,B,real_estate,north,4343744.330146544,3.2398011056852183,1,0.056249999999999994,0.3,73300.68557122292,0.08790068631404072,381818.10779260425,4772726.347407553
OBL00977,A,financials,north,347845.6721654721,3.5660122488016373,1,0.0018000000000000002,0.35,219.14277346424745,0.03171388910767806,11031.539073641521,137894.23842051902
OBL00978,BB,healthcare,west,7118589.334067929,4.91624976707904,1,0.012,0.35,29898.0752030853,0.08042662590674308,572524.1213548126,7156551.516935158
OBL00979,BBB,financials,south,1210660.030299412,1.3469258783392628,1,0.0045000000000000005,0.35,1906.789547721574,0.033087287848198775,40057.4569088257,500718.2113603212
OBL00980,BB,consumer,north,6713290.495263608,3.24684248423036,0,0.01575,0.55,58153.87891522101,0.11415027721932612,766323.971088208,9579049.6386026
OBL00981,BBB,healthcare,west,4426548.39357141,1.6401203287932278,0,0.004,0.55,9738.406465857104,0.05197847673129164,230085.24267518794,2876065.533439849
OBL00982,BB,technology,east,14430823.51299932,2.3303681037354553,1,0.01275,0.35,64397.54992675946,0.06106386248169339,881201.822495378,11015022.781192224
OBL00983,B,industrials,north,11467580.122242874,2.7151553707802587,0,0.045,0.55,283822.60802551114,0.14410508918183024,1652536.656215593,20656708.20269491
OBL00984,A,financials,west,1350216.7905873163,4.80906822225137,0,0.0018000000000000002,0.55,1336.7146226814434,0.06071154050796302,81973.74137627367,1024671.7672034209
OBL00985,CCC,financials,north,3042326.837964801,1.58768273473898,1,0.108,0.35,114999.95447506948,0.11705531875970338,356120.5377891702,4451506.722364628
OBL00986,A,technology,east,15886619.809765814,3.614905522749003,1,0.0017,0.35,9452.538786810659,0.031070579444184468,493606.48289888346,6170081.036236043
OBL00987,A,real_estate,east,11071099.959114155,2.0382758142338706,0,0.0025,0.5,13838.874948892693,0.03992268306481923,441988.0148466475,5524850.185583094
OBL00988,BBB,real_estate,east,2075773.733584843,2.978187739687244,1,0.00625,0.3,3892.0757504715807,0.04403100429596994,91398.4021809358,1142480.0272616975
OBL00989,BBB,financials,west,807795.9102029161,3.5336850917625564,1,0.0045000000000000005,0.35,1272.2785585695929,0.04859271930080291,39252.9999168269,490662.4989603362
OBL00990,BBB,financials,east,2074744.7459579904,1.7386294937178723,1,0.0045000000000000005,0.35,3267.722974883835,0.035864700889702485,74410.0997362651,930126.2467033137
OBL00991,BB,industrials,south,2327476.1689778343,1.7866302919909378,1,0.015,0.35,12219.249887133628,0.060007278433744884,139665.51051975877,1745818.8814969845
OBL00992,B,energy,north,3354791.7500894885,4.48975204040627,0,0.054,0.6000000000000001,108695.25270289944,0.18937525920036577,635314.5572364456,7941431.96545557
OBL00993,BBB,healthcare,south,474635.3244707287,3.719114451215109,0,0.004,0.55,1044.1977138356033,0.07457377673465702,35395.34871746162,442441.8589682702
OBL00994,CCC,industrials,west,1336965.1509583178,2.6069547676419416,1,0.12,0.35,56152.53634024934,0.1290222261122195,172498.22001110174,2156227.7501387717
OBL00995,B,industrials,south,2491272.645613239,3.6851510151803506,0,0.045,0.55,61658.99797892767,0.15552677257105593,387459.5941667831,4843244.927084789
OBL00996,A,industrials,east,1064287.763241598,1.8981864837642184,0,0.002,0.55,1170.7165395657578,0.037478353248192264,39887.75274849702,498596.90935621277
OBL00997,BB,financials,north,4494457.589162336,1.4857617036408093,1,0.0135,0.35,21236.312108792037,0.05547986401725967,249351.89587806712,3116898.698475839
OBL00998,B,financials,south,2030384.2254182028,4.450864254675705,0,0.0405,0.55,45226.808621190474,0.16012054304172832,325106.2247573216,4063827.80946652
OBL00999,BBB,real_estate,east,1046702.7283006537,2.9162441447164866,1,0.00625,0.3,1962.5676155637257,0.043632127391046834,45669.866781770404,570873.33477213
OBL01000,BB,industrials,south,3583077.125701559,2.2368446998893723,0,0.015,0.55,29560.38628703786,0.09994521529377229,358111.41474243306,4476392.684280413
OBL01001,CCC,financials,north,1249048.3874429883,3.082599216686004,1,0.108,0.35,47214.029045344956,0.12773485004250812,159547.0084658667,1994337.6058233338
OBL01002,BBB,consumer,west,774174.2056104008,2.876593043666331,0,0.00525,0.55,2235.428018700032,0.07389945216131956,57211.04967203338,715138.1209004173
OBL01003,B,industrials,north,6322918.806072546,2.5237052348943725,1,0.045,0.35,99585.9711956426,0.09026866981759646,570761.4699888339,7134518.374860424
OBL01004,BB,financials,west,1455383.6051164956,2.2502783231837036,1,0.0135,0.35,6876.687534175442,0.0615829875371505,89626.87041566231,1120335.880195779
OBL01005,A,consumer,west,1823949.8016095876,4.243806529375744,0,0.0021000000000000003,0.55,2106.662020859074,0.060070916498439195,109566.33622983427,1369579.2028729285
OBL01006,B,consumer,east,1112285.8694479472,4.911855246822618,0,0.04725,0.55,28905.529032278533,0.1721338221169222,191462.01799471912,2393275.224933989
OBL01007,BB,financials,west,2008847.1210367829,2.6593294461571295,1,0.0135,0.35,9491.8026468988,0.06484843588142525,130270.59372413951,1628382.421551744
OBL01008,BB,real_estate,west,607578.828818628,3.802041701603014,0,0.01875,0.5,5696.0515201746375,0.11501222827072993,69878.99495255078,873487.4369068848
OBL01009,CCC,technology,west,735073.9019819077,2.0288832283493017,0,0.102,0.55,41237.645901185024,0.18486431904875905,135888.9363403996,1698611.704254995
OBL01010,BB,financials,south,478113.7056920851,1.533013427599041,1,0.0135,0.35,2259.087259395102,0.055857073747529885,26706.032518547596,333825.40648184496
OBL01011,B,real_estate,south,1021124.5838695121,1.5126421881049428,1,0.056249999999999994,0.3,17231.477352798014,0.07693966122733656,78564.97955382528,982062.244422816
OBL01012,B,healthcare,south,1508761.447378539,4.776982930427365,0,0.036,0.55,29873.476658095075,0.15948031514035782,240617.7510995518,3007721.8887443976
OBL01013,BBB,energy,east,1551011.89922093,3.496250167888954,0,0.006,0.6000000000000001,5583.642837195349,0.09323767321795425,144612.74061671965,1807659.2577089956
OBL01014,BB,consumer,south,793366.7619979029,4.728102297919226,1,0.01575,0.35,4373.434275513439,0.0844595415293553,67007.39298297201,837592.4122871502
OBL01015,BB,financials,west,3229639.2439586283,3.992000433659382,0,0.0135,0.55,23980.071386392814,0.11862262706943211,383108.291604907,4788853.645061337
OBL01016,BB,real_estate,north,3609475.972829072,2.7993390636618423,0,0.01875,0.5,33838.837245272545,0.10364027678901686,374087.0888873109,4676088.611091386
OBL01017,BB,industrials,south,1122796.8435251506,1.5954812131254803,1,0.015,0.35,5894.68342850704,0.05848126715512868,65662.58216712954,820782.2770891193
OBL01018,CCC,industrials,north,2140716.9598657517,3.2191699363897626,1,0.12,0.35,89910.11231436156,0.1333466279942599,285457.38808822137,3568217.351102767
OBL01019,BB,industrials,west,238689.3132895856,1.5122246537596316,0,0.015,0.55,1969.1868346390813,0.09085465768415715,21686.035851791843,271075.448147398
OBL01020,BB,healthcare,east,1432904.7385630629,1.7560577988957204,0,0.012,0.55,9457.171274516217,0.08683218036609695,124422.24270634288,1555278.033829286
OBL01021,A,industrials,east,3653232.2784411563,1.5482404638419216,0,0.002,0.55,4018.5555062852723,0.03431466479399532,125359.44104931207,1566993.013116401
OBL01022,B,industrials,north,875292.4133207256,4.9198557323644465,1,0.045,0.35,13785.855509801428,0.10822343707035005,94727.15341117037,1184089.4176396297
OBL01023,BBB,energy,east,5414696.657698792,4.759326814746721,1,0.006,0.39999999999999997,12995.2719784771,0.07293590624689299,394925.8077812839,4936572.597266049
OBL01024,BB,industrials,west,907603.499116183,3.7676778448191146,1,0.015,0.35,4764.91837035996,0.0758226876788957,68816.93664975924,860211.7081219906
OBL01025,BB,financials,north,286947.2609275284,1.6069648716420963,0,0.0135,0.55,2130.583412386898,0.08870309941635378,25453.111413304956,318163.89266631193
OBL01026,BBB,financials,west,2564758.3417244353,1.2240115507233171,0,0.0045000000000000005,0.55,6347.776895767979,0.050624752686169554,129840.25674958988,1623003.2093698736
OBL01027,BBB,healthcare,north,5747540.793088212,3.065865267291721,0,0.004,0.55,12644.589744794066,0.0674740157836699,387809.65819012065,4847620.7273765085
OBL01028,BB,financials,west,3221903.47278272,4.54662157784408,1,0.0135,0.35,15223.493908898352,0.07991465773110902,257477.31327010258,3218466.4158762824
OBL01029,B,consumer,south,1973845.3314422483,1.851886688675231,1,0.04725,0.35,32642.467168726183,0.08667702345343699,171087.03808687686,2138587.976085961
OBL01030,BB,consumer,south,8791507.538454229,4.78817875155789,1,0.01575,0.35,48463.18530572894,0.08493887062407182,746740.7213993159,9334259.017491449
OBL01031,BBB,healthcare,north,12153614.009142328,4.589721488459496,0,0.004,0.55,26737.950820113125,0.08403586562630906,1021339.4737463121,12766743.421828901
OBL01032,BB,healthcare,north,11314539.997353738,4.405696222496484,1,0.012,0.35,47521.0679888857,0.07636025193540623,863981.124731162,10799764.059139526
OBL01033,BBB,consumer,south,694629.4899522378,3.8160069748808674,0,0.00525,0.55,2005.742652237087,0.08467834380191487,58820.074765124366,735250.9345640546
OBL01034,BB,financials,west,5742561.910332267,4.3801802095759,1,0.0135,0.35,27133.60502631996,0.07858595904308352,451284.735087743,5641059.188596788
OBL01035,BBB,healthcare,east,1864370.6630875294,3.698764554148509,1,0.004,0.35,2610.1189283225413,0.04731529491954331,88213.24776333098,1102665.5970416372
OBL01036,BBB,industrials,west,929091.2662695883,1.1602470777406766,0,0.005,0.55,2555.000982241368,0.0528282111483702,49082.22959059645,613527.8698824556
OBL01037,B,industrials,north,783785.8388742469,4.890386122455832,1,0.045,0.35,12344.626962269389,0.10800261622145209,84650.92115574417,1058136.5144468022
OBL01038,A,industrials,east,5348919.078540525,2.503135785292537,1,0.002,0.35,3744.2433549783677,0.02733016359464004,146186.8334710038,1827335.4183875476
OBL01039,BB,financials,north,866523.3090720269,2.26129782703157,0,0.0135,0.55,6433.935569859799,0.09691150237053746,83976.0757212597,1049700.9465157462
OBL01040,BBB,technology,south,1596053.231401862,3.4243867835172135,1,0.00425,0.35,2374.12918171027,0.04664666591798113,74450.56187251689,930632.0234064611
OBL01041,A,consumer,east,6664750.770305788,4.210133314338305,1,0.0021000000000000003,0.35,4898.591816174755,0.0380303341579626,253462.69887426778,3168283.7359283473
OBL01042,BB,energy,west,5946655.94918307,2.8531229408325687,0,0.018,0.6000000000000001,64223.88425117716,0.12370798502850262,735648.8251311952,9195610.31413994
OBL01043,BB,healthcare,south,1688311.805119652,2.552831409777228,0,0.012,0.55,11142.857913789705,0.09680448663582382,163436.15757580896,2042951.969697612
OBL01044,BB,industrials,north,2356512.661667662,1.899424920424634,1,0.015,0.35,12371.691473755225,0.06090775818587749,143529.9033588125,1794123.7919851562
OBL01045,BB,energy,south,13578566.643326286,4.1126754073242635,1,0.018,0.39999999999999997,97765.67983194925,0.09391766842729114,1275267.3197257938,15940841.496572422
OBL01046,BB,healthcare,north,4755655.620436592,3.065088821035292,1,0.012,0.35,19973.753605833685,0.06568279978385842,312364.7759581177,3904559.699476471
OBL01047,BB,energy,east,1781446.5145606822,1.9215461466310395,0,0.018,0.6000000000000001,19239.622357255368,0.11100998869720864,197758.35744606308,2471979.4680757886
OBL01048,BB,industrials,north,2163296.816321073,2.8467111602691073,1,0.015,0.35,11357.308285685633,0.06847028213137911,148121.54334741808,1851519.291842726
OBL01049,BBB,energy,east,3506292.507863546,2.8386329610086776,0,0.006,0.6000000000000001,12622.653028308767,0.08482079510538207,297406.51838903007,3717581.479862876
OBL01050,BBB,healthcare,north,409401.3413770926,3.709257350008957,1,0.004,0.35,573.1618779279296,0.04738786563904687,19400.655757623223,242508.19697029027
OBL01051,B,financials,south,2387253.301208905,1.0910696318117812,1,0.0405,0.35,33839.31554463623,0.07654868002542223,182741.08909387336,2284263.613673417
OBL01052,BBB,real_estate,south,958125.8191753136,3.9447284954280017,0,0.00625,0.5,2994.143184922855,0.08375817502107488,80250.87005469666,1003135.8756837082
OBL01053,BB,energy,east,10361635.678977992,2.3200967265986314,1,0.018,0.39999999999999997,74603.77688864153,0.07762832785040415,804356.4515541486,10054455.644426858
OBL01054,BB,energy,west,4585563.645264924,4.680476214168104,0,0.018,0.6000000000000001,49524.087368861175,0.14861599616104806,681488.1091009334,8518601.363761667
OBL01055,BBB,financials,south,445648.2138416941,4.419425218702351,1,0.0045000000000000005,0.35,701.8959368006682,0.05487314685715288,24454.119884763153,305676.49855953944
OBL01056,A,healthcare,east,1534376.0930282534,4.118175807070755,0,0.0016,0.55,1350.2509618648633,0.051573278277258675,79132.80522771906,989160.0653464883
OBL01057,BB,energy,south,7718932.651457781,1.1467628592473313,0,0.018,0.6000000000000001,83364.47263574404,0.10044918962837963,775360.5296349738,9692006.620437173
OBL01058,BBB,industrials,north,2756643.6252275896,2.3041291536102677,1,0.005,0.35,4824.1263441482815,0.041896419109859126,115493.49665905653,1443668.7082382066
OBL01059,A,industrials,west,792376.6475861392,2.563664658902215,0,0.002,0.55,871.6143123447531,0.0434946114690219,34464.114423885214,430801.4302985652
OBL01060,B,financials,north,455146.0725937935,1.982927679075769,0,0.0405,0.55,10138.378767026752,0.1308635994210106,59562.05332196041,744525.6665245051
OBL01061,BBB,industrials,east,620159.1459042184,3.3055469557192847,1,0.005,0.35,1085.278505332382,0.0491438478117587,30477.00668538717,380962.5835673396
OBL01062,B,real_estate,south,1331882.9277579803,1.237483111054226,1,0.056249999999999994,0.3,22475.524405915916,0.07519342611504434,100148.84052225863,1251860.506528233
OBL01063,BB,industrials,east,9273214.657999292,2.4168316851020113,0,0.015,0.55,76504.02092849417,0.102203201485012,947752.2261052682,11846902.826315854
OBL01064,BB,industrials,south,3166009.5428168634,4.968827092404719,0,0.015,0.55,26119.578728239125,0.13421868517672975,424937.63809385867,5311720.476173233
OBL01065,BB,consumer,west,3471544.347820253,1.850472780760776,0,0.01575,0.55,30072.252912992943,0.0966427598608783,335499.6267527821,4193745.334409776
OBL01066,A,consumer,east,4892986.365079776,1.580387097122757,1,0.0021000000000000003,0.35,3596.344978333636,0.022675651933077884,110951.65572784496,1386895.696598062
OBL01067,BBB,real_estate,north,1929460.0468313925,2.524441166497573,1,0.00625,0.3,3617.7375878088606,0.0411091682478877,79318.49769276899,991481.2211596123
OBL01068,BB,industrials,south,2505121.7649762523,1.6859341706042965,0,0.015,0.55,20667.254561054084,0.09303389130962617,233061.22600017954,2913265.325002244
OBL01069,BBB,real_estate,north,860563.872008644,3.0221107294691385,0,0.00625,0.5,2689.262100027013,0.07385640015943173,63558.14969382041,794476.8711727551
OBL01070,BBB,technology,east,7251548.410543658,1.5005740797527793,1,0.00425,0.35,10786.678260683691,0.033165988111612414,240504.76837487286,3006309.604685911
OBL01071,B,industrials,south,4574345.664624463,1.0380723101158766,0,0.045,0.55,113215.05519945546,0.12435746263636363,568854.0200743485,7110675.250929357
OBL01072,A,financials,west,878680.0472848506,1.3147801308281046,0,0.0018000000000000002,0.55,869.8932468120023,0.030140204187769387,26483.59604088426,331044.9505110532
OBL01073,BB,financials,south,1435414.2338529665,4.295190321814159,0,0.0135,0.55,10657.950686358276,0.12242604970481957,175732.09434068878,2196651.1792586097
OBL01074,BBB,industrials,north,7444595.107339853,4.248569588163932,1,0.005,0.35,13028.041437844742,0.05596866087033084,416664.01887962845,5208300.235995356
OBL01075,BBB,financials,north,2751378.6728689927,1.736933695000212,0,0.0045000000000000005,0.55,6809.662215350759,0.05633992046881304,155012.4556090274,1937655.6951128426
OBL01076,A,technology,south,1293297.43171936,1.0265091705270293,1,0.0017,0.35,769.5119718730191,0.01691999384282875,21882.584581637806,273532.3072704726
OBL01077,B,industrials,north,3204033.1839138083,2.4307682912954593,1,0.045,0.35,50463.52264664248,0.0895722773358794,286992.54894288833,3587406.8617861043
OBL01078,BB,industrials,east,3448252.245397581,4.292092249393876,0,0.015,0.55,28448.08102453004,0.12572886059944713,433544.82587332296,5419310.323416537
OBL01079,A,industrials,north,4531926.583504291,1.031903363822233,0,0.002,0.55,4985.119241854721,0.029646717085464354,134356.74527324678,1679459.3159155848
OBL01080,BB,energy,north,470226.30509884004,4.069323551017732,1,0.018,0.39999999999999997,3385.6293967116476,0.09352372580172587,43977.316022822604,549716.4502852826
OBL01081,CCC,financials,west,777244.3386712269,3.0078474939520983,1,0.108,0.35,29379.836001772375,0.12720083133910834,98866.12603259554,1235826.5754074443
OBL01082,B,financials,south,5281933.807590335,4.277857604192539,0,0.0405,0.55,117655.07556407472,0.15806958035928387,834913.0604513186,10436413.255641483
OBL01083,B,real_estate,west,3435329.621328783,4.165741825669045,0,0.056249999999999994,0.5,96618.64559987202,0.15629493426134752,536924.6173316421,6711557.716645526
OBL01084,BBB,consumer,south,2134870.975912768,4.271967483457343,0,0.00525,0.55,6164.439942948118,0.08991006195195599,191946.3817037497,2399329.7712968714
OBL01085,BBB,industrials,south,14573885.100804161,1.7840562332744767,0,0.005,0.55,40078.18402721145,0.05992260073093747,873305.0979940462,10916313.724925578
OBL01086,B,real_estate,north,2814860.537714512,3.5856630997411933,1,0.056249999999999994,0.3,47500.77157393238,0.0900956215656829,253606.60976610138,3170082.6220762674
OBL01087,B,technology,east,1882722.7709066807,1.5907513393369301,1,0.03825,0.35,25204.951095513185,0.07880055717065036,148359.60334531715,1854495.0418164644
OBL01088,BBB,financials,north,2823116.259464257,1.1496175600492933,1,0.0045000000000000005,0.35,4446.408108656205,0.03168825379566383,89459.62452456853,1118245.3065571066
OBL01089,CCC,consumer,east,5343859.340426897,1.3422258326891647,0,0.126,0.55,370329.45229158393,0.1921739402746817,1026950.5057234984,12836881.32154373
OBL01090,A,healthcare,north,2664273.7499865782,2.0169920316107426,1,0.0016,0.35,1491.9932999924838,0.021556002133931235,57431.090640087656,717888.6330010957
OBL01091,B,financials,north,5914091.653202245,1.2129165362795011,1,0.0405,0.35,83832.24918414182,0.07746789018471495,458152.2027326108,5726902.534157635
OBL01092,B,real_estate,east,536442.3742846405,3.3614349210711656,0,0.056249999999999994,0.5,15087.441776755513,0.14778767988252264,79279.57388619885,990994.6735774856
OBL01093,BBB,healthcare,east,7646439.600911376,1.9042856603671474,0,0.004,0.55,16822.167122005027,0.05484952617439823,419403.58903114364,5242544.862889295
OBL01094,B,healthcare,east,1764155.9305514498,3.8045583649486288,1,0.036,0.35,22228.364724948264,0.09409071671493202,165990.69590248374,2074883.6987810468
OBL01095,BBB,real_estate,north,614046.8509324432,4.018873552708742,1,0.00625,0.3,1151.3378454983308,0.05073235148596391,31152.040670353992,389400.5083794249
OBL01096,BB,technology,east,515044.57878227346,1.2841243290283528,1,0.01275,0.35,2298.386432815895,0.052718500290656584,27152.37777623438,339404.7222029298
OBL01097,B,technology,south,6122920.281081943,1.5802004910413432,1,0.03825,0.35,81970.5952629845,0.07872064856683247,482000.2556497827,6025003.195622284
OBL01098,B,real_estate,north,806964.0732445254,1.706473911791476,1,0.056249999999999994,0.3,13617.518736001364,0.0781697706077193,63080.19649419535,788502.4561774419
OBL01099,BBB,financials,east,7297017.669088471,3.2219865683376177,1,0.0045000000000000005,0.35,11492.802828814341,0.046382590238958285,338454.58051176905,4230682.256397113
OBL01100,BB,industrials,north,5193009.819837531,2.9871567105272216,1,0.015,0.35,27263.301554147034,0.06959150905539788,361389.3899019936,4517367.373774921
OBL01101,A,real_estate,south,2181754.7250161245,4.3195355799859545,1,0.0025,0.3,1636.3160437620934,0.03596587109826273,78468.70920795557,980858.8650994446
OBL01102,A,healthcare,south,848597.8033035632,3.7044213175197602,1,0.0016,0.35,475.2147698499953,0.03060143561430606,25968.311040235545,324603.8880029443
OBL01103,BB,industrials,north,4608936.491123416,2.564904337530659,0,0.015,0.55,38023.726051768186,0.10406081360118319,479609.68110248516,5995121.013781064
OBL01104,CCC,consumer,north,7579942.8970683515,1.2255279210610603,0,0.126,0.55,525290.0427668368,0.19088670379339362,1446910.3145635242,18086378.93204405
OBL01105,BBB,financials,west,2401778.389787417,3.222439904063572,1,0.0045000000000000005,0.35,3782.8009639151815,0.046385804660546474,111408.42322660096,1392605.290332512
OBL01106,CCC,energy,north,1037927.7974321711,1.6797369387227907,0,0.144,0.6000000000000001,89676.96169813958,0.22374453925228374,232230.6768135988,2902883.460169985
OBL01107,BBB,technology,south,889862.6551151514,4.8116386322301725,1,0.00425,0.35,1323.6706994837878,0.05636751617133235,50159.34760246804,626991.8450308505
OBL01108,A,technology,south,2934907.3230141317,1.2703767676477442,1,0.0017,0.35,1746.2698571934081,0.018253201295965225,53571.45415197938,669643.1768997422
OBL01109,A,consumer,north,2455343.1643744186,3.506827045789752,1,0.0021000000000000003,0.35,1804.6772258151977,0.03392383742088704,83294.66232072409,1041183.2790090512
OBL01110,BBB,industrials,east,544786.1291833451,3.78819920707057,1,0.005,0.35,953.3757260708538,0.052636883158357184,28675.84382811742,358448.04785146774
OBL01111,BB,energy,west,2710844.5158645646,1.6095691200831777,1,0.018,0.39999999999999997,19518.08051422486,0.07117169289414917,192935.39336690126,2411692.417086266
OBL01112,A,technology,east,1114811.0456829902,2.0953512105002643,0,0.0017,0.55,1042.3483277135958,0.035770868696952236,39877.75953703826,498471.9942129783
OBL01113,BB,technology,west,4149675.786000214,2.9021038466449918,0,0.01275,0.55,29099.601449326503,0.10312391875763315,427930.8286260035,5349135.357825044
OBL01114,B,consumer,west,2373864.993665242,3.802183350873542,1,0.04725,0.35,39257.79233273894,0.10124874555765778,240350.852731843,3004385.6591480374
OBL01115,BB,real_estate,north,1956343.0093270808,4.031178494565897,0,0.01875,0.5,18340.715712441382,0.117610937393107,230087.33518940985,2876091.689867623
OBL01116,BB,technology,south,547485.8543395707,4.800640417141775,1,0.01275,0.35,2443.155624990334,0.08076798657231213,44219.33013182928,552741.626647866
OBL01117,BBB,consumer,west,2742057.015739601,2.964575131065617,0,0.00525,0.55,7917.689632948099,0.07490896389504932,205404.64999020446,2567558.1248775558
OBL01118,BB,consumer,south,20845747.945132412,3.313886882756675,1,0.01575,0.35,114912.18554754242,0.07317600940275591,1525408.647640489,19067608.095506113
OBL01119,B,consumer,east,296861.865018474,4.6333633083399235,0,0.04725,0.55,7714.697717167594,0.16886405007517433,50129.29683988923,626616.2104986154
OBL01120,CCC,healthcare,north,4094107.4981205952,2.0235613477476,0,0.096,0.55,216168.87590076745,0.18055483217824062,739210.8922428406,9240136.153035508
OBL01121,BBB,industrials,north,1658062.2750750377,1.417303320383112,0,0.005,0.55,4559.671256456354,0.05575163270087348,92439.67895515815,1155495.9869394768
OBL01122,BB,healthcare,north,7810973.539039002,4.870323233512943,1,0.012,0.35,32806.08886396381,0.08006083770946479,625353.0848619253,7816913.5607740665
OBL01123,B,industrials,south,3046853.252399388,3.6351781117743727,1,0.045,0.35,47987.938725290354,0.09859712699639188,300410.9770661921,3755137.213327401
OBL01124,B,energy,north,1298961.934450186,4.590878135521169,1,0.054,0.39999999999999997,28057.577784124016,0.12710755276805366,165107.87262682008,2063848.407835251
OBL01125,BBB,financials,north,7353474.067159915,1.998789163607856,0,0.0045000000000000005,0.55,18199.848316220796,0.05925761071594638,435749.30368156923,5446866.296019616
OBL01126,A,consumer,north,879697.6293155889,4.65652712952124,1,0.0021000000000000003,0.35,646.5777575469579,0.04063675873780109,35748.060324713166,446850.75405891455
OBL01127,CCC,financials,west,3427080.3170346385,1.6100900903139062,1,0.108,0.35,129543.63598390933,0.11721539462863466,401706.57178524154,5021332.147315519
OBL01128,BBB,industrials,east,4713876.774347234,2.1458297461608637,0,0.005,0.55,12963.161129454893,0.06403693957688422,301862.2421717517,3773278.027146896
OBL01129,CCC,real_estate,south,3542909.3537310883,4.592495712028616,0,0.15,0.5,265718.2015298316,0.21730742818462548,769900.5199505563,9623756.499381954
OBL01130,BBB,healthcare,south,697971.3583318136,3.620979528764255,1,0.004,0.35,977.159901664539,0.046777314829792714,32649.225970865307,408115.32463581633
OBL01131,B,technology,north,2560599.816084975,3.0862372812176426,0,0.03825,0.55,53868.618630887664,0.14162793637221838,362652.46782719693,4533155.847839962
OBL01132,BBB,energy,north,5199543.075807223,2.6080134874050795,1,0.006,0.39999999999999997,12478.903381937334,0.05457938934644309,283787.88595808466,3547348.574476058
OBL01133,BBB,technology,west,1747566.558616582,3.376366691962524,1,0.00425,0.35,2599.505255942166,0.046310176102099164,80930.11507967331,1011626.4384959164
OBL01134,BB,financials,south,2412184.257598719,1.0504915902616698,0,0.0135,0.55,17910.46811267049,0.08172231556742086,197129.28310624734,2464116.0388280917
OBL01135,B,financials,east,1744352.8078428279,4.673655241474938,1,0.0405,0.35,24726.201051172084,0.10357562095038238,180672.42522886393,2258405.315360799
OBL01136,B,real_estate,north,1024113.9019806756,2.426884372701734,0,0.056249999999999994,0.5,28803.2034932065,0.1379028222499453,141228.197388539,1765352.4673567375
OBL01137,BBB,financials,north,611421.5305871818,1.246661883516615,1,0.0045000000000000005,0.35,962.9889106748113,0.03237635612359747,19795.60121592564,247445.01519907048
OBL01138,BB,technology,south,1972854.7413510957,4.029493102566581,1,0.01275,0.35,8803.864283279263,0.0746169309595062,147208.36602852916,1840104.5753566145
OBL01139,B,energy,east,4418432.499604744,1.7887826112675338,1,0.054,0.39999999999999997,95438.14199146246,0.10335047436356294,456647.09477753344,5708088.684719168
OBL01140,A,financials,north,5789027.365396583,1.145157787624548,0,0.0018000000000000002,0.55,5731.137091742618,0.028656187539507535,165891.45385414572,2073643.1731768213
OBL01141,BB,healthcare,east,3902298.4366920097,3.170374647767088,0,0.012,0.55,25755.169682167267,0.10453357080719904,407921.1899427663,5099014.8742845785
OBL01142,BBB,consumer,south,3216336.906926145,4.201393836740104,0,0.00525,0.55,9287.172818749244,0.08910029570794968,286576.5695035117,3582207.1187938964
OBL01143,B,consumer,south,7150648.273612527,2.348831418746827,0,0.04725,0.55,185827.4720105056,0.1420413759907068,1015687.9200094953,12696099.000118691
OBL01144,BB,consumer,east,5320238.009517563,4.051902398047334,1,0.01575,0.35,29327.812027465563,0.07906437809639924,420641.30954733107,5258016.369341638
OBL01145,B,financials,east,1217354.9312478313,3.355264098632422,0,0.0405,0.55,27116.581093545446,0.14713240051281598,179112.3533106075,2238904.4163825936
OBL01146,B,technology,east,2873219.1017181,1.2226688692376046,1,0.03825,0.35,38465.220724251056,0.07601282338361702,218401.49612133266,2730018.701516658
OBL01147,CCC,technology,north,1093915.0359925262,4.49314925103798,1,0.102,0.35,39052.766784933185,0.13533419135739874,148044.10680974828,1850551.3351218535
OBL01148,BBB,real_estate,west,2604492.576263845,3.634465866778521,1,0.00625,0.3,4883.423580494709,0.04825701326794657,125685.03280903271,1571062.9101129088
OBL01149,A,healthcare,west,1156416.6783144434,3.6407532009770347,1,0.0016,0.35,647.5933398560883,0.030260143853035163,34993.33503984415,437416.6879980518
OBL01150,BBB,energy,west,665903.6409561527,2.7898127724685957,1,0.006,0.39999999999999997,1598.1687382947664,0.05613062858544408,37377.589944204716,467219.87430255895
OBL01151,A,real_estate,north,5333124.39503819,2.7849984192139745,1,0.0025,0.3,3999.843296278643,0.027885571974006856,148717.22416416922,1858965.3020521153
OBL01152,A,real_estate,north,1603649.551632088,2.829850507506719,0,0.0025,0.5,2004.56193954011,0.04686957717763214,75162.37642609532,939529.7053261915
OBL01153,BB,energy,north,7655572.667072687,4.457662864156956,0,0.018,0.6000000000000001,82680.18480438503,0.145578905586642,1114489.8905114518,13931123.631393148
OBL01154,BB,healthcare,west,1761804.98896804,2.596115904740617,1,0.012,0.35,7399.580953665768,0.061947600449101366,109139.59152582558,1364244.8940728197
OBL01155,BB,healthcare,north,836096.8526055433,3.3798571035378173,1,0.012,0.35,3511.6067809432816,0.06818981509019073,57013.28977666245,712666.1222082806
OBL01156,BBB,consumer,east,2979849.7217390933,4.225092263668198,1,0.00525,0.35,5475.4738636955835,0.05687322637570927,169473.66779006174,2118420.8473757715
OBL01157,BBB,healthcare,west,6192696.009866913,4.149012674970086,1,0.004,0.35,8669.774413813679,0.05042932005809731,312293.4491040807,3903668.1138010086
OBL01158,A,real_estate,west,3906661.6484009754,3.7035217747693787,0,0.0025,0.5,4883.327060501219,0.05453695441273121,213057.42822480935,2663217.852810117
OBL01159,BB,consumer,south,564979.85304363,3.2058113243607056,0,0.01575,0.55,4894.137976990445,0.11363583341417173,64201.95646282916,802524.4557853645
OBL01160,BBB,real_estate,north,781793.6259366458,3.597619799556209,0,0.00625,0.5,2443.1050810520182,0.08003291382857114,62569.22189631375,782115.2737039218
OBL01161,BBB,real_estate,south,1134822.3629257903,1.7285521713274203,1,0.00625,0.3,2127.7919304858565,0.03598415509348962,40835.623911082,510445.29888852505
OBL01162,CCC,technology,east,1091884.2368470856,2.4271699147087387,1,0.102,0.35,38980.26725544095,0.1205006013989483,131572.70719810552,1644658.839976319
OBL01163,BB,healthcare,north,1919580.2542819786,1.8644667371066426,1,0.012,0.35,8062.23706798431,0.05612027995943624,107727.38127491044,1346592.2659363805
OBL01164,BB,industrials,south,3256503.136995804,2.388699147572784,0,0.015,0.55,26866.150880215384,0.10185027107067963,331675.72724554123,4145946.590569265
OBL01165,BB,energy,east,313790.02299932204,3.346683500118019,1,0.018,0.39999999999999997,2259.2881655951182,0.0869570238598957,27286.246516949268,341078.08146186586
OBL01166,BBB,real_estate,north,354082.8641469142,1.0244852661586616,1,0.00625,0.3,663.9053702754642,0.03145041713196046,11136.053776699739,139200.67220874672
OBL01167,B,financials,west,893132.8386407319,2.0580906500434146,1,0.0405,0.35,12660.157987732375,0.08384386366665796,74883.70795920874,936046.3494901092
OBL01168,B,technology,east,581707.1129729891,2.9287961575308255,1,0.03825,0.35,7787.603974925891,0.08893446207309637,51733.80917634668,646672.6147043335
OBL01169,BBB,consumer,south,5476107.356018393,3.280738379476192,1,0.00525,0.35,10062.347266683797,0.049977861766991316,273684.1364602916,3421051.7057536445
OBL01170,BB,industrials,east,6192989.483059982,3.342854380057652,1,0.015,0.35,32513.1947860649,0.07243117042704901,448565.4767004397,5607068.458755496
OBL01171,A,consumer,north,1711349.4281385546,2.761832964878167,1,0.0021000000000000003,0.35,1257.8418296818377,0.029573931982509967,50611.33158607694,632641.6448259618
OBL01172,BBB,financials,south,5602831.025699081,4.723777842387944,0,0.0045000000000000005,0.55,13867.00678860523,0.08962044000456623,502128.18179438676,6276602.272429834
OBL01173,BBB,energy,north,60387.46025283593,1.5533784003967819,1,0.006,0.39999999999999997,144.92990460680622,0.045580501758832805,2752.4907382658344,34406.13422832293
OBL01174,BBB,technology,south,5599135.008476872,2.018894909055417,0,0.00425,0.55,13087.978082314688,0.05782543305505537,323772.40659889625,4047155.082486203
OBL01175,B,healthcare,north,809422.3339028799,4.734727685831869,1,0.036,0.35,10198.721407176285,0.10116605835774255,81886.06706767892,1023575.8383459864
OBL01176,CCC,real_estate,north,1160762.9399599337,4.818709788913054,1,0.15,0.3,52234.33229819702,0.13170696942665389,152880.56904489588,1911007.1130611985
OBL01177,BBB,financials,north,4779228.558071351,2.800681761318794,0,0.0045000000000000005,0.55,11828.590681226597,0.06819259391118118,325907.9922692796,4073849.9033659953
OBL01178,BBB,consumer,west,1886994.986851553,1.595327667039991,1,0.00525,0.35,3467.3532883397284,0.03767154146458674,71086.00989064558,888575.1236330698
OBL01179,B,technology,west,562628.5622707517,1.6343796269744884,0,0.03825,0.55,11836.298378770938,0.12434868798155639,69962.12353931737,874526.5442414671
OBL01180,B,financials,west,1439188.5876650438,1.541494138161641,0,0.0405,0.55,32057.925790238856,0.12563048429702128,180805.95926310553,2260074.4907888193
OBL01181,BB,industrials,north,3006172.3093317286,1.2028039480181394,1,0.015,0.35,15782.404623991573,0.055346384481528454,166380.76844999814,2079759.6056249768
OBL01182,BB,technology,west,2677588.667197704,3.2119219436185125,1,0.01275,0.35,11948.739427369752,0.06809557560876354,182331.94153632966,2279149.2692041206
OBL01183,B,technology,south,539006.5261974896,3.5381999575169485,0,0.03825,0.55,11339.349794879687,0.1470069591188768,79237.71036152214,990471.3795190267
OBL01184,A,consumer,west,4835523.600844572,2.9565855797010516,0,0.0021000000000000003,0.55,5585.029758975482,0.04826024097356096,233363.53421010025,2917044.177626253
OBL01185,BBB,technology,east,5891950.07802441,1.419657808402794,1,0.00425,0.35,8764.27574106131,0.0325989858347133,192071.59713235567,2400894.964154446
OBL01186,BB,industrials,west,695049.335744433,2.9585173454720026,1,0.015,0.35,3649.0090126582727,0.06936287078862689,48210.61726696206,602632.7158370257
OBL01187,B,healthcare,south,183097.33466334172,3.070887514620055,0,0.036,0.55,3625.3272263341664,0.13908720968530836,25466.49737914129,318331.2172392661
OBL01188,BB,energy,north,536979.5867594748,4.667204998519539,1,0.018,0.39999999999999997,3866.253024668218,0.09895673391884613,53137.746086809304,664221.8260851162
OBL01189,BBB,real_estate,south,47240969.744340375,3.1679844092194167,1,0.00625,0.3,88576.8182706382,0.04525317275654198,2137803.765027208,26722547.062840097
OBL01190,BB,healthcare,south,6841262.724108847,1.9953249705256644,0,0.012,0.55,45152.3339791184,0.08982681457987986,614528.8382107691,7681610.477634614
OBL01191,BBB,consumer,north,13651638.299187975,1.7887648962203233,1,0.00525,0.35,25084.8853747579,0.03908395713462949,533560.046102929,6669500.576286613
OBL01192,BBB,consumer,west,4501072.720636289,4.935535060679491,1,0.00525,0.35,8270.72112416918,0.06206064838035499,279339.4914498165,3491743.643122706
OBL01193,BBB,real_estate,south,380030.157475014,3.6876219240384396,1,0.00625,0.3,712.5565452656512,0.048599304082804204,18469.201183764173,230865.01479705216
OBL01194,B,healthcare,west,246548.9365013662,1.7888777497380937,1,0.036,0.35,3106.5165999172136,0.07875842325478766,19417.805493992364,242722.56867490456
OBL01195,A,financials,west,740753.7082291417,3.098666048029449,1,0.0018000000000000002,0.35,466.67483618435926,0.02911193407926058,21564.773122934595,269559.66403668246
OBL01196,BB,real_estate,east,18554814.591172498,4.855369512703852,1,0.01875,0.3,104370.8320753453,0.07617500101891601,1413413.0203883627,17667662.754854534
OBL01197,A,energy,east,2871161.005117687,3.997185509133793,0,0.0024,0.6000000000000001,4134.471847369469,0.06722851240670964,193023.88325421535,2412798.540677692
OBL01198,BBB,real_estate,south,7881093.532448956,3.9304335212925676,1,0.00625,0.3,14777.050373341792,0.050162854574794316,395338.148758589,4941726.859482363
OBL01199,B,consumer,south,1848517.6087342554,3.6418148448815746,1,0.04725,0.35,30569.85995444275,0.10005054563819014,184945.19537566474,2311814.9421958094
OBL01200,BB,industrials,west,1329132.1727756003,2.8439475085985535,1,0.015,0.35,6977.943907071901,0.06844821891431072,90976.72992819775,1137209.1241024719
OBL01201,BBB,financials,west,2816496.2532473956,2.1939107372778115,0,0.0045000000000000005,0.55,6970.8282267873055,0.06143172728310951,173022.22972339374,2162777.8715424216
OBL01202,A,energy,east,1517047.0360654986,2.8867752455337055,1,0.0024,0.39999999999999997,1456.3651546228784,0.03711288108985234,56301.986257211785,703774.8282151474
OBL01203,BB,real_estate,south,544444.6470195937,2.5417610684536007,1,0.01875,0.3,3062.5011394852145,0.06043140447484918,32901.55467820756,411269.4334775945
OBL01204,A,financials,south,4507958.215269406,3.377685071795401,1,0.0018000000000000002,0.35,2840.013675619726,0.03066537551242599,138238.231465562,1727977.8933195253
OBL01205,BB,industrials,north,4408006.2031555,2.8922997104714416,0,0.015,0.55,36366.05117603287,0.10816807852538145,476805.56112329266,5960069.514041158
OBL01206,A,industrials,west,469127.5912603631,3.318261546709147,1,0.002,0.35,328.38931388225416,0.032019621316977734,15021.28782150274,187766.09776878424
OBL01207,BB,consumer,west,2116731.121230602,4.634002182796941,1,0.01575,0.35,11668.480305783693,0.08370874949250216,177188.91517007566,2214861.439625946
OBL01208,A,industrials,east,2760823.37166948,3.421180843719252,0,0.002,0.55,3036.9057088364284,0.05124699011814914,141483.88804590105,1768548.6005737633
OBL01209,BBB,real_estate,east,342344.7276991917,4.313927634309653,1,0.00625,0.3,641.8963644359844,0.052632309970928555,18018.39382517699,225229.9228147124
OBL01210,BBB,industrials,south,11545635.462498322,2.4570955083337433,1,0.005,0.35,20204.862059372063,0.04300346229134951,496502.2992412143,6206278.740515179
OBL01211,BBB,consumer,east,4158140.6022587446,4.223998058950478,0,0.00525,0.55,12006.630989022127,0.08935965790573033,371570.0217417689,4644625.271772112
OBL01212,BBB,technology,east,1491102.7997732745,3.273910909936621,1,0.00425,0.35,2218.015414662746,0.04559224062730574,67982.71764731243,849783.9705914053
OBL01213,A,real_estate,south,3522681.470575845,2.1206119621139243,1,0.0025,0.3,2642.0111029318837,0.024387161218823648,85908.2009454959,1073852.5118186988
OBL01214,BBB,technology,south,1595148.866173757,3.6035216998335926,1,0.00425,0.35,2372.783938433464,0.0479019129001882,76410.68205028927,955133.5256286159
OBL01215,A,real_estate,south,2195304.816950805,2.5850048144084257,1,0.0025,0.3,1646.4786127131038,0.026832480402764564,58905.473478927124,736318.4184865891
OBL01216,B,financials,south,1077427.7030546817,3.7852076509423376,0,0.0405,0.55,23999.70208554304,0.15222930389128486,164016.06922920016,2050200.865365002
OBL01217,BBB,technology,west,327971.4766543294,2.5597123335467566,1,0.00425,0.35,487.857571523315,0.04058765734368381,13311.593912947916,166394.92391184895
OBL01218,B,industrials,south,2328466.2124045123,1.1898627437087512,0,0.045,0.55,57629.53875701168,0.126144792593998,293723.8874258993,3671548.592823741
OBL01219,A,industrials,east,806621.678122876,2.9089815084060553,1,0.002,0.35,564.6351746860132,0.029665013565551082,23928.443023782693,299105.5377972837
OBL01220,BBB,energy,west,1881127.2269413478,4.85058838006828,1,0.006,0.39999999999999997,4514.7053446592345,0.07371461404593628,138666.56750528383,1733332.093816048
OBL01221,CCC,financials,east,3362335.9474572674,1.425026801074745,1,0.108,0.35,127096.29881388471,0.11589332131511129,389672.2803280142,4870903.504100177
OBL01222,B,energy,south,781231.3022878836,3.7323636975394825,1,0.054,0.39999999999999997,16874.596129418285,0.11982878777307697,93613.99992353935,1170174.9990442418
OBL01223,BBB,industrials,north,4379220.102609341,1.3203987756467885,1,0.005,0.35,7663.635179566346,0.034776997264982734,152296.12553120247,1903701.569140031
OBL01224,BBB,real_estate,north,2831405.6527602887,1.0345322688387988,1,0.00625,0.3,5308.885598925541,0.03151511336624746,89232.07013257439,1115400.8766571798
OBL01225,BBB,energy,east,9690735.44950598,3.7561522580182913,0,0.006,0.6000000000000001,34886.647618221534,0.09656417409252707,935777.865030719,11697223.312883988
OBL01226,BB,industrials,east,9304759.257289052,3.539094273972296,1,0.015,0.35,48849.98610076752,0.07399782349807414,688531.9332129468,8606649.165161835
OBL01227,B,technology,east,4758735.657125759,1.7199263510005585,1,0.03825,0.35,63707.57360977109,0.07977888559894511,379646.6275854568,4745582.84481821
OBL01228,BB,healthcare,east,10933996.333000017,3.1201807232729157,0,0.012,0.55,72164.37579780012,0.10390535071920985,1136100.7237429211,14201259.046786515
OBL01229,BB,consumer,north,259657.68191670367,2.990280590337473,1,0.01575,0.35,1431.362971565829,0.07059406753044074,18330.29193202548,229128.6491503185
OBL01230,A,healthcare,east,5180366.609999572,4.459383237761125,1,0.0016,0.35,2901.00530159976,0.034648395025752184,179491.38868148188,2243642.3585185236
OBL01231,CCC,industrials,north,3120724.404817085,1.94197433300253,1,0.12,0.35,131070.42500231754,0.12432511504756502,387984.42066062795,4849805.258257849
OBL01232,B,financials,north,1965167.2447568467,2.06960699649455,1,0.0405,0.35,27856.2456944283,0.0839307427113252,164937.94640441073,2061724.3300551341
OBL01233,BBB,financials,south,5533973.350851074,2.7085419722635673,1,0.0045000000000000005,0.35,8716.008027590442,0.04274196079047261,236532.87197759695,2956660.899719962
OBL01234,BBB,consumer,west,90867.65712041759,2.44987768579302,1,0.00525,0.35,166.9693199587673,0.0439111874853478,3990.1067281689557,49876.33410211195
OBL01235,BBB,technology,west,6047831.506388381,3.2654328522741944,0,0.00425,0.55,14136.806146182842,0.07155159404803013,432731.984815988,5409149.81019985
OBL01236,BBB,technology,west,521851.44783376844,1.6192254246032753,0,0.00425,0.55,1219.8277593114337,0.053424501886122244,27879.653659070787,348495.6707383848
OBL01237,A,financials,south,2340573.3497879375,1.4178323837998028,0,0.0018000000000000002,0.55,2317.1676162900585,0.03104180273995637,72655.61622251605,908195.2027814507
OBL01238,CCC,consumer,east,6542227.878846504,2.4599028628238884,0,0.126,0.55,453376.3920040627,0.20450247835574104,1337901.8151921327,16723772.68990166
OBL01239,BB,energy,west,79588.71497002359,1.410867835541732,1,0.018,0.39999999999999997,573.0387477841698,0.06936607457916935,5520.7567382709085,69009.45922838636
OBL01240,A,technology,south,1619406.193014951,1.0343995688730647,0,0.0017,0.55,1514.1447904689792,0.02665634731609666,43167.4539268444,539593.174085555
OBL01241,BB,energy,north,2230633.164054855,4.413855125915084,1,0.018,0.39999999999999997,16060.558781194952,0.09665451845442126,215600.77432018405,2695009.679002301
OBL01242,BBB,industrials,north,2030034.1649427116,3.65253485556242,0,0.005,0.55,5582.593953592457,0.08117223317960871,164782.40659930205,2059780.0824912756
OBL01243,B,healthcare,west,214958.00765269576,3.6279575448548544,1,0.036,0.35,2708.470896423966,0.09274740092445047,19936.796517685667,249209.95647107082
OBL01244,BB,financials,south,2826914.7397730206,3.8395594895922156,0,0.0135,0.55,20989.841942814677,0.11671030294558497,329930.07568024873,4124125.946003109
OBL01245,BB,real_estate,west,1564102.332082704,1.9604445509172512,1,0.01875,0.3,8798.075617965209,0.05647567344385356,88333.73253947259,1104171.6567434075
OBL01246,B,financials,south,3400840.0494558564,1.0537177676586449,0,0.0405,0.55,75753.71210162921,0.11984798327474305,407583.8213672618,5094797.767090772
OBL01247,BB,consumer,south,5442841.158347066,3.715561406971756,0,0.01575,0.55,47148.61153418146,0.12002701935698357,653288.0010699101,8166100.013373877
OBL01248,BBB,financials,north,1885069.0268747623,3.815779535344006,1,0.0045000000000000005,0.35,2968.9837173277506,0.050592937720491345,95371.17987550207,1192139.7484437758
OBL01249,BBB,technology,east,11625383.38655444,4.148993972106205,1,0.00425,0.35,17292.757787499733,0.05172418517254936,601313.4829880209,7516418.537350261
OBL01250,BB,financials,north,4507785.14304224,3.3294829375628217,0,0.0135,0.55,33470.30468708863,0.11031155160339443,497260.7734237188,6215759.667796485
OBL01251,CCC,industrials,north,1470582.8158523804,2.4953463562636014,0,0.12,0.55,97058.46584625711,0.20151037727156917,296337.6980314997,3704221.225393746
OBL01252,BB,healthcare,west,5072604.476675153,1.3823782014612926,0,0.012,0.55,33479.18954605601,0.08215525916605669,416741.1354281466,5209264.192851832
OBL01253,BB,technology,north,506386.76665720216,1.011757889715315,0,0.01275,0.55,3551.0372011836303,0.07942938098881172,40221.98741650741,502774.8427063426
OBL01254,CCC,technology,north,3999310.5289463266,4.842035953109839,0,0.102,0.55,224361.32067388893,0.21660441621194346,866268.3223726979,10828354.029658724
OBL01255,B,technology,east,611161.0166236672,1.720911162429764,1,0.03825,0.35,8181.918110049343,0.07978634423204523,48762.303253542625,609528.7906692828
OBL01256,BB,real_estate,east,500567.7649142479,2.745232415806894,0,0.01875,0.5,4692.822796071074,0.103026637060784,51571.813440148064,644647.6680018508
OBL01257,BBB,consumer,west,859782.224046119,2.92553770981927,0,0.00525,0.55,2482.621171933169,0.07446104618852924,64020.28389677446,800253.5487096808
OBL01258,B,real_estate,south,1690974.5223898622,1.100713133631734,1,0.056249999999999994,0.3,28535.19506532892,0.07432544625611152,125682.43598434156,1571030.4498042695
OBL01259,BB,technology,north,967775.0070855721,4.705602431007999,1,0.01275,0.35,4318.695969119365,0.08000991619199838,77431.59720962726,967894.9651203407
OBL01260,BBB,industrials,north,4534295.897613162,3.666639359071168,0,0.005,0.55,12469.313718436197,0.08133263935812034,368786.25298357586,4609828.162294698
OBL01261,BB,real_estate,west,1520155.2766533166,1.0150467507289753,0,0.01875,0.5,14251.455718624842,0.08340408228420433,126787.15577876061,1584839.4472345077
OBL01262,B,industrials,south,5852544.717966844,4.294715049210216,1,0.045,0.35,92177.5793079778,0.10353915055407635,605967.5086780334,7574593.858475417
OBL01263,B,consumer,east,249380.63662045417,2.0129934249385197,0,0.04725,0.55,6480.779294174054,0.1380983042856731,34439.04303896635,430488.0379870794
OBL01264,B,consumer,west,3877577.493417633,4.889139861111916,1,0.04725,0.35,64125.43779739411,0.10936998604048473,424090.59632598434,5301132.454074805
OBL01265,BBB,healthcare,south,1518331.761165667,1.742069221630815,1,0.004,0.35,2125.664465631934,0.033782315719468055,51292.762922594535,641159.5365324317
OBL01266,B,financials,north,2220306.4049468185,2.650774667503515,1,0.0405,0.35,31472.843290121153,0.08831505784659781,196086.48859004988,2451081.1073756237
OBL01267,BB,real_estate,south,5653749.799104446,4.330792884962765,1,0.01875,0.3,31802.342619962506,0.07260537245703587,410492.60994287,5131157.624285875
OBL01268,BBB,healthcare,west,4493306.747128096,4.193623561654043,0,0.004,0.55,9885.274843681813,0.07973092248560686,358255.4919593245,4478193.649491556
OBL01269,A,technology,north,2483798.327772413,3.865407243463276,0,0.0017,0.55,2322.3514364672064,0.050977229594806155,126617.15762204988,1582714.4702756235
OBL01270,A,healthcare,north,1905031.5440682885,4.94258015653824,0,0.0016,0.55,1676.427758780094,0.05851774212865154,111478.14464273497,1393476.8080341872
OBL01271,BBB,consumer,north,24222111.966980163,4.571598438017409,1,0.00525,0.35,44508.13073932605,0.05940330164866066,1438873.4237421558,17985917.796776947
OBL01272,BB,consumer,north,620119.0623933217,3.5236256693771444,0,0.01575,0.55,5371.781377982149,0.11762055189403685,72938.74635871516,911734.3294839395
OBL01273,BB,real_estate,east,1103171.3919376829,1.9316814422106034,1,0.01875,0.3,6205.339079649466,0.056279946816058794,62086.42726725034,776080.3408406293
OBL01274,BBB,consumer,west,1418922.7617687674,2.780378967215068,1,0.00525,0.35,2607.27057475011,0.04632440024086411,65730.74592704866,821634.3240881083
OBL01275,B,industrials,south,3674686.0643950594,2.2671510087798885,1,0.045,0.35,57876.305514222186,0.08834626493423901,324644.788595202,4058059.8574400246
OBL01276,BB,financials,north,8913061.059012055,2.7357049075099993,0,0.0135,0.55,66179.47836316451,0.10286279131114556,916822.3396566551,11460279.245708188
OBL01277,BB,technology,north,780306.4775388746,4.044064227705382,1,0.01275,0.35,3482.1176560172275,0.07473315752137821,58314.76690086449,728934.5862608061
OBL01278,BB,technology,south,191548.9023793427,1.0068250948470143,0,0.01275,0.55,1343.2366779351407,0.07936755088100299,15202.767255792756,190034.59069740944
OBL01279,B,industrials,north,355189.4093461576,4.591026402423028,0,0.045,0.55,8790.937881317403,0.1661934409451981,59030.15012653045,737876.8765816306
OBL01280,BB,energy,east,1456268.62837719,1.9116953778554575,0,0.018,0.6000000000000001,15727.701186473654,0.1108757163252997,161464.82733338262,2018310.3416672829
OBL01281,CCC,real_estate,west,514895.7902512497,4.50551061475819,1,0.15,0.3,23170.310561306236,0.12987591702935214,66872.562933434,835907.0366679251
OBL01282,B,financials,east,2125195.510713117,2.7323007543294153,1,0.0405,0.35,30124.646364358436,0.08893008871328349,188993.82530078932,2362422.8162598666
OBL01283,B,healthcare,south,1284191.8440312147,1.0043337666322762,1,0.036,0.35,16180.817234793303,0.07279078210638452,93477.32870167229,1168466.6087709037
OBL01284,B,industrials,north,6786930.430802832,1.490268653248083,1,0.045,0.35,106894.15428514461,0.08252495200290517,560091.1080490603,7001138.850613254
OBL01285,B,real_estate,west,878723.516641648,3.9784493076057936,0,0.056249999999999994,0.5,24714.098905546347,0.1543139179536343,135599.26865096827,1694990.8581371033
OBL01286,B,energy,west,1401759.2495532655,1.0005328090545986,1,0.054,0.39999999999999997,30277.999790350532,0.0966674358335025,135504.47231020892,1693805.9038776115
OBL01287,BBB,financials,north,2211358.0634583547,4.258021816396109,0,0.0045000000000000005,0.55,5473.111207059429,0.08443081451457449,186706.762481161,2333834.5310145123
OBL01288,CCC,industrials,south,955988.0008870638,3.8617694253566617,1,0.12,0.35,40151.49603725668,0.13788565051663598,131817.02738841117,1647712.8423551396
OBL01289,B,technology,west,1689507.7511374103,1.1106317890588575,1,0.03825,0.35,22618.28501835208,0.07516429192888467,126990.65382260575,1587383.1727825718
OBL01290,CCC,technology,east,3328061.4940347197,3.3572343360749315,0,0.102,0.55,186704.24981534778,0.19985177168683937,665118.9858655883,8313987.323319854
OBL01291,BBB,real_estate,south,2664387.591662762,1.1374601216330635,1,0.00625,0.3,4995.726734367679,0.03217790252745679,85734.40421988971,1071680.0527486214
OBL01292,B,healthcare,south,4537284.729407534,1.3031821839631306,0,0.036,0.55,89838.23764226917,0.11795767561145842,535207.5602682778,6690094.503353472
OBL01293,BBB,energy,north,3833069.9247799013,3.3934944732878782,0,0.006,0.6000000000000001,13799.051729207647,0.09192249753857545,352345.3607257681,4404317.009072101
OBL01294,BBB,industrials,east,2719269.8828545343,4.377201114298971,1,0.005,0.35,4758.722294995435,0.05689958881321031,154725.33820656958,1934066.7275821196
OBL01295,BB,real_estate,south,410952.81072224857,4.223890131109963,0,0.01875,0.5,3852.68260052108,0.11979653788702851,49230.723959468705,615384.0494933588
OBL01296,BB,financials,west,816939.4912287216,4.979947287231608,0,0.0135,0.55,6065.775722373258,0.13101611238091518,107032.23619122985,1337902.9523903732
OBL01297,BBB,financials,north,3006875.894057865,3.9906333133357714,1,0.0045000000000000005,0.35,4735.829533141137,0.05183275564476839,155854.6634708458,1948183.2933855723
OBL01298,CCC,industrials,south,3138260.626635819,2.092450681041265,1,0.12,0.35,131806.9463187044,0.1253880096569753,393500.25375871744,4918753.1719839685
OBL01299,B,financials,east,4318802.860863835,4.027166966223712,1,0.0405,0.35,61219.03055274486,0.0986985287249332,426259.4882202929,5328243.602753662
OBL01300,CCC,industrials,south,10057272.595861007,1.8543046762213877,0,0.12,0.55,663779.9913268265,0.19439491901891912,1955082.6918235947,24438533.647794936
OBL01301,A,energy,north,1608404.116848572,1.6435159853545245,0,0.0024,0.6000000000000001,2316.1019282619436,0.04272719435221151,68722.59529748606,859032.4412185757
OBL01302,CCC,technology,west,845362.4031648545,3.6314373923361623,0,0.102,0.55,47424.83081754834,0.20294553605006435,171562.52606686202,2144531.575835775
OBL01303,BBB,technology,north,3366949.401069395,4.545143572410495,0,0.00425,0.55,7870.244224999711,0.08564303463721054,288355.76417752146,3604447.0522190183
OBL01304,BB,consumer,south,378985.15706806077,2.351013576834105,1,0.01575,0.35,2089.155678337685,0.0654935787314897,24821.094222503027,310263.6777812878
OBL01305,CCC,consumer,east,1581508.0656070265,4.1284594133599395,0,0.126,0.55,109598.50894656693,0.22290749377527144,352529.9992898398,4406624.991122997
OBL01306,B,technology,east,9412066.191371212,4.642033022428107,1,0.03825,0.35,126004.03613698209,0.10190994632307007,959183.1603518227,11989789.504397783
OBL01307,BB,healthcare,east,3823077.6429140954,1.7855047097907661,0,0.012,0.55,25232.312443233033,0.08720073375457812,333375.17566283216,4167189.695785402
OBL01308,BBB,real_estate,south,2643215.561356423,3.511587260484064,1,0.00625,0.3,4956.0291775432925,0.04746575408799201,125462.21983689773,1568277.7479612215
OBL01309,B,industrials,south,1631956.9227844677,1.8323703373005604,0,0.045,0.55,40390.933838915575,0.1337103093584754,218209.4650052167,2727618.312565209
OBL01310,A,real_estate,south,3082387.3682757486,2.1615937390165287,0,0.0025,0.5,3852.984210344686,0.04100492656370489,126393.06767703866,1579913.3459629833
OBL01311,A,industrials,west,945109.8995882332,2.317134138967643,0,0.002,0.55,1039.6208895470565,0.041265851274242836,39000.76455422261,487509.5569277826
OBL01312,B,consumer,north,6043224.883477419,2.25985997402561,0,0.04725,0.55,157048.30665936944,0.1409967628358401,852075.145659313,10650939.320741411
OBL01313,BB,industrials,north,434776.7302159145,3.4002984653836896,1,0.015,0.35,2282.5778336335507,0.07288976705025861,31690.77458431114,396134.68230388925
OBL01314,A,technology,east,6731963.314420204,2.7575158802745423,1,0.0017,0.35,4005.5181720800206,0.026383288983766535,177611.333552463,2220141.6694057877
OBL01315,A,financials,west,1213187.7056724296,4.775327721460841,1,0.0018000000000000002,0.35,764.3082545736307,0.03844676608373914,46643.14393565607,583039.2991957009
OBL01316,BBB,energy,east,5266030.829022084,4.873030712753295,0,0.006,0.6000000000000001,18957.71098447951,0.11085916169581514,583787.7631697067,7297347.039621334
OBL01317,A,energy,east,3272748.223147666,1.275133173198336,1,0.0024,0.39999999999999997,3141.8382942217586,0.02592825934485481,84856.66470018544,1060708.3087523181
OBL01318,CCC,real_estate,south,1977317.6801724273,2.115980455220572,1,0.15,0.3,88979.29560775922,0.11590603687608364,229183.0559537975,2864788.199422469
OBL01319,BB,real_estate,east,1703724.9291151455,4.370516629505099,0,0.01875,0.5,15972.421210454488,0.12145947300117826,206933.53202929537,2586669.150366192
OBL01320,B,real_estate,north,2447993.720497372,3.059799596905927,1,0.056249999999999994,0.3,41309.894033393146,0.08675834727778195,212383.88933674048,2654798.616709256
OBL01321,BB,financials,south,3152605.450899903,1.9364749370355998,1,0.0135,0.35,14896.060755502043,0.059077900299456476,186249.3105117875,2328116.3813973437
OBL01322,BBB,industrials,south,31401339.21103401,4.708260475808292,0,0.005,0.55,86353.68283034353,0.09317867581656016,2925935.206550777,36574190.08188471
OBL01323,BB,technology,east,722203.8648971856,2.283091464611799,0,0.01275,0.55,5064.454602591514,0.0953649092431651,68872.90603098317,860911.3253872896
OBL01324,CCC,consumer,south,362066.60436478414,1.4918166978542673,0,0.126,0.55,25091.215682479542,0.19382400252705198,70177.19843936105,877214.980492013
OBL01325,BB,energy,west,175069.6239556223,1.3188937446853592,0,0.018,0.6000000000000001,1890.7519387207208,0.10279544531593986,17996.359955812324,224954.49944765406
OBL01326,B,financials,north,548706.0222874642,1.9224904766559328,1,0.0405,0.35,7777.907865924805,0.08282089917261411,45444.326147276224,568054.0768409529
OBL01327,BB,healthcare,north,2343683.6109197107,4.93331586938594,0,0.012,0.55,15468.311832070092,0.12659829478576978,296706.34865979094,3708829.3582473868
OBL01328,B,technology,south,2270253.1096023526,4.642251269958669,0,0.03825,0.55,47760.4497932595,0.16014679883247576,363573.7680422905,4544672.100528631
OBL01329,BBB,healthcare,north,551645.2915804374,1.2693589069569047,0,0.004,0.55,1213.6196414769624,0.047948900377171484,26450.78512952611,330634.81411907636
OBL01330,BB,energy,east,11154812.672786873,1.1889238888581897,1,0.018,0.39999999999999997,80314.65124406548,0.06734924788398453,751268.2437989351,9390853.047486689
OBL01331,A,industrials,south,3436247.534262214,4.668303252212716,1,0.002,0.35,2405.3732739835496,0.03978647620124623,136716.18074351462,1708952.2592939327
OBL01332,A,healthcare,south,571287.5511275554,3.3348270022104414,0,0.0016,0.55,502.73304499224884,0.04497465047780792,25693.45793428463,321168.22417855787
OBL01333,B,technology,east,3868665.766919451,2.0216893818115578,1,0.03825,0.35,51791.76295463414,0.08206433808583588,317479.49543757737,3968493.692969717
OBL01334,B,financials,west,3536385.722303873,3.917717401214125,0,0.0405,0.55,78772.99196431877,0.15380018311534058,543896.7716568116,6798709.645710145
OBL01335,A,technology,south,2230422.304590725,1.472187305446822,1,0.0017,0.35,1327.1012712314812,0.0193564856859042,43173.137412331824,539664.2176541478
OBL01336,BBB,consumer,east,2114223.7143255044,1.4943078001509966,0,0.00525,0.55,6104.820975114894,0.05803902859171947,122707.49060502929,1533843.6325628662
OBL01337,CCC,consumer,north,1984631.3345675892,2.098982324157721,1,0.126,0.35,87522.24185443069,0.127604491532802,253247.8723275635,3165598.404094544
OBL01338,BB,industrials,east,434812.28864053986,2.57194689348673,1,0.015,0.35,2282.764515362834,0.06627674098245344,28817.94143021684,360224.2678777105
OBL01339,A,financials,north,3310426.893312053,4.796638965966618,1,0.0018000000000000002,0.35,2085.568942786593,0.03856541666806404,127667.9924897441,1595849.9061218011
OBL01340,BBB,industrials,east,3544712.4939792366,1.8376886484314738,0,0.005,0.55,9747.959358442902,0.06053254568606103,214570.47098574947,2682130.8873218684
OBL01341,CCC,energy,west,3094651.8626891426,4.465924272892893,0,0.144,0.6000000000000001,267377.9209363419,0.25657368273772424,794006.2252013114,9925077.815016393
OBL01342,A,consumer,south,1657780.3749775891,1.235939108497266,1,0.0021000000000000003,0.35,1218.4685756085282,0.020664473297770193,34257.158292291846,428214.47865364805
OBL01343,A,healthcare,south,1177269.1710428058,1.844598902537601,1,0.0016,0.35,659.2707357839712,0.020631891953714267,24289.29033739393,303616.12921742414
OBL01344,A,technology,south,4773145.75564749,4.712374303343218,1,0.0017,0.35,2840.021724610256,0.037070366111818485,176942.26066692494,2211778.2583365617
OBL01345,A,financials,north,573949.2976423247,2.5454932617189443,0,0.0018000000000000002,0.55,568.2098046659016,0.0409076463830743,23478.914909766077,293486.436372076
OBL01346,A,healthcare,west,479959.2988755577,2.9312800987281205,1,0.0016,0.35,268.7772073703123,0.026457026409182918,12698.295845683548,158728.69807104435
OBL01347,B,energy,west,289678.45746212866,2.6400637727613465,1,0.054,0.39999999999999997,6257.054681181979,0.11056791328483644,32029.14256515782,400364.2820644728
OBL01348,CCC,industrials,south,1856430.4170199463,1.0688822364566724,1,0.12,0.35,77970.07751483773,0.11815800044761185,219352.10604520305,2741901.3255650382
OBL01349,CCC,industrials,north,2802524.619083087,3.3986750284773506,1,0.12,0.35,117706.03400148964,0.13461456808735997,377260.6411520628,4715758.014400785
OBL01350,BB,financials,east,13091130.145082748,2.2152018619006846,1,0.0135,0.35,61855.589935515985,0.061302972727297275,802525.1942535068,10031564.928168835
OBL01351,A,financials,east,1031995.1844470458,1.9918376864919418,1,0.0018000000000000002,0.35,650.1569662016389,0.02294965520304598,23683.93365426354,296049.17067829426
OBL01352,B,real_estate,east,9926083.17091872,4.053673118439585,1,0.056249999999999994,0.3,167502.65350925337,0.09306574174603598,923778.2929343955,11547228.661679944
OBL01353,A,healthcare,north,1196404.4250552184,3.893714498770172,1,0.0016,0.35,669.9864780309223,0.03161613821167549,37825.68765960594,472821.0957450742
OBL01354,A,industrials,north,2916621.9862551033,4.598305882239609,1,0.002,0.35,2041.6353903785723,0.03938377796411378,114867.59271192348,1435844.9088990435
OBL01355,B,consumer,north,2027259.4242420045,2.7542093835279866,1,0.04725,0.35,33525.80272840215,0.0934187647549401,189384.07125049914,2367300.8906312394
OBL01356,BBB,healthcare,south,838938.4502018157,3.747095284653948,0,0.004,0.55,1845.6645904439947,0.07487788309026241,62817.93519413749,785224.1899267186
OBL01357,BB,energy,south,4098600.901350926,4.819053211971437,0,0.018,0.6000000000000001,44264.889734590004,0.15050489058248617,616859.4801991003,7710743.502488754
OBL01358,B,financials,south,8428010.428586816,4.9881549107931695,1,0.0405,0.35,119467.04782521812,0.1059481990014572,892932.5260742726,11161656.575928407
OBL01359,BBB,industrials,north,745022.174180643,1.611364199174956,1,0.005,0.35,1303.788804816125,0.036882762867808366,27478.476181563678,343480.952269546
OBL01360,B,technology,south,1760145.9171937874,2.605745794606553,0,0.03825,0.55,37029.0697329643,0.13590937868683733,239220.33800398107,2990254.2250497635
OBL01361,BBB,financials,south,1467552.6121519571,1.602531369948038,1,0.0045000000000000005,0.35,2311.3953641393323,0.03489968374653121,51217.12204549908,640214.0255687386
OBL01362,BB,industrials,east,674948.5192215359,4.468089455388252,1,0.015,0.35,3543.4797259130632,0.08141432339980105,54950.47702211896,686880.962776487
OBL01363,B,financials,north,17031166.233129967,3.9766653671718655,1,0.0405,0.35,241416.7813546173,0.0983175458586735,1674462.4671524472,20930780.83940559
OBL01364,B,energy,south,6717778.708666914,3.89963384584046,0,0.054,0.6000000000000001,217656.03016080806,0.18187043784709445,1221765.3551051405,15272066.938814256
OBL01365,BBB,consumer,west,5137630.7459382,1.5309957687435811,0,0.00525,0.55,14834.908778896553,0.0584599885379508,300345.83451977075,3754322.9314971343
OBL01366,CCC,technology,south,499053.37183353445,4.515557827552415,1,0.102,0.35,17816.20537445718,0.1354950834000841,67619.27823767792,845240.977970974
OBL01367,B,real_estate,south,1374628.3521434476,1.9017335853144415,0,0.056249999999999994,0.5,38661.42240403446,0.13234823691690317,181929.6388221732,2274120.485277165
OBL01368,B,energy,east,1083348.8790071781,4.356896249381531,0,0.054,0.6000000000000001,35100.503679832575,0.18768566720579627,203329.0571731137,2541613.214663921
OBL01369,B,technology,south,3815496.4345321786,2.337241093089531,0,0.03825,0.55,80268.5062414707,0.13271377654360123,506368.94121541077,6329611.765192634
OBL01370,BB,real_estate,west,913276.6750840945,1.4142635504104377,1,0.01875,0.3,5137.181297348032,0.05275903187756614,48183.59321379936,602294.915172492
OBL01371,BB,real_estate,north,73868.20460584667,4.757475489965861,1,0.01875,0.3,415.5086509078875,0.07550885372770395,5577.703456710983,69721.29320888729
OBL01372,A,technology,west,3691044.0592945507,2.061714089827233,1,0.0017,0.35,2196.1712152802575,0.022579388244666414,83341.51684298117,1041768.9605372647
OBL01373,BB,consumer,north,6997402.922165136,1.376652466102947,0,0.01575,0.55,60615.00281325549,0.09070205707776476,634678.8392423401,7933485.49052925
OBL01374,B,consumer,west,806224.9931232373,3.3268712477184095,1,0.04725,0.35,13332.945823775537,0.09769743153749101,78766.11106947163,984576.3883683954
OBL01375,BB,energy,east,4120072.7192923287,1.1378820400378693,1,0.018,0.39999999999999997,29664.523578904762,0.06688542553239234,275572.81705426826,3444660.2131783534
OBL01376,BBB,technology,west,117992.61986167476,4.22200376902409,1,0.00425,0.35,175.51402204424122,0.05223578463700477,6163.437079850414,77042.96349813018
OBL01377,CCC,financials,east,683430.3482554803,4.215927687178427,1,0.108,0.35,25833.667164057155,0.13583123335253308,92831.18711409309,1160389.8389261635
OBL01378,BBB,consumer,south,995807.5879912396,4.093080074361225,1,0.00525,0.35,1829.7964429339027,0.055909316348648264,55674.921459386605,695936.5182423326
OBL01379,B,technology,south,1040823.5818867327,1.2188084759612887,0,0.03825,0.55,21896.32610394214,0.11940277808373403,124277.22717233872,1553465.339654234
OBL01380,BBB,technology,west,3290102.9938911744,3.1257992092279547,1,0.00425,0.35,4894.028203413122,0.044554381737664406,146588.50474605992,1832356.309325749
OBL01381,BB,technology,east,301952.3838746658,3.7960732974293125,0,0.01275,0.55,2117.441091921094,0.11432937712261201,34522.02796907837,431525.34961347963
OBL01382,BBB,industrials,east,1476615.715104098,2.154219606980136,0,0.005,0.55,4060.69321653627,0.06413235488245873,94698.8430660716,1183735.5383258949
OBL01383,BB,technology,east,605431.4482210454,4.920757473606514,1,0.01275,0.35,2701.737837686415,0.08172610012648844,49479.55115703806,618494.3894629758
OBL01384,B,industrials,west,937965.3424733463,2.828370040685553,0,0.045,0.55,23214.64222621532,0.1454381901314471,136415.98181534643,1705199.7726918303
OBL01385,B,industrials,north,6023027.49136156,3.6686942175764696,1,0.045,0.35,94862.68298894458,0.09884826893406677,595365.841263385,7442073.015792313
OBL01386,BBB,financials,west,1299091.4772420751,3.928051096538675,0,0.0045000000000000005,0.55,3215.2514061741367,0.08075415900576721,104907.03971624355,1311337.9964530445
OBL01387,BBB,industrials,east,1273891.9998766887,2.938454582294584,0,0.005,0.55,3503.2029996608944,0.07305121795107598,93059.36212912404,1163242.0266140506
OBL01388,BB,financials,north,3282009.6119113993,4.751326471877801,1,0.0135,0.35,15507.495416281361,0.08154881351200094,267643.98978635727,3345549.872329466
OBL01389,BBB,energy,east,301556.98343178787,4.975422441509716,1,0.006,0.39999999999999997,723.7367602362908,0.07477978597114028,22550.366679131792,281879.5834891474
OBL01390,A,energy,west,2912197.7920320854,4.764443730130621,1,0.0024,0.39999999999999997,2795.7098803508015,0.0501436973754358,146028.36478106922,1825354.5597633652
OBL01391,BBB,real_estate,south,486682.2687969352,1.565832294037742,1,0.00625,0.3,912.5292539942535,0.034936343757169606,17002.89904320895,212536.23804011184
OBL01392,CCC,industrials,west,1299803.9357224274,1.3037667497810062,1,0.12,0.35,54591.76530034195,0.11981711489516693,155738.75750764424,1946734.468845553
OBL01393,A,consumer,south,1789079.5981432896,3.9260644106301013,0,0.0021000000000000003,0.55,2066.3869358555,0.057155528067229684,102255.7891861868,1278197.3648273349
OBL01394,BBB,technology,east,2580305.1512797307,4.166221255585859,0,0.00425,0.55,6031.463291116371,0.08147055938055235,210218.90404728043,2627736.3005910055
OBL01395,CCC,real_estate,east,3866010.8540485743,2.8693987912948473,0,0.15,0.5,289950.8140536431,0.2005178950491138,775204.3586908468,9690054.483635586
OBL01396,A,industrials,south,438022.14271544927,3.7095761384278703,1,0.002,0.35,306.6154999008145,0.034270872989860264,15011.401219747608,187642.51524684508
OBL01397,CCC,industrials,east,4763564.731622451,2.793731785334139,0,0.12,0.55,314395.27228708175,0.20482240694116985,975684.7939509782,12196059.924387228
OBL01398,BBB,technology,east,1428576.7977743961,1.8280895918425273,1,0.00425,0.35,2125.0079866894143,0.035460978204166854,50658.73068885634,633234.1336107042
OBL01399,BB,consumer,south,3072758.946008669,4.137709130937862,0,0.01575,0.55,26617.774369800096,0.12531985734022108,385077.7127546945,4813471.4094336815
OBL01400,B,technology,south,8426306.751011528,2.3450292215014303,1,0.03825,0.35,112807.18162916682,0.08451320612226848,712134.1992976997,8901677.491221247
OBL01401,BB,consumer,west,7151094.350478723,3.362000237516694,0,0.01575,0.55,61946.354811021934,0.11559411144146002,826624.3972776326,10332804.965970408
OBL01402,BB,technology,west,6260716.311354291,4.878354316406567,0,0.01275,0.55,43903.273133371964,0.12789522647766163,800715.7305530474,10008946.631913092
OBL01403,BBB,real_estate,north,680163.5428329281,4.752705501250004,0,0.00625,0.5,2125.5110713529007,0.09242959529956829,62867.24100156813,785840.5125196016
OBL01404,B,consumer,south,1574693.8592236463,4.669142293739352,0,0.04725,0.55,40922.35666657452,0.16928413091047081,266570.6814087302,3332133.517609128
OBL01405,CCC,consumer,south,7283797.654082831,3.907191660642123,1,0.126,0.35,321215.47654505284,0.1402970542349934,1021895.3545115766,12773691.931394707
OBL01406,BBB,consumer,north,1887779.253860252,1.2393887875796255,0,0.00525,0.55,5450.962595521478,0.05511407259273626,104043.20283631542,1300540.0354539428
OBL01407,BB,energy,east,3399899.212945728,3.597064837084421,1,0.018,0.39999999999999997,24479.27433320924,0.08923226394603298,303380.703959483,3792258.7994935378
OBL01408,BB,consumer,east,730692.6943479131,4.022279090683306,0,0.01575,0.55,6329.625464788797,0.12387260921644579,90512.8105842709,1131410.1323033862
OBL01409,CCC,technology,south,1115685.9152548548,1.4308439510218234,1,0.102,0.35,39829.98717459831,0.11334704930362646,126459.70644375365,1580746.3305469207
OBL01410,CCC,financials,north,806654.06574317,3.088650836809711,1,0.108,0.35,30491.523685091826,0.12777808220109574,103072.70952037886,1288408.8690047357
OBL01411,BBB,consumer,east,1084327.6666321964,3.5668325859164542,1,0.00525,0.35,1992.4520874366608,0.05206682851861886,56457.502676532684,705718.7834566586
OBL01412,BB,consumer,east,1415239.951140984,4.556121424288673,1,0.01575,0.35,7801.510230664674,0.08308736605172629,117588.55987147815,1469856.998393477
OBL01413,BB,technology,north,1687123.6064704338,1.8508810275435694,1,0.01275,0.35,7528.789093874309,0.057239234404109114,96569.6635794671,1207120.7947433388
OBL01414,BBB,financials,south,2190074.318878599,4.253189183642531,1,0.0045000000000000005,0.35,3449.3670522337934,0.053694433887407286,117594.80072353547,1469935.0090441934
OBL01415,BB,consumer,west,1351997.1659751176,3.585204521721954,1,0.01575,0.35,7452.884377437836,0.07534075832498849,101860.49173780068,1273256.1467225086
OBL01416,BB,consumer,south,5142447.71744322,2.666739361236324,0,0.01575,0.55,44546.4533523519,0.10687701321891656,549609.4526747663,6870118.158434579
OBL01417,BB,industrials,north,1620400.8019165834,4.858162942225063,0,0.015,0.55,13368.306615811814,0.13283037300140366,215238.44293035337,2690480.536629417
OBL01418,BB,consumer,east,8269674.828799785,4.570136789430501,1,0.01575,0.35,45586.58249375882,0.08319918976765267,688030.245398094,8600378.067476174
OBL01419,B,energy,east,1708016.216634864,3.7988085501666915,0,0.054,0.6000000000000001,55339.7254189696,0.18058819330881323,308447.5627042446,3855594.533803058
OBL01420,B,financials,east,2550584.429226573,2.530419784970993,1,0.0405,0.35,36154.534284286674,0.08740710346542035,222939.1971026972,2786739.963783715
OBL01421,B,real_estate,west,7790908.681824335,2.7582797382372375,1,0.056249999999999994,0.3,131471.58400578564,0.08484481940181948,661018.2400854531,8262728.001068165
OBL01422,BB,healthcare,north,2857330.0450527384,2.3436339442138703,0,0.012,0.55,18858.378297348077,0.09418620062715394,269121.060881332,3364013.26101665
OBL01423,BBB,industrials,west,447896.20171853335,1.7464624927050338,1,0.005,0.35,783.8183530074333,0.03786049189164386,16957.570513462615,211969.6314182827
OBL01424,BBB,real_estate,east,1340334.081306809,1.4493949516683582,0,0.00625,0.5,4188.544004083778,0.05697760362232754,76369.0240061959,954612.8000774488
OBL01425,BB,healthcare,south,1272762.092881282,3.6152319249400575,0,0.012,0.55,8400.229813016464,0.11010134181981777,140132.8142436287,1751660.1780453587
OBL01426,BBB,financials,east,545859.0814999869,1.9872511818727863,1,0.0045000000000000005,0.35,859.7280533624794,0.03762757744220681,20539.354861672637,256741.93577090796
OBL01427,BB,consumer,north,3575588.4152587713,2.6907289703533954,0,0.01575,0.55,30973.534647179105,0.1071777920864299,383223.67175725196,4790295.896965649
OBL01428,BBB,industrials,west,3073024.9995210124,4.678273073062575,0,0.005,0.55,8450.818748682785,0.09283763831212434,285292.38342964783,3566154.792870598
OBL01429,BB,healthcare,north,3154978.4138890407,1.6546689544455644,0,0.012,0.55,20822.857531667672,0.08556321187193204,269950.08647896006,3374376.080987001
OBL01430,BB,industrials,east,3472871.068146464,1.0654854727212033,0,0.015,0.55,28651.18631220833,0.08525019189081781,296062.9249715555,3700786.5621444434
OBL01431,A,financials,south,1748873.4434753803,3.747528380968718,1,0.0018000000000000002,0.35,1101.7902693894896,0.0327244821371082,57230.97776107299,715387.2220134124
OBL01432,A,industrials,north,341781.0348725792,3.5344165913642698,1,0.002,0.35,239.24672441080546,0.033263171688418074,11368.721242811807,142109.0155351476
OBL01433,BB,financials,west,987279.8125452901,4.376751214823479,0,0.0135,0.55,7330.552608148779,0.12344920568314725,121878.90864572258,1523486.3580715323
OBL01434,BBB,real_estate,east,16652883.239996554,2.2810498174673373,0,0.00625,0.5,52040.26012498923,0.06590314087899758,1097477.3102069907,13718466.377587384
OBL01435,BB,energy,south,2717994.409773687,2.517743902937412,1,0.018,0.39999999999999997,19569.559750370543,0.07942436737941336,215874.9865370571,2698437.3317132136
OBL01436,BBB,healthcare,south,932400.0770631776,3.605958855398904,0,0.004,0.55,2051.280169538991,0.07334395861879421,68385.91266828222,854823.9083535278
OBL01437,A,consumer,east,2922357.8461495703,3.5635918025383817,0,0.0021000000000000003,0.55,3375.3233123027544,0.053829722686335624,157309.71244846843,1966371.4056058554
OBL01438,BB,financials,north,5408284.229927955,1.7271561921592782,1,0.0135,0.35,25554.142986409588,0.05740691222365439,310472.8980680484,3880911.225850605
OBL01439,BB,energy,west,3491132.451903602,4.673434336666202,1,0.018,0.39999999999999997,25136.153653705933,0.09901334053351285,345668.68630792905,4320858.578849114
OBL01440,BBB,financials,north,3580064.2671441617,1.3174576698950862,1,0.0045000000000000005,0.35,5638.601220752054,0.03287834061557368,117706.57240080992,1471332.155010124
OBL01441,CCC,financials,west,7105841.862457204,1.4685226679849395,0,0.108,0.55,422087.00662995793,0.1826063664289539,1297571.9629220604,16219649.536525754
OBL01442,BBB,technology,east,1193810.5925041214,2.8715495842154666,0,0.00425,0.55,2790.532259978384,0.06721437737586644,80241.23567987872,1003015.445998484
OBL01443,BB,industrials,west,3832232.9573111837,1.8033657512842667,0,0.015,0.55,31615.92189781727,0.09450710276031835,362173.2338980867,4527165.423726084
OBL01444,A,energy,south,392436.34573213634,4.771982982127753,1,0.0024,0.39999999999999997,376.7388919028508,0.0501960189692162,19698.742254580204,246234.27818225254
OBL01445,BBB,real_estate,west,3560259.9774901504,2.220773804218859,1,0.00625,0.3,6675.487457794032,0.03915374577605536,139397.51405531392,1742468.925691424
OBL01446,BBB,industrials,north,1121223.2816704717,4.111616424220275,1,0.005,0.35,1962.1407429233252,0.054977507838009206,61642.06175619676,770525.7719524595
OBL01447,B,real_estate,north,4718937.369146553,1.235342607242949,1,0.056249999999999994,0.3,79632.06810434807,0.07517984188968166,354768.9652997482,4434612.066246852
OBL01448,BB,energy,east,196670.5270300554,3.686285140663156,1,0.018,0.39999999999999997,1416.0277946163988,0.09004301770930934,17708.80774826648,221360.09685333102
OBL01449,BB,healthcare,north,783051.2163930539,4.5798594258601675,0,0.012,0.55,5168.1380281941565,0.12217448373114942,95668.87809786992,1195860.976223374
OBL01450,BB,industrials,east,1522625.2865631129,1.1793149946966515,1,0.015,0.35,7993.7827544563415,0.05515886378875698,83986.2807828518,1049828.5097856475
OBL01451,A,financials,east,616755.4148664572,3.957937900210966,0,0.0018000000000000002,0.55,610.5878607177928,0.0532650476468625,32851.50655932229,410643.8319915286
OBL01452,B,consumer,south,6871859.372231754,2.6693691963388826,1,0.04725,0.35,113643.37436828263,0.092784877790484,637604.6320459154,7970057.900573942
OBL01453,BBB,industrials,south,1755682.7439738486,2.2392190595192942,0,0.005,0.55,4828.127545928084,0.06509902750223091,114293.23923514581,1428665.4904393225
OBL01454,BBB,financials,east,3006120.131721171,3.258659002457279,0,0.0045000000000000005,0.55,7440.1473260099,0.07329554531022554,220335.21432255028,2754190.1790318787
OBL01455,BB,consumer,east,670887.9240683592,1.4404395939684385,0,0.01575,0.55,5811.566642242162,0.0915018125046949,61387.46103976699,767343.2629970873
OBL01456,BBB,real_estate,east,5859755.003292928,1.5624815658206086,0,0.00625,0.5,18311.7343852904,0.058191278704811285,340986.63653853117,4262332.95673164
OBL01457,BB,industrials,south,2928637.518632917,4.163356005662696,1,0.015,0.35,15375.346972822814,0.07898152757356462,231308.26493088162,2891353.3116360204
OBL01458,BB,healthcare,south,1140453.2285210956,3.64111801197942,1,0.012,0.35,4789.903559788601,0.07027066355180193,80140.4051179722,1001755.0639746526
OBL01459,A,industrials,east,7691959.10083871,3.6651233213571928,1,0.002,0.35,5384.371370587097,0.034015133794561773,261643.0179573258,3270537.7244665725
OBL01460,BBB,industrials,south,2771436.2089071977,3.504458899802746,0,0.005,0.55,7621.449574494794,0.07948821089707073,220296.5058613935,2753706.323267419
OBL01461,A,technology,east,5335310.902421301,2.2565331374380335,1,0.0017,0.35,3174.509986940674,0.02364445063653105,126150.4952628464,1576881.1907855798
OBL01462,BB,technology,east,12138585.159494484,1.073348089381462,0,0.01275,0.55,85121.82843095508,0.08020138322831136,973531.32022611,12169141.502826376
OBL01463,BB,technology,west,6568937.626267234,2.477181164219176,1,0.01275,0.35,29313.884157217526,0.06223491667931979,408817.28584239003,5110216.073029876
OBL01464,BBB,industrials,east,5922299.290157528,2.492280690264929,0,0.005,0.55,16286.323047933203,0.06797701956275629,402580.25470353593,5032253.1837941995
OBL01465,BB,real_estate,north,923956.9071556315,2.390360511151818,1,0.01875,0.3,5197.2576027504265,0.059401156985638214,54884.109289916414,686051.3661239552
OBL01466,BBB,healthcare,west,196282.71920006757,2.3576165201667307,1,0.004,0.35,274.7958068800946,0.03803959003770877,7466.514169857279,93331.42712321598
OBL01467,A,technology,west,2553975.004198932,4.695840911646952,1,0.0017,0.35,1519.6151274983645,0.03697997919163993,94445.94251124501,1180574.2813905627
OBL01468,BBB,consumer,south,4389351.246450826,4.11259252936058,0,0.00525,0.55,12674.25172412676,0.08808138419516257,386620.13350615086,4832751.6688268855
OBL01469,BB,healthcare,west,3343599.5407589893,3.93762596586187,0,0.012,0.55,22067.756969009333,0.11413638021930776,381626.3484851708,4770329.356064635
OBL01470,A,real_estate,south,4999172.132229713,4.476654693510328,1,0.0025,0.3,3749.379099172285,0.03679320162362854,183935.54821235282,2299194.35265441
OBL01471,BBB,financials,south,3742441.968340368,3.8135346569331676,0,0.0045000000000000005,0.55,9262.543871642412,0.07947817458294781,297442.4561263066,3718030.7015788327
OBL01472,BBB,industrials,east,1715468.8319179835,3.771638134510091,1,0.005,0.35,3002.0704558564707,0.05251702789679075,90091.32450191177,1126141.5562738972
OBL01473,BBB,financials,west,4259370.875248998,2.467527593153549,0,0.0045000000000000005,0.55,10541.942916241274,0.06448046724674235,274646.22421322134,3433077.8026652667
OBL01474,A,consumer,east,4141481.991338369,2.045304017820739,1,0.0021000000000000003,0.35,3043.9892636337017,0.025390230066723057,105153.18057727153,1314414.757215894
OBL01475,BB,consumer,south,4694788.7957676845,3.7225859990887393,1,0.01575,0.35,25880.02323666936,0.07643687727323913,358854.9950058726,4485687.437573408
OBL01476,BBB,industrials,south,3322353.266789121,1.1953379301475753,1,0.005,0.35,5814.118216880961,0.03387191093713238,112534.45395437191,1406680.674429649
OBL01477,BBB,healthcare,north,6167667.432004534,4.150699173135365,0,0.004,0.55,13568.868350409975,0.07926440388145098,488876.48233687895,6110956.029210987
OBL01478,CCC,industrials,east,349307.24124145607,2.8833438010248686,0,0.12,0.55,23054.2779219361,0.20581708572171534,71893.39841380867,898667.4801726083
OBL01479,B,technology,south,2826645.7586676185,3.8594386739695925,1,0.03825,0.35,37841.72009416274,0.09598283790589816,271309.48167158855,3391368.520894857
OBL01480,CCC,real_estate,west,3321537.153785929,2.220477765451987,1,0.15,0.3,149469.1719203668,0.11651695818814367,387015.40566804085,4837692.570850511
OBL01481,BB,healthcare,north,13163122.059484012,1.9015453821203914,0,0.012,0.55,86876.6055925945,0.08865308246243227,1166951.3454024973,14586891.817531217
OBL01482,BB,industrials,south,2865010.4600201314,3.9996321361006335,0,0.015,0.55,23636.336295166086,0.12205986810799356,349702.7988780792,4371284.98597599
OBL01483,BBB,technology,east,1925036.1371005392,1.204727562659988,0,0.00425,0.55,4499.7719704725105,0.04886028912771538,94057.82224003269,1175722.7780004086
OBL01484,BB,energy,east,4371677.698560938,4.9920351063437085,0,0.018,0.6000000000000001,47214.119144458135,0.1528627460741551,668266.6579531675,8353333.224414594
OBL01485,BB,energy,north,1417700.2523521408,3.4001511494183285,0,0.018,0.6000000000000001,15311.162725403123,0.13116433455220453,185951.710194261,2324396.3774282625
OBL01486,BB,energy,east,379502.12299205543,2.326897978449518,0,0.018,0.6000000000000001,4098.622928314199,0.11653519725258711,44225.35476065475,552816.9345081844
OBL01487,BBB,industrials,south,2112806.6393161714,4.604672529139602,0,0.005,0.55,5810.218258119472,0.09200060197265027,194379.48266889993,2429743.533361249
OBL01488,CCC,industrials,north,16358642.469012868,2.603493312742023,1,0.12,0.35,687062.9836985404,0.12899777601224172,2110228.4970820667,26377856.213525835
OBL01489,B,consumer,west,6171560.173408041,2.70050212511304,0,0.04725,0.55,160383.42000644148,0.14617033947109642,902099.045613352,11276238.070166899
OBL01490,BBB,financials,west,1720063.4520724732,3.0118804187498713,1,0.0045000000000000005,0.35,2709.0999370141453,0.044892811903874265,77218.48501661819,965231.0627077273
OBL01491,BBB,consumer,north,589383.4383772849,1.2179721537993617,0,0.00525,0.55,1701.8446783144104,0.05486833685564184,32338.48903402129,404231.11292526615
OBL01492,B,real_estate,west,859283.8147367224,2.476045558173343,0,0.056249999999999994,0.5,24167.357289470314,0.13842280623613354,118944.47698914699,1486805.9623643374
OBL01493,BB,technology,south,1332526.1054268877,1.5797913149219558,0,0.01275,0.55,9344.339314306051,0.08654939486678595,115329.32806889215,1441616.600861152
OBL01494,CCC,industrials,west,452425.44220667664,1.0462205783604048,1,0.12,0.35,19001.868572680418,0.11799792908394063,53385.26524527391,667315.8155659239
OBL01495,BB,industrials,east,1616768.3508314367,1.066221928104178,1,0.015,0.35,8488.033841865043,0.05425600149835127,87719.38606519734,1096492.3258149668
OBL01496,BB,industrials,south,1108222.7962838188,2.631382347727986,1,0.015,0.35,5818.169680490048,0.06675123541402574,73975.24076593107,924690.5095741383
OBL01497,BBB,financials,north,1705805.6714670237,2.5037771394858175,0,0.0045000000000000005,0.55,4221.869036880885,0.06488437306684626,110680.13156700855,1383501.644587607
OBL01498,CCC,real_estate,south,2469187.975353696,3.0173417487583665,1,0.15,0.3,111113.45889091631,0.12117565408315613,299205.4679677481,3740068.3495968515
OBL01499,BBB,industrials,south,3717488.7021681727,3.854682633309907,1,0.005,0.35,6505.605228794301,0.053118034871970456,197465.69451792518,2468321.181474065
OBL01500,BB,energy,west,2672682.6931092637,3.819701339670028,1,0.018,0.39999999999999997,19243.315390386695,0.09125538396551011,243896.68537765948,3048708.5672207433
OBL01501,B,real_estate,west,295361.7393205863,4.517679427368664,0,0.056249999999999994,0.5,8307.048918391489,0.16001742214006232,47263.024124885305,590787.8015610663
OBL01502,BB,technology,north,1187404.0848383573,1.825018987008328,1,0.01275,0.35,5298.790728591169,0.057032945869368454,67721.15289565302,846514.4111956628
OBL01503,A,consumer,south,6989390.092357393,4.816589290894922,0,0.0021000000000000003,0.55,8072.74555667279,0.06532638669899518,456591.5999634647,5707394.999543309
OBL01504,A,technology,south,1824813.4844669905,2.178610139255164,1,0.0017,0.35,1085.7640232578592,0.023218450941718302,42369.34236688285,529616.7795860356
OBL01505,CCC,technology,north,1362690.4876570813,2.708185192645533,1,0.102,0.35,48648.0504093578,0.12251827182365875,166954.4835782844,2086931.0447285548
OBL01506,CCC,industrials,west,1489728.277227718,3.1941006652255566,1,0.12,0.35,62568.58764356415,0.13316955037688297,198386.44486214366,2479830.5607767957
OBL01507,B,real_estate,east,7094185.606050633,3.1740771065137796,1,0.056249999999999994,0.3,119714.38210210441,0.08748358375539145,620624.780643223,7757809.7580402875
OBL01508,BBB,technology,north,2954252.7523058257,4.279929692020415,1,0.00425,0.35,4394.450969054916,0.05264168730259275,155516.84959970726,1943960.6199963407
OBL01509,BBB,energy,north,2225053.888330569,3.22456095786703,0,0.006,0.6000000000000001,8010.19399799005,0.0897603083599026,199721.52313395217,2496519.039174402
OBL01510,CCC,industrials,east,8523068.134666756,2.0579999017576323,0,0.12,0.55,562522.4968880059,0.1966559028499109,1676111.659074197,20951395.738427464
OBL01511,BB,technology,east,5114769.138591833,2.558529914188599,1,0.01275,0.35,22824.657280966054,0.06288379488408902,321636.09339067753,4020451.167383469
OBL01512,B,technology,south,1426496.5721110748,3.6969800630251974,1,0.03825,0.35,19097.22285913701,0.0947524306045073,135164.01745652215,1689550.218206527
OBL01513,CCC,financials,south,1355416.9872983135,4.14595368870218,1,0.108,0.35,51234.76211987625,0.1353313462252357,183430.40558763398,2292880.069845425
OBL01514,CCC,healthcare,north,565993.8943642541,4.481452053784452,0,0.096,0.55,29884.47762243262,0.20841505151925832,117961.64665351166,1474520.5831688957
OBL01515,BB,industrials,west,13719354.608945228,4.913166255171258,1,0.015,0.35,72026.61169696244,0.08496753024939999,1165699.6777377988,14571245.971722485
OBL01516,B,industrials,north,3348911.790909202,4.232146775199837,0,0.045,0.55,82885.56682500275,0.16196763900407524,542415.3360064727,6780191.700080909
OBL01517,BB,consumer,west,913495.6101730544,2.089825088069882,1,0.01575,0.35,5035.644551078963,0.06340964677001387,57924.43396703167,724055.4245878959
OBL01518,BB,healthcare,north,1203933.3743534347,1.1966090252244763,0,0.012,0.55,7945.960270732669,0.07983019832617917,96110.2400461408,1201378.00057676
OBL01519,BB,healthcare,north,1610013.1509567145,2.236266903495242,0,0.012,0.55,10626.086796314317,0.09284240987066059,149477.50085827702,1868468.7607284628
OBL01520,B,technology,north,7766029.797604077,2.062098772871269,1,0.03825,0.35,103967.72391542456,0.08237038532774936,639690.8668954312,7996135.83619289
OBL01521,BB,industrials,east,457668.7545717935,4.900637551590057,0,0.015,0.55,3775.7672252172965,0.1333632286482225,61036.18276110532,762952.2845138166
OBL01522,A,technology,south,814193.3640813454,3.0420079228750887,0,0.0017,0.55,761.270795416058,0.043903494640239696,35745.93399606407,446824.1749508009
OBL01523,BBB,energy,east,7144925.399132036,3.1632453363203394,0,0.006,0.6000000000000001,25721.731436875332,0.08897552641144447,635723.4985582728,7946543.731978411
OBL01524,BBB,industrials,south,2656658.665579286,4.004135334060692,0,0.005,0.55,7305.811330343037,0.08517087723565712,226269.94906309803,2828374.3632887253
OBL01525,BBB,real_estate,north,992929.095216869,3.950815461354577,1,0.00625,0.3,1861.7420535316294,0.050294101157626676,49938.47635718794,624230.9544648492
OBL01526,BB,real_estate,south,2459454.9416175247,1.6766418866920616,1,0.01875,0.3,13834.434046598575,0.0545444587412116,134149.63858892606,1676870.4823615756
OBL01527,BB,technology,west,3892935.8880890394,1.2133855949801404,1,0.01275,0.35,17372.226400597337,0.0521542528649235,203033.1626943313,2537914.533679141
OBL01528,BB,real_estate,north,6037186.866640519,3.4164885520076607,0,0.01875,0.5,56598.62687475487,0.11063955431444854,667951.6642381491,8349395.802976863
OBL01529,CCC,financials,north,1470356.7088004847,2.756748785959025,1,0.108,0.35,55579.48359265832,0.12540700771118818,184393.03511873964,2304912.9389842455
OBL01530,B,real_estate,north,1473334.935069509,4.049033277396997,1,0.056249999999999994,0.3,24862.527029297962,0.09303629603982534,137073.6251849437,1713420.3148117962
OBL01531,BBB,technology,north,762924.8795068441,2.09345378533982,1,0.00425,0.35,1134.8507582664306,0.037320457137268816,28472.70526459115,355908.8158073894
OBL01532,BB,consumer,north,9143220.586024182,3.750390948406916,1,0.01575,0.35,50402.003480458305,0.07665872327742375,700907.616768472,8761345.2096059
OBL01533,BB,industrials,north,4163488.2520346562,4.254147090259011,0,0.015,0.55,34348.77807928591,0.1252528281504915,521488.678538687,6518608.481733588
OBL01534,B,consumer,north,673336.7955409775,2.871618006805773,0,0.04725,0.55,17498.339974121154,0.1481794099271617,99774.64904550796,1247183.1130688495
OBL01535,B,industrials,south,3346800.5671243086,2.235690277273319,1,0.045,0.35,52712.10893220786,0.08811052426920221,294888.35259378614,3686104.407422327
OBL01536,CCC,consumer,west,1264974.2317614518,2.170538105345031,0,0.126,0.55,87662.71426106861,0.20131063998409213,254652.77215928314,3183159.651991039
OBL01537,B,real_estate,north,5237271.485006766,4.641296882606998,0,0.056249999999999994,0.5,147298.2605158153,0.16132493937181017,844902.5047924268,10561281.309905335
OBL01538,BBB,technology,north,658662.6299169444,3.2386630397579923,1,0.00425,0.35,979.7606620014549,0.045345249233440306,29867.2211143371,373340.26392921375
OBL01539,A,financials,east,1107692.687778918,1.1100948790473875,1,0.0018000000000000002,0.35,697.8463933007184,0.01804054258415542,19983.37710403315,249792.21380041435
OBL01540,A,consumer,west,4825257.5122093195,4.758941034588974,0,0.0021000000000000003,0.55,5573.172426601765,0.0647974449893558,312664.3582068592,3908304.47758574
OBL01541,BB,healthcare,north,4547905.74507514,1.6881168910477795,1,0.012,0.35,19101.20412931559,0.05471571734015336,248841.92523719094,3110524.065464887
OBL01542,BBB,healthcare,north,902916.1947649058,1.8800489429954435,1,0.004,0.35,1264.082672670868,0.03473661691711902,31364.253965811356,392053.17457264196
OBL01543,B,financials,south,1018316.0233348045,3.425648582581259,0,0.0405,0.55,22682.98941978277,0.14796679589356593,150676.95917992873,1883461.9897491091
OBL01544,CCC,industrials,west,991689.6428204684,4.998002717467951,1,0.12,0.35,41650.96499845967,0.14591147156398565,144698.89511869787,1808736.1889837233
OBL01545,B,financials,west,4094629.553555471,1.886355337953796,1,0.0405,0.35,58041.3739216488,0.08254829654271917,338004.69461947883,4225058.682743485
OBL01546,B,financials,east,6669303.522213963,2.879448460679706,1,0.0405,0.35,94537.37742738292,0.09004016752229947,600505.2063972071,7506315.0799650885
OBL01547,A,real_estate,north,3317095.9084645286,1.8826334164203598,1,0.0025,0.3,2487.8219313483964,0.02313405514650669,76737.87967267011,959223.4959083764
OBL01548,A,consumer,south,2402370.1781111066,3.307023910616994,1,0.0021000000000000003,0.35,1765.7420809116636,0.03275721775697065,78694.96305723788,983687.0382154735
OBL01549,BB,healthcare,north,2708894.682479446,1.9467565619624088,1,0.012,0.35,11377.357666413673,0.056775688594730214,153799.3609283736,1922492.0116046697
OBL01550,B,financials,east,2489647.6172335423,1.6749234608861374,1,0.0405,0.35,35290.75497428546,0.08095325947347289,201545.08955542045,2519313.6194427554
OBL01551,BB,healthcare,east,5277470.010563947,4.00615364163307,0,0.012,0.55,34831.302069722056,0.11499406295554557,606877.7186407943,7585971.483009929
OBL01552,B,financials,east,6078920.483776741,2.0412902483515967,0,0.0405,0.55,135407.95377612693,0.13155547716849608,799715.2849125941,9996441.061407426
OBL01553,A,real_estate,south,2510472.2284778985,3.364904190864742,0,0.0025,0.5,3138.090285597373,0.051565231693304625,129453.08212106962,1618163.5265133702
OBL01554,BBB,energy,west,1163108.7312657912,4.959338389559302,0,0.006,0.6000000000000001,4187.19143255685,0.11196381830798267,130226.09465987129,1627826.1832483911
OBL01555,BB,technology,east,4205979.4920489015,1.7423875833380826,0,0.01275,0.55,29494.431187992923,0.08858745748116201,372597.02941852144,4657462.867731518
OBL01556,BBB,technology,west,1481546.527832263,4.0151822896708005,1,0.00425,0.35,2203.8004601504913,0.050786530392481585,75242.60776362878,940532.5970453598
OBL01557,BB,technology,south,22048177.70397295,1.079970820109419,0,0.01275,0.55,154612.84614911032,0.08028439583390931,1770124.6262021381,22126557.827526726
OBL01558,B,healthcare,south,3465847.1165222437,4.5622386999549,1,0.036,0.35,43669.673668180265,0.09985401927270518,346078.7647694618,4325984.559618273
OBL01559,BB,consumer,north,957552.7330547341,1.5951725006106927,0,0.01575,0.55,8294.800550086635,0.09344183529538655,89475.4847687477,1118443.5596093463
OBL01560,BBB,industrials,east,2506513.8681229386,2.48584437916158,0,0.005,0.55,6892.9131373380815,0.06790382137700238,170201.86997999932,2127523.3747499916
OBL01561,B,technology,south,148863.59381041056,2.7138509560990443,0,0.03825,0.55,3131.7178547865124,0.1371959896244056,20423.488071864816,255293.6008983102
OBL01562,BB,industrials,north,6701073.5442704,3.932404052877033,1,0.015,0.35,35180.636107419596,0.07713775575493387,516905.77435377915,6461322.17942224
OBL01563,BB,consumer,west,2242787.2065553274,2.7823190870858725,1,0.01575,0.35,12363.364476136243,0.06893481514365664,154606.12149044956,1932576.5186306194
OBL01564,A,industrials,south,3320233.9521538354,1.6330154828695287,1,0.002,0.35,2324.1637665076846,0.02232431963202369,74121.96400097947,926524.5500122433
OBL01565,BB,energy,south,822716.9827371518,2.6301792957093557,1,0.018,0.39999999999999997,5923.562275707492,0.08044607896476864,66184.35535892911,827304.4419866139
OBL01566,BBB,consumer,north,2265182.5802576644,1.3737715146740954,0,0.00525,0.55,6540.714700494007,0.0566559880419209,128336.15717984577,1604201.9647480722
OBL01567,A,financials,south,756589.505736069,1.8905120680369074,1,0.0018000000000000002,0.35,476.6513886137235,0.02238552372618584,16936.652331637993,211708.15414547492
OBL01568,CCC,energy,north,3177617.2027481403,1.9926396700478395,1,0.144,0.39999999999999997,183030.75087829286,0.15162094384842437,481793.3194696631,6022416.493370788
OBL01569,BBB,industrials,west,1495596.2332500047,1.2763684774354824,1,0.005,0.35,2617.293408187508,0.034458342607218743,51535.7674073945,644197.0925924312
OBL01570,B,energy,south,2033113.713501901,2.9222502186596016,0,0.054,0.6000000000000001,65872.8843174616,0.1694405728079363,344491.9521994326,4306149.402492908
OBL01571,B,industrials,south,753437.0522622523,1.9248868371198613,1,0.045,0.35,11866.633573130473,0.08578162070692497,64631.05144370413,807888.1430463016
OBL01572,BB,financials,west,855551.2498992526,3.811675620187253,0,0.0135,0.55,6352.46803050195,0.11636050849596638,99552.37848263663,1244404.7310329578
OBL01573,CCC,industrials,south,3987264.2204647404,3.2194568366727223,1,0.12,0.35,167465.09725951907,0.13334865452379868,531696.3190298561,6646203.987873201
OBL01574,BBB,industrials,east,687233.6783845146,1.9427077051737487,1,0.005,0.35,1202.6589371729006,0.03928075143013099,26995.055295036702,337438.19118795876
OBL01575,B,real_estate,west,2095798.3468464778,3.8132505576202544,1,0.056249999999999994,0.3,35366.597103034306,0.0915399541107891,191849.28449579424,2398116.056197428
OBL01576,BB,consumer,east,2534250.09057558,2.32113856028601,1,0.01575,0.35,13970.053624297885,0.06525521638202798,165373.0380266835,2067162.9753335437
OBL01577,BB,technology,north,6393317.900816008,1.0601915200692682,1,0.01275,0.35,28530.181132391433,0.050932300513512885,325626.38860278233,4070329.8575347792
OBL01578,A,industrials,west,12140938.411560638,3.454189651071293,1,0.002,0.35,8498.656888092446,0.032801622241075634,398242.4754281769,4978030.942852211
OBL01579,BB,healthcare,south,2949097.5264286716,2.4309364459253784,1,0.012,0.35,12386.20961100042,0.06063200591635752,178809.69867033855,2235121.2333792318
OBL01580,B,real_estate,west,1988355.3922424705,4.369568236661184,1,0.056249999999999994,0.3,33553.49724409168,0.09507049896921338,189033.93926861766,2362924.240857721
OBL01581,BBB,real_estate,north,321814.5328242969,4.445769942936077,1,0.00625,0.3,603.4022490455567,0.053481289627786574,17211.056236407054,215138.20295508817
OBL01582,BBB,real_estate,east,4436049.105938837,3.803518677376613,1,0.00625,0.3,8317.592073635318,0.049345604620963025,218899.52526083437,2736244.0657604295
OBL01583,BBB,industrials,north,8627462.162778808,3.884732901101732,1,0.005,0.35,15098.058784862913,0.05333551370331895,460150.1264077549,5751876.580096936
OBL01584,BBB,consumer,south,1846888.4425966113,3.162163879845352,1,0.00525,0.35,3393.6575132712733,0.0491120693750317,90704.51332074903,1133806.4165093629
OBL01585,BBB,technology,east,1272707.8325039865,4.460866170927588,0,0.00425,0.55,2974.954558478069,0.08471502022167106,107817.46976685437,1347718.3720856796
OBL01586,B,financials,west,319846.76676005137,3.2162491054538402,0,0.0405,0.55,7124.586729580145,0.14548440280571462,46532.715851424764,581658.9481428096
OBL01587,BB,financials,south,2807286.8936472675,1.7622414272884663,1,0.0135,0.35,13264.43057248334,0.05768699707497636,161943.9508224494,2024299.3852806175
OBL01588,CCC,energy,west,6673055.159705021,3.756412739008369,1,0.144,0.39999999999999997,384367.97719900915,0.165475757425035,1104228.8568912263,13802860.711140329
OBL01589,B,real_estate,east,2201510.158556054,1.760036392617077,1,0.056249999999999994,0.3,37150.4839256334,0.07850969282915451,172839.88630849903,2160498.5788562377
OBL01590,BB,industrials,east,8720671.062358927,1.0899361847050293,1,0.015,0.35,45783.523077384365,0.054445320867566586,474799.73417063453,5934996.677132932
OBL01591,BB,healthcare,east,2104983.0267804763,3.2537974628732385,1,0.012,0.35,8840.928712478,0.06718579573301704,141424.95965874102,1767811.9957342627
OBL01592,CCC,real_estate,west,320128.8652897196,2.571760280200238,0,0.15,0.5,24009.66489672897,0.19761776123522523,63263.14966532739,790789.3708165924
OBL01593,BB,energy,south,5474396.485691736,3.273521243005713,0,0.018,0.6000000000000001,59123.48204547076,0.12943828674050725,708596.5020461922,8857456.275577402
OBL01594,B,consumer,north,3246406.0192351006,3.934581813861214,1,0.04725,0.35,53687.439543100474,0.1022379661450056,331905.9486875006,4148824.3585937577
OBL01595,BB,technology,east,4284643.892814434,2.4085440507880502,1,0.01275,0.35,19120.22337168441,0.0616874328278719,264308.682329342,3303858.529116775
OBL01596,CCC,industrials,east,4334333.74913703,1.0837490682678586,1,0.12,0.35,182042.01746375524,0.1182630128006964,512591.36765668297,6407392.095708537
OBL01597,BBB,consumer,west,594717.019998764,4.523376716322573,1,0.00525,0.35,1092.7925242477288,0.059051202336409175,35118.75508085332,438984.4385106665
OBL01598,B,healthcare,west,3788356.4393213606,1.7894628666149428,0,0.036,0.55,75009.45749856294,0.1237702304956642,468885.7496945385,5861071.871181731
OBL01599,BB,industrials,west,1360096.2448790935,1.873697993033284,0,0.015,0.55,11220.794020252522,0.09538944006087703,129738.81922791821,1621735.2403489777
OBL01600,BB,financials,north,8035459.926512096,3.2679223346806485,1,0.0135,0.35,37967.548152769654,0.06970682283736479,560126.381514123,7001579.768926537
OBL01601,BB,industrials,south,4342495.805090791,4.8581797460062,1,0.015,0.35,22798.10297672665,0.08452855333329005,367064.8882602052,4588311.1032525655
OBL01602,BBB,technology,west,8898635.289849471,4.4897880530628775,0,0.00425,0.55,20800.55999002314,0.08503349140224639,756682.0274111413,9458525.342639266
OBL01603,BB,industrials,east,3636475.456090651,2.940714536826335,0,0.015,0.55,30000.92251274787,0.10877545582675394,395559.2753390635,4944490.9417382935
OBL01604,BB,industrials,east,739926.8194908318,1.7697846677270448,0,0.015,0.55,6104.396260799363,0.0940858188387643,69616.62069255745,870207.7586569681
OBL01605,B,industrials,south,6985839.234763915,4.78563074930278,0,0.045,0.55,172899.5210604069,0.16848490405542912,1177008.4532158505,14712605.665198132
OBL01606,BB,industrials,south,3015395.34204561,3.4844417391740343,0,0.015,0.55,24877.011571876283,0.11559666300043957,348569.6391675416,4357120.48959427
OBL01607,BB,industrials,east,985780.6902143466,3.320387499842369,0,0.015,0.55,8132.69069426836,0.11353855748471242,111924.11756322108,1399051.4695402635
OBL01608,BB,industrials,north,2415526.778992511,3.493741809020497,0,0.015,0.55,19928.095926688216,0.11571333493239104,279508.65921572014,3493858.240196502
OBL01609,BBB,real_estate,south,4695255.414628279,1.4489628493171915,0,0.00625,0.5,14672.673170713373,0.05697296618702517,267502.6279770638,3343782.8497132976
OBL01610,CCC,real_estate,south,3385737.3781497427,4.58455688809014,1,0.15,0.3,152358.18201673843,0.13033804426411513,441290.38825995027,5516129.8532493785
OBL01611,A,industrials,west,558222.9470481474,2.892962804109963,1,0.002,0.35,390.7560629337032,0.029572857189052067,16508.24749270664,206353.093658833
OBL01612,B,healthcare,north,548722.6358779928,2.8397576256555244,1,0.036,0.35,6913.905212062709,0.08675195086394374,47602.75914562133,595034.4893202665
OBL01613,BB,technology,west,1160211.7479756954,2.603365042653459,0,0.01275,0.55,8135.984882679565,0.09937937779239796,115301.12162125504,1441264.020265688
OBL01614,BB,industrials,south,1558587.6581552906,3.502267244049081,0,0.015,0.55,12858.34817978115,0.11582028885767687,180516.07277755588,2256450.9097194485
OBL01615,A,consumer,east,13703095.82585347,2.541613450555885,0,0.0021000000000000003,0.55,15827.075678860761,0.04445273522216682,609140.0904706437,7614251.130883046
OBL01616,B,technology,north,1896103.1427375048,2.717724233012354,1,0.03825,0.35,25384.08082339834,0.0873358737585931,165597.82470739435,2069972.8088424294
OBL01617,BB,consumer,north,1716524.3232027933,3.2308686091172145,1,0.01575,0.35,9462.340331655398,0.07251363551850716,124471.41913137953,1555892.7391422442
OBL01618,CCC,technology,north,1007691.105428263,4.664486674130973,0,0.102,0.55,56531.47101452556,0.21460117219449604,216251.69243487273,2703146.155435909
OBL01619,BBB,healthcare,north,2139101.4057291807,1.8472655950924879,1,0.004,0.35,2994.7419680208527,0.034509879336716724,73820.13140071515,922751.6425089394
OBL01620,B,energy,south,2240378.5146179534,3.704411433139484,0,0.054,0.6000000000000001,72588.2638736217,0.1793876990585482,401896.34675752267,5023704.334469033
OBL01621,B,financials,east,4735241.913255867,2.9924195240423628,1,0.0405,0.35,67122.05412040191,0.09089241854667053,430397.5898993892,5379969.873742365
OBL01622,CCC,consumer,west,5504880.625580746,1.5888280872633258,1,0.126,0.35,242765.2355881109,0.12402350977979326,682734.616103308,8534182.70129135
OBL01623,A,industrials,east,4166098.2778891707,1.5617977432558372,1,0.002,0.35,2916.2687945224193,0.021914600549635163,91298.37961046412,1141229.7451308016
OBL01624,B,healthcare,west,6843503.928479027,2.318986206978591,0,0.036,0.55,135501.37778388476,0.13009966859208866,890337.5931037782,11129219.913797228
OBL01625,BBB,technology,south,17493052.447104514,1.3778338705020232,1,0.00425,0.35,26020.915515067965,0.032305914149340496,565129.0505660691,7064113.132075864
OBL01626,BBB,real_estate,west,3084470.685397846,4.0857369383747315,0,0.00625,0.5,9638.97089186827,0.08527151446365355,263017.4866626178,3287718.5832827226
OBL01627,CCC,energy,west,3378711.4673010036,4.049007514243968,1,0.144,0.39999999999999997,194613.78051653778,0.16777415177956995,566860.4505343321,7085755.631679151
OBL01628,B,technology,north,2718251.8275119774,2.387096080336846,0,0.03825,0.55,57185.22282128323,0.13330712445594098,362362.3346727282,4529529.183409102
OBL01629,BBB,industrials,north,8325386.676248425,1.7268221491271754,0,0.005,0.55,22894.81335968317,0.05927169510260481,493459.7806858851,6168247.258573564
OBL01630,BB,financials,east,960198.5287791399,1.6189879501970696,0,0.0135,0.55,7129.4740761851135,0.08885392518894578,85317.40824267748,1066467.6030334686
OBL01631,A,industrials,north,318891.8633218369,4.904053551344532,0,0.002,0.55,350.78104965402065,0.06465290702270353,20617.285989643406,257716.07487054256
OBL01632,BB,real_estate,east,2756320.4775227415,3.1698191028351475,1,0.01875,0.3,15504.30268606542,0.06470520124635387,178348.2711975552,2229353.38996944
OBL01633,B,energy,south,1058476.0755110134,1.712689929657182,1,0.054,0.39999999999999997,22863.083231037886,0.10270533582799979,108711.14080126189,1358889.2600157736
OBL01634,BBB,industrials,south,8976991.701510934,1.4423614366175501,1,0.005,0.35,15709.735477644133,0.035659661511432114,320116.48546681495,4001456.0683351867
OBL01635,BBB,financials,south,957039.3313877087,3.190628732071249,1,0.0045000000000000005,0.35,1507.3369469356412,0.046160244414257715,44177.169450914414,552214.6181364302
OBL01636,B,financials,north,906875.0487771939,4.430783318303138,1,0.0405,0.35,12854.953816416722,0.10174340091851751,92268.55167073816,1153356.895884227
OBL01637,BB,financials,west,16433753.006497903,4.589807536029225,0,0.0135,0.55,122020.61607324693,0.12612193081794013,2072656.659764644,25908208.24705805
OBL01638,BBB,consumer,south,10953333.018574217,3.828113938651983,1,0.00525,0.35,20126.749421630124,0.053974619890824624,591201.9862151621,7390024.827689527
OBL01639,B,industrials,west,5597400.806433737,3.08896166883904,1,0.045,0.35,88159.06270133136,0.09450423336851434,528978.0720683243,6612225.900854054
OBL01640,BB,technology,east,1867022.6373487348,1.9425003405974586,1,0.01275,0.35,8331.588519168728,0.057970035742776795,108231.36901967955,1352892.1127459945
OBL01641,CCC,consumer,west,583397.2345095573,1.5942234763146237,1,0.126,0.35,25727.818041871476,0.12406138222766452,72377.06730105262,904713.3412631578
OBL01642,A,healthcare,south,998655.9086483811,2.4946520645861403,1,0.0016,0.35,559.2473088430934,0.024116489907014465,24084.075141499045,301050.93926873803
OBL01643,CCC,healthcare,east,2461788.0116950846,2.9402999673365064,0,0.096,0.55,129982.40701750049,0.19094607494481208,470068.75817936956,5875859.47724212
OBL01644,CCC,technology,south,5101945.607898521,1.6779304604055478,1,0.102,0.35,182139.4582019772,0.1151211134968217,587341.6593814967,7341770.7422687095
OBL01645,CCC,energy,south,2325975.434014207,2.640189213818723,0,0.144,0.6000000000000001,200964.27749882752,0.23506137540444938,546746.9846763406,6834337.308454257
OBL01646,BB,financials,west,3735998.525060048,3.675892116692674,0,0.0135,0.55,27739.789048570856,0.11465714677158113,428358.93122622056,5354486.640327757
OBL01647,BBB,real_estate,east,2380583.4797977665,1.5674945291817877,1,0.00625,0.3,4463.594024620812,0.03494704748222502,83194.36390389301,1039929.5487986626
OBL01648,BB,technology,east,4214516.639635789,1.5607153449763649,1,0.01275,0.35,18807.280504374707,0.05492472819152912,231481.1808906724,2893514.761133405
OBL01649,BB,consumer,east,2369117.4787387694,4.011462458424573,0,0.01575,0.55,20522.48015957459,0.12373699156693709,293147.46948778233,3664343.3685972793
OBL01650,BB,real_estate,north,6962317.129345288,3.2694156157106016,0,0.01875,0.5,65271.72308761207,0.10897155601409764,758694.5310483614,9483681.638104519
OBL01651,BB,real_estate,north,3124177.814711433,1.885611473950584,1,0.01875,0.3,17573.50020775181,0.05596645081595288,174849.14400733856,2185614.300091732
OBL01652,BB,energy,east,2181529.73215295,4.047334993240072,0,0.018,0.6000000000000001,23560.52110725186,0.1399858703887267,305383.33833431656,3817291.729178957
OBL01653,BBB,healthcare,north,524015.2151086458,1.2099061786144705,0,0.004,0.55,1152.8334732390208,0.04730274548022979,24787.358348052134,309841.9793506517
OBL01654,BBB,real_estate,north,5904396.080821184,3.941943287816944,0,0.00625,0.5,18451.2377525662,0.08372828344546776,494364.9486293051,6179561.857866314
OBL01655,A,real_estate,south,1010003.7882940538,2.398215708788286,0,0.0025,0.5,1262.5047353675673,0.043081531314639,43512.509833294294,543906.3729161787
OBL01656,CCC,consumer,south,3596754.97455355,3.121106435462516,1,0.126,0.35,158616.89437781155,0.13477919974295932,484767.7571418355,6059596.964272944
OBL01657,BBB,financials,south,3407579.374380936,4.860402898342388,1,0.0045000000000000005,0.35,5366.937514649974,0.05799994250150876,197639.40778342145,2470492.5972927683
OBL01658,B,consumer,west,1284403.327200133,2.71210444047394,0,0.04725,0.55,33378.43146561346,0.1463065621804262,187916.63525575254,2348957.9406969068
OBL01659,B,financials,north,9121087.312093167,4.675651100001618,1,0.0405,0.35,129291.41264892064,0.10359067765980187,944859.6156539519,11810745.195674399
OBL01660,BB,healthcare,south,1970747.599436739,4.834678366197439,1,0.012,0.35,8277.139917634304,0.07977693925806525,157220.21153324263,1965252.644165533
OBL01661,BBB,healthcare,west,4503566.352752524,2.546139202938043,1,0.004,0.35,6304.992893853534,0.03934345860747932,177185.87638555557,2214823.4548194446
OBL01662,CCC,consumer,north,4625197.019264209,2.5885949102870462,0,0.126,0.55,320526.1534350097,0.20592201616952946,952429.8953881839,11905373.692352299
OBL01663,B,industrials,south,6464098.104216374,1.7381820950372529,1,0.045,0.35,101809.5451414079,0.08438261000512721,545457.4693629725,6818218.367037157
OBL01664,B,financials,east,3778821.7560138977,2.7442564244159464,1,0.0405,0.35,53564.798391497,0.08902028200504333,336391.7783671502,4204897.2295893775
OBL01665,A,consumer,east,3735333.825467513,1.3585966472167366,1,0.0021000000000000003,0.35,2745.4703617186224,0.021380651732477912,79863.87162686532,998298.3953358165
OBL01666,BBB,energy,south,4611461.031189862,2.9893050878889857,1,0.006,0.39999999999999997,11067.506474855667,0.05783283719122135,266693.875030465,3333673.4378808127
OBL01667,BB,healthcare,north,6423614.039773837,2.781121283046417,1,0.012,0.35,26979.178967050113,0.06342110124619238,407392.67638295935,5092408.454786992
OBL01668,BBB,consumer,west,528979.8769449769,4.418586544948799,0,0.00525,0.55,1527.4293946786208,0.0915923778339644,48450.52475570831,605631.5594463539
OBL01669,B,technology,south,1499081.6675987726,1.7309021363420878,1,0.03825,0.35,20068.955824978566,0.07986201253413318,119719.67892746245,1496495.9865932807
OBL01670,BB,consumer,north,6151919.415957798,1.549017133835601,1,0.01575,0.35,33912.45578046736,0.05909472850473558,363546.00766903756,4544325.09586297
OBL01671,BBB,financials,south,521772.0642289026,1.1306197705826833,1,0.0045000000000000005,0.35,821.7910011605215,0.031553548099436585,16463.75992558899,205796.9990698624
OBL01672,CCC,real_estate,south,729636.5566379196,4.135253247233851,1,0.15,0.3,32833.645048706385,0.12771128603294715,93182.82298488,1164785.287311
OBL01673,A,energy,north,1248741.866682296,1.8014570435304318,0,0.0024,0.6000000000000001,1798.1882880225062,0.04437133515496035,55408.34388859096,692604.298607387
OBL01674,BBB,industrials,south,1682661.0864355348,1.7234293646330028,0,0.005,0.55,4627.317987697721,0.059233110008497375,99669.24923985374,1245865.615498172
OBL01675,CCC,healthcare,north,934472.4731194923,2.8883411361707,1,0.096,0.35,31398.275096814938,0.12113634972578534,113198.58431292236,1414982.3039115295
OBL01676,BBB,energy,east,5342329.578617163,3.6819841811635383,1,0.006,0.39999999999999997,12821.59098868119,0.06374326191675153,340537.51357540267,4256718.919692533
OBL01677,BB,financials,north,603272.072739635,2.014056092000651,0,0.0135,0.55,4479.29514009179,0.09380993187571603,56592.91204622717,707411.4005778396
OBL01678,BB,technology,north,5071375.7224493865,3.353826381626115,1,0.01275,0.35,22631.014161430383,0.06922747618520474,351078.54205209034,4388481.775651129
OBL01679,A,financials,south,3702351.888653613,3.503739285119451,1,0.0018000000000000002,0.35,2332.4816898517765,0.03136718370872628,116132.35184574759,1451654.3980718448
OBL01680,B,consumer,south,530415.1220732012,4.342228194339376,0,0.04725,0.55,13784.16298487732,0.1654458345917512,87754.97255148637,1096937.1568935795
OBL01681,B,healthcare,north,1162336.9161495215,2.3031680198265203,0,0.036,0.55,23014.27093976053,0.12991059243860326,150999.87739024346,1887498.4673780433
OBL01682,A,consumer,east,5223228.568639207,3.1472307221698608,0,0.0021000000000000003,0.55,6032.828996778285,0.05000947285070087,261210.90729636757,3265136.341204595
OBL01683,CCC,real_estate,east,2663631.8194029815,3.2178778750242074,0,0.15,0.5,199772.3864552236,0.20391340986485348,543150.2469189856,6789378.08648732
OBL01684,BB,healthcare,north,3641569.895077967,3.5852177754014685,1,0.012,0.35,15294.59355932746,0.06982543842424355,254274.21447634563,3178427.6809543204
OBL01685,A,real_estate,north,844624.7193583573,2.5716834334610104,1,0.0025,0.3,633.4685395187679,0.026762334989831632,22604.129680160888,282551.6210020111
OBL01686,BB,financials,east,1640517.5811225488,4.558075325978052,1,0.0135,0.35,7751.445570804043,0.08000609281288545,131251.401856461,1640642.5232057623
OBL01687,A,healthcare,east,541557.6738088707,2.3104198469133306,1,0.0016,0.35,303.2722973329676,0.02312891651130703,12525.642223583018,156570.52779478772
OBL01688,A,energy,west,2632335.0612212196,4.003551998947027,1,0.0024,0.39999999999999997,2527.0416587723703,0.044863191022152964,118094.95068587828,1476186.8835734786
OBL01689,BB,technology,south,2701866.0640681777,1.0131797311845605,1,0.01275,0.35,12057.077310904242,0.05055731103689566,136599.08298112793,1707488.537264099
OBL01690,BB,financials,west,1603792.187895858,1.0279310846061587,1,0.0135,0.35,7577.918087807929,0.05182500976330348,83116.5457960127,1038956.8224501587
OBL01691,BBB,financials,north,2467701.2267748313,4.012152588603195,1,0.0045000000000000005,0.35,3886.6294321703595,0.05198534018426435,128284.28774701607,1603553.596837701
OBL01692,A,financials,north,1001468.9450404133,4.758836177811046,1,0.0018000000000000002,0.35,630.9254353754604,0.03835494923606808,38411.290548523706,480141.13185654633
OBL01693,B,energy,north,1249707.1495520535,1.6738906593047584,1,0.054,0.39999999999999997,26993.674430324354,0.10237638297831238,127940.49775327614,1599256.2219159517
OBL01694,BB,industrials,west,35858441.611978315,1.7610637578799837,0,0.015,0.55,295832.1432988211,0.09397641262816275,3369847.7051301557,42123096.314126946
OBL01695,BBB,real_estate,south,2923629.17087665,4.7508085098813515,0,0.00625,0.5,9136.341158989531,0.09240923629268602,270170.33888373006,3377129.2360466258
OBL01696,BB,technology,south,3385678.175632708,1.0968321114357908,0,0.01275,0.55,23742.068206624364,0.08049574365767631,272532.68253311963,3406658.5316639952
OBL01697,A,consumer,west,2215848.040763059,2.3354331526161043,0,0.0021000000000000003,0.55,2559.3044870813337,0.042560963184736185,94308.62688588636,1178857.8360735795
OBL01698,B,technology,east,2394578.2399591827,4.888053068705462,1,0.03825,0.35,32057.416187453553,0.10377322004841162,248493.09461842247,3106163.682730281
OBL01699,B,technology,east,1507488.9227890926,1.6176739766866066,1,0.03825,0.35,20181.507953838976,0.07900446024094732,119098.34866415936,1488729.358301992
OBL01700,A,consumer,south,5633296.127244047,2.235644036558715,1,0.0021000000000000003,0.35,4140.472653524375,0.026501596054538706,149291.33841981902,1866141.7302477378
OBL01701,BBB,consumer,east,644288.5558743315,4.423650900141846,1,0.00525,0.35,1183.8802214190841,0.058323036894429296,37576.865214917205,469710.81518646504
OBL01702,BB,industrials,south,1143131.265306504,1.0298276318322972,1,0.015,0.35,6001.439142859145,0.05396545284952791,61689.59639871932,771119.9549839915
OBL01703,B,healthcare,west,436929.4931247686,3.590479359430191,1,0.036,0.35,5505.311613372084,0.09246232275633769,40399.51581506538,504993.9476883173
OBL01704,BBB,healthcare,north,7501124.436048668,1.8845887199775038,0,0.004,0.55,16502.47375930707,0.054635452323754566,409827.32650028734,5122841.581253592
OBL01705,BBB,consumer,south,152451.47709765888,4.8803648026089785,1,0.00525,0.35,280.12958916694816,0.061657813117725925,9399.824684408724,117497.80855510905
OBL01706,B,technology,west,7717017.738689076,3.51656436801488,0,0.03825,0.55,162346.76067767144,0.1467494636791606,1132468.2143551908,14155852.679439884
OBL01707,B,consumer,west,2981524.5263205427,1.9744728346797982,0,0.04725,0.55,77482.36862775512,0.1376460342855222,410395.0271730427,5129937.839663033
OBL01708,B,healthcare,south,1371438.8460849035,2.451558122225243,0,0.036,0.55,27154.489152481092,0.1316843121137545,180596.98105277176,2257462.263159647
OBL01709,A,energy,west,1128587.9003850752,4.163480789332594,1,0.0024,0.39999999999999997,1083.444384369672,0.04597307953729054,51884.661309226794,648558.266365335
OBL01710,B,consumer,west,580498.9840491192,2.061566977955672,1,0.04725,0.35,9600.001948712308,0.08824365839946784,51225.354049668604,640316.9256208575
OBL01711,BB,consumer,north,914655.1139056596,2.2446214603134473,1,0.01575,0.35,5042.036315404949,0.06464471309765006,59127.6174217298,739095.2177716226
OBL01712,B,consumer,east,5645868.291034932,3.7386867266943358,1,0.04725,0.35,93368.54686299019,0.10077432790621564,568958.5824760596,7111982.280950745
OBL01713,BB,real_estate,south,1724850.2882610795,3.854868794958035,1,0.01875,0.3,9702.282871468571,0.06936681371246631,119647.36862770011,1495592.1078462515
OBL01714,B,real_estate,south,3534244.8840732095,3.4288834700575475,0,0.056249999999999994,0.5,99400.637364559,0.14850109159194552,524839.2232381206,6560490.290476507
OBL01715,A,technology,east,1760371.487529934,2.012597340509726,1,0.0017,0.35,1047.4210350803105,0.02231087033971686,39275.42000801485,490942.7501001856
OBL01716,BBB,consumer,north,2976217.175715974,4.719442426307719,0,0.00525,0.55,8593.827094879876,0.09504441621326645,282872.8239898214,3535910.2998727676
OBL01717,A,healthcare,west,7063525.846372301,1.476701041993738,1,0.0016,0.35,3955.5744739684883,0.018659782276046175,131803.85439453193,1647548.179931649
OBL01718,BB,technology,south,3512229.7506331056,4.584110133963989,1,0.01275,0.35,15673.325262200233,0.07904083303302127,277609.56529340125,3470119.5661675157
OBL01719,A,healthcare,north,745175.8233854623,1.4751314020807769,1,0.0016,0.35,417.29846109585884,0.01865136825032113,13898.548693198516,173731.85866498144
OBL01720,BB,technology,north,2420793.3310562354,4.4337035760181625,1,0.01275,0.35,10802.790239838449,0.0778411153072776,188437.25281783703,2355465.660222963
OBL01721,BBB,financials,north,407962.8585417589,2.70352174763961,1,0.0045000000000000005,0.35,642.5415022032703,0.0427063643936194,17422.61049594696,217782.631199337
OBL01722,BBB,real_estate,north,3371493.6988440054,4.768944376153721,0,0.00625,0.5,10535.917808887518,0.0926038751467983,312213.3815459675,3902667.2693245937
OBL01723,BBB,consumer,north,517147.53044739645,3.5282002993496224,1,0.00525,0.35,950.258587197091,0.05178474813963602,26780.354615253178,334754.4326906647
OBL01724,BBB,real_estate,east,933357.3132085834,4.900655057941355,0,0.00625,0.5,2916.7416037768235,0.09401742858794547,87751.85454162465,1096898.1817703082
OBL01725,BBB,industrials,south,494811.90884684667,1.962625975703188,0,0.005,0.55,1360.7327493288285,0.06195341946645911,30655.28974578802,383191.12182235025
OBL01726,BBB,technology,east,735040.5886498912,1.2396084006777093,0,0.00425,0.55,1718.1573759691207,0.049244376913254284,36196.61579401554,452457.69742519426
OBL01727,B,technology,south,464159.3380354135,3.0070567986162193,0,0.03825,0.55,9764.752073920012,0.14068557179359464,65300.52187484853,816256.5234356066
OBL01728,BBB,financials,east,3655070.2090118644,1.754435375347763,1,0.0045000000000000005,0.35,5756.735579193686,0.035976774049223594,131497.6350436683,1643720.4380458537
OBL01729,BBB,consumer,south,1089576.156901792,1.3565589135900105,0,0.00525,0.55,3146.1511530539246,0.05645848962745917,61515.82415276664,768947.801909583
OBL01730,BB,industrials,east,7515314.468138882,1.6060962671925134,0,0.015,0.55,62001.34436214578,0.09203230287128236,691651.6973046879,8645646.2163086
OBL01731,BBB,real_estate,south,3279328.6396737373,3.76788124160733,1,0.00625,0.3,6148.741199388257,0.04911612245923575,161067.90705029428,2013348.8381286785
OBL01732,BBB,industrials,south,2675950.713319917,1.290049570652636,1,0.005,0.35,4682.913748309855,0.03455735497493035,92473.77869561446,1155922.2336951806
OBL01733,A,consumer,east,501995.29724000517,4.008517679092035,0,0.0021000000000000003,0.55,579.804568312206,0.057912063920701994,29071.583741654977,363394.7967706872
OBL01734,BBB,financials,east,3052178.830664175,3.210563924893639,0,0.0045000000000000005,0.55,7554.142605893835,0.07275965221053696,222075.47020348875,2775943.377543609
OBL01735,A,technology,north,6843557.469066581,3.7658387675650142,1,0.0017,0.35,4071.916694094615,0.03189572115751825,218280.20075879898,2728502.5094849872
OBL01736,BB,consumer,north,1799748.2475411945,1.313771487949606,1,0.01575,0.35,9921.112214570834,0.05721778544886306,102977.60908977935,1287220.113622242
OBL01737,B,real_estate,south,369744.6527039345,4.069104522470121,0,0.056249999999999994,0.5,10399.068357298158,0.15527278946052936,57411.28361345457,717641.0451681821
OBL01738,BBB,real_estate,north,15309209.008123057,3.3018597821583286,0,0.00625,0.5,47841.278150384554,0.07685874006625922,1176646.5157753641,14708081.447192052
OBL01739,BBB,consumer,east,5531774.95196205,3.5711320596476264,0,0.00525,0.55,15973.00017379042,0.08186863437660694,452878.8609958535,5660985.762448168
OBL01740,BB,consumer,south,2822225.2751884037,2.1966368252248962,0,0.01575,0.55,24447.526446319545,0.10098292350254677,284996.55907130457,3562456.988391307
OBL01741,BBB,healthcare,west,1102190.7385929876,3.1173406382691105,1,0.004,0.35,1543.0670340301826,0.04329402618686949,47718.27469956983,596478.4337446229
OBL01742,CCC,industrials,north,673477.5595228674,4.497760988414074,1,0.12,0.35,28286.05749996043,0.1423779977380753,95888.38644639129,1198604.830579891
OBL01743,BB,real_estate,south,3125589.8581918287,3.5685204092170446,1,0.01875,0.3,17581.442952329035,0.06741827593488575,210721.87951885714,2634023.4939857144
OBL01744,CCC,healthcare,north,735119.1159365866,1.4515709579535643,0,0.096,0.55,38814.28932145178,0.17407131455010688,127963.15086199406,1599539.3857749258
OBL01745,B,consumer,west,7845898.241847246,4.379772724403944,0,0.04725,0.55,203895.28056000534,0.16588664467549918,1301529.7338054378,16269121.672567973
OBL01746,B,financials,west,355112.614474886,1.6725398880357658,0,0.0405,0.55,7910.1334874280865,0.1271840080600337,45164.64562159353,564558.0702699191
OBL01747,CCC,financials,north,870679.481373844,4.2897990890474595,1,0.108,0.35,32911.684395931305,0.1363589631332212,118724.95130150816,1484061.891268852
OBL01748,BBB,industrials,east,785235.5247669555,2.3207894265640183,0,0.005,0.55,2159.397693109128,0.06602670218778933,51846.512141060244,648081.401763253
OBL01749,B,industrials,north,1572464.497487628,1.279423339396291,0,0.045,0.55,38918.496312818796,0.12719936719337793,200016.4890144793,2500206.112680991
OBL01750,BB,financials,east,12826305.856415734,4.825809436539513,1,0.0135,0.35,60604.29517156434,0.08214340978608833,1053596.4980052623,13169956.225065779
OBL01751,A,consumer,west,5324238.74904731,1.0905240514844965,0,0.0021000000000000003,0.55,6149.4957551496445,0.031138512784788106,165788.8763564739,2072360.9544559238
OBL01752,CCC,industrials,west,2706184.0737843416,2.045579824519111,1,0.12,0.35,113659.73109894233,0.1250569358278642,338427.08805363654,4230338.600670457
OBL01753,BBB,financials,north,1025999.8548680505,2.3111907323559238,1,0.0045000000000000005,0.35,1615.9497714171796,0.03992450271133173,40962.53398750545,512031.6748438181
OBL01754,CCC,consumer,south,888010.4351276251,4.956160215893377,1,0.126,0.35,39161.26018912827,0.14766019460348603,131123.79366087142,1639047.4207608928
OBL01755,BBB,technology,west,592280.0704710514,2.9976494751588563,1,0.00425,0.35,881.016604825689,0.04365640176665321,25856.816714865894,323210.2089358237
OBL01756,BBB,technology,east,2513692.0864360286,1.2760943598317076,0,0.00425,0.55,5875.755252044217,0.04964613937227554,124795.10766218917,1559938.8457773647
OBL01757,BBB,technology,south,895512.9338055959,1.9361278351133344,1,0.00425,0.35,1332.075489035824,0.03621803150018157,32433.715645391083,405421.44556738855
OBL01758,B,healthcare,east,963501.8284163468,1.4256578988668052,0,0.036,0.55,19077.33620264367,0.1194216383808158,115062.9669323918,1438287.0866548975
OBL01759,BBB,technology,west,1194085.728983793,1.5049655643664424,1,0.00425,0.35,1776.2025218633921,0.033196760436305234,39639.77788548587,495497.22356857336
OBL01760,CCC,technology,west,2535767.294083342,3.9022383258157505,0,0.102,0.55,142256.5451980755,0.20600091511458168,522370.383098795,6529629.788734938
OBL01761,BBB,consumer,south,2594361.5542093487,2.7227729134990764,0,0.00525,0.55,7491.218987779495,0.07213451078657165,187143.00151638107,2339287.5189547637
OBL01762,BB,technology,west,5058849.219765115,1.2421688718446857,0,0.01275,0.55,35475.180153602865,0.08231746700206348,416431.6537164294,5205395.6714553675
OBL01763,BB,financials,west,4012881.340455775,1.149267262313253,1,0.0135,0.35,18960.86433365354,0.05279363446163977,211854.5906259572,2648182.382824465
OBL01764,BBB,energy,north,2161990.2971969363,3.8502830463616617,1,0.006,0.39999999999999997,5188.776713272647,0.06517930608757132,140917.0273393584,1761462.84174198
OBL01765,BB,healthcare,north,1394885.860334533,1.902601680411673,1,0.012,0.35,5858.520613405039,0.05642401096375386,78705.05507670093,983813.1884587615
OBL01766,A,technology,north,1087944.016023366,4.256421859986048,0,0.0017,0.55,1017.2276549818473,0.054336394087032974,59114.954799274936,738936.9349909367
OBL01767,BBB,financials,east,1282350.46287949,1.1918191383950294,1,0.0045000000000000005,0.35,2019.701979035197,0.03198748824096298,41019.17035215112,512739.62940188905
OBL01768,BB,consumer,north,968499.8130622816,1.9284496685660435,0,0.01575,0.55,8389.629630652014,0.09762042481122515,94545.36318073208,1181817.039759151
OBL01769,BB,consumer,west,6718409.088661232,4.462642329220287,0,0.01575,0.55,58198.21873052792,0.12939383115613137,869320.6912560499,10866508.640700623
OBL01770,BBB,consumer,east,1169671.23124718,1.2963136308724676,1,0.00525,0.35,2149.270887416693,0.035488238322604594,41509.57141359427,518869.6426699284
OBL01771,BB,financials,east,1814756.4034865124,2.5774960963915263,1,0.0135,0.35,8574.72400647377,0.06419516160471361,116498.58059500552,1456232.257437569
OBL01772,CCC,financials,north,587128.7241852441,1.2148940268055313,1,0.108,0.35,22193.465774202225,0.11439215415062343,67162.9195232573,839536.4940407162
OBL01773,A,industrials,east,927183.1535536782,4.079386686770934,1,0.002,0.35,649.0282074875747,0.03639841086661125,33747.993371647084,421849.91714558855
OBL01774,A,energy,west,2657197.196700702,1.425389367673937,1,0.0024,0.39999999999999997,2550.9093088326736,0.026971021090095897,71667.32163275834,895841.5204094792
OBL01775,BB,technology,south,2807403.5250644917,4.040355610622245,1,0.01275,0.35,12528.038230600292,0.0747035757417444,209723.08187229547,2621538.5234036935
OBL01776,BBB,energy,north,834238.4139905967,4.300412094622699,1,0.006,0.39999999999999997,2002.1721935774317,0.06902012340449716,57579.23828240297,719740.4785300371
OBL01777,A,healthcare,north,14819851.352122612,1.424962659980916,1,0.0016,0.35,8299.116757188662,0.018382439636098397,272425.0228963451,3405312.786204314
OBL01778,BBB,industrials,east,24340941.432029124,1.2182605489802238,1,0.005,0.35,42596.64750605096,0.034037805776729366,828512.2368861521,10356402.9610769
OBL01779,BBB,energy,west,1441467.1355501292,3.2770328197922947,1,0.006,0.39999999999999997,3459.5211253203097,0.06028793236786758,86903.07317855,1086288.414731875
OBL01780,B,consumer,west,950854.8838639483,3.823090880560787,1,0.04725,0.35,15724.762641900044,0.1014049570296832,96421.3986396881,1205267.4829961013
OBL01781,A,financials,west,2525049.334136716,3.8102513068279675,0,0.0018000000000000002,0.55,2499.7988407953494,0.05197294567983313,131234.25188198636,1640428.1485248294
OBL01782,CCC,industrials,south,1132302.1653592633,2.3675571690426347,1,0.12,0.35,47556.69094508905,0.12733123333911292,144177.4312277432,1802217.89034679
OBL01783,CCC,real_estate,west,249301.95794753812,4.4672283673855375,1,0.15,0.3,11218.588107639214,0.12965210800745755,32322.524378284852,404031.5547285607
OBL01784,A,healthcare,south,899062.2206071671,3.001464821206478,1,0.0016,0.35,503.4748435400135,0.026833250316055886,24124.761615261174,301559.5201907647
OBL01785,BBB,industrials,north,4420628.835439385,1.3648741514519172,1,0.005,0.35,7736.100462018922,0.03509887302399064,155159.0901812786,1939488.6272659823
OBL01786,BB,energy,east,531813.3468346171,4.049493213856016,1,0.018,0.39999999999999997,3829.0560972092426,0.09334352555765574,49641.33273215951,620516.6591519939
OBL01787,BBB,technology,west,1538506.999561486,1.7436569429130166,1,0.00425,0.35,2288.529161847711,0.03486933571509826,53646.71706773799,670583.9633467249
OBL01788,BB,industrials,north,1662834.3257775027,2.73804947928803,1,0.015,0.35,8729.880210331889,0.06760279717296488,112412.25165778033,1405153.1457222542
OBL01789,B,energy,west,3481642.7289966396,4.286190288074321,1,0.054,0.39999999999999997,75203.4829463274,0.12452430997064107,433549.15839260624,5419364.479907578
OBL01790,A,consumer,north,801952.7268735644,4.8231035559001505,1,0.0021000000000000003,0.35,589.43525425207,0.041609372778068934,33368.74996287104,417109.374535888
OBL01791,BBB,industrials,south,1286179.5160106246,4.87431396233456,1,0.005,0.35,2250.8141530185926,0.0604972779249363,77810.35964145482,972629.4955181853
OBL01792,BB,industrials,west,9568700.770422349,3.3211770941094763,0,0.015,0.55,78941.78135598438,0.11354846316177958,1086511.266936394,13581390.836704925
OBL01793,B,consumer,south,1804411.3016128405,4.398417775729768,1,0.04725,0.35,29840.45190042235,0.1057035357013182,190732.65443989492,2384158.1804986866
OBL01794,BB,consumer,west,4613044.870789284,3.9443775147297635,1,0.01575,0.35,25429.40985022593,0.07820647451090959,360769.9761050643,4509624.701313304
OBL01795,BB,industrials,north,2994745.8640769213,4.873892716054751,1,0.015,0.35,15722.415786403835,0.08465399557793474,253517.20313460604,3168965.0391825754
OBL01796,B,real_estate,west,1204716.2699826485,2.7814294245827256,1,0.056249999999999994,0.3,20329.587055957192,0.08499173367253274,102390.92436933231,1279886.5546166538
OBL01797,CCC,energy,north,3197133.5219619125,3.0576162619486684,1,0.144,0.39999999999999997,184154.89086500613,0.15998656208123704,511498.40069336357,6393730.008667044
OBL01798,BB,industrials,south,6513802.686626174,4.452566729441058,0,0.015,0.55,53738.87216466593,0.12774205705120628,832086.5544153014,10401081.930191267
OBL01799,BBB,consumer,south,3800683.422700761,4.649611475662366,1,0.00525,0.35,6983.755789212648,0.05997292745080989,227938.11117312856,2849226.389664107
OBL01800,BBB,industrials,north,7942076.852333966,2.4110927511132747,0,0.005,0.55,21840.711343918407,0.06705369411195439,532545.5918700353,6656819.898375441
OBL01801,BBB,financials,east,793645.8456694026,1.55402499654699,0,0.0045000000000000005,0.55,1964.273468031772,0.05430188426345711,43096.46485771344,538705.810721418
OBL01802,CCC,industrials,south,502458.47569119267,1.4487028266640491,0,0.12,0.55,33162.25939561872,0.18989280454247376,95413.24911513695,1192665.613939212
OBL01803,A,consumer,north,1416411.2697850836,4.757168177423836,1,0.0021000000000000003,0.35,1041.0622832920365,0.04122438628117673,58390.68531863231,729883.5664829039
OBL01804,BB,real_estate,west,1794828.5862571578,1.9958559825498674,1,0.01875,0.3,10095.910797696513,0.05671664044674345,101796.64759028409,1272458.094878551
OBL01805,A,industrials,east,642210.9552152356,3.6568622873350556,1,0.002,0.35,449.5476686506649,0.03396760766838183,21814.369767087857,272679.6220885982
OBL01806,B,healthcare,east,4985181.5729388865,2.8694998075414886,1,0.036,0.35,62813.28781902996,0.08697818504875429,433602.04535271844,5420025.566908981
OBL01807,BBB,healthcare,north,8407654.412309064,3.286862333857782,1,0.004,0.35,11770.716177232689,0.04446647932366474,373858.7910854596,4673234.888568245
OBL01808,BB,consumer,south,2519793.6926285545,2.804845777792796,0,0.01575,0.55,21827.712862394856,0.10860857505327007,273671.2023846049,3420890.029807561
OBL01809,A,healthcare,east,1932606.4137323285,4.263667649476247,0,0.0016,0.55,1700.6936440844493,0.052798845368104474,102039.38719606015,1275492.339950752
OBL01810,BBB,energy,south,244721.16372708097,1.0690829341665804,1,0.006,0.39999999999999997,587.3307929449943,0.04144815255721688,10143.240128139701,126790.50160174626
OBL01811,A,industrials,west,8529711.797984166,3.225590686586026,0,0.002,0.55,9382.682977782582,0.04947875648596109,422039.5329478879,5275494.161848599
OBL01812,BB,technology,east,6462936.108740326,3.769800414214767,0,0.01275,0.55,45321.33946254154,0.11400005971838724,736775.1023525184,9209688.779406479
OBL01813,B,industrials,east,466086.7282083714,2.2015185276276155,0,0.045,0.55,11535.646523157193,0.13805702346792778,64346.5463743528,804331.82967941
OBL01814,CCC,industrials,north,4131516.677419418,3.300484904185155,0,0.12,0.55,272680.1007096816,0.21044728403394666,869466.4637038718,10868330.796298398
OBL01815,BB,industrials,east,1722534.3479401835,3.819598183378961,1,0.015,0.35,9043.305326685962,0.0762371862613747,131321.17192553138,1641514.6490691423
OBL01816,B,industrials,east,2537146.0002867305,4.285063741995211,1,0.045,0.35,39960.049504516006,0.10346683165135584,262510.45808657794,3281380.7260822244
OBL01817,BBB,healthcare,west,2492970.551082375,2.156398333897127,1,0.004,0.35,3490.158771515325,0.03664791628850041,91362.1760657636,1142027.200822045
OBL01818,BB,industrials,north,952681.4791846087,2.4201353555585268,1,0.015,0.35,5001.577765719195,0.06506477532466667,61986.00639911767,774825.0799889709
OBL01819,BB,real_estate,east,1719314.9396404452,3.375825405833035,1,0.01875,0.3,9671.146535477505,0.06610702882352826,113658.80227153366,1420735.0283941708
OBL01820,BB,consumer,east,1346437.316651265,4.708654072996527,1,0.01575,0.35,7422.235708040098,0.08430437091788563,113510.55096065087,1418881.887008136
OBL01821,BBB,technology,east,1077648.3838766364,2.240770205318392,1,0.00425,0.35,1603.0019710164968,0.03835274327896694,41330.77181181425,516634.64764767815
OBL01822,B,consumer,north,2906000.2313105264,4.889054348878961,0,0.04725,0.55,75519.68101118231,0.17186611692218975,499442.9755303254,6243037.1941290675
OBL01823,B,financials,west,4301108.054819974,2.449604954915027,1,0.0405,0.35,60968.20667707313,0.08679743830294885,373325.16102255305,4666564.512781913
OBL01824,BB,financials,east,3181604.2009227723,1.4228955616893124,0,0.0135,0.55,23623.411191851585,0.08639400730178705,274871.53656591836,3435894.2070739795
OBL01825,BBB,industrials,west,1494638.2362285166,3.0583290478066534,1,0.005,0.35,2615.6169133999038,0.04735469032159205,70778.13081941195,884726.6352426494
OBL01826,BBB,real_estate,south,242555.16274928732,1.8657722113974864,1,0.00625,0.3,454.7909301549137,0.03686776388149124,8942.466468477405,111780.83085596756
OBL01827,BBB,consumer,east,4526295.071599404,2.133944513824117,0,0.00525,0.55,13069.677019243281,0.06537825850617826,295921.2892662665,3699016.1158283316
OBL01828,B,consumer,west,20635651.455290344,3.9087885346238687,0,0.04725,0.55,536268.9921943579,0.16035682236093385,3309067.4947181395,41363343.68397675
OBL01829,A,financials,north,5944821.171474579,3.7894647462720688,1,0.0018000000000000002,0.35,3745.2373380289846,0.03295796330459028,195929.1980218106,2449114.975272632
OBL01830,B,real_estate,north,954030.6561051749,1.9533681667936662,0,0.056249999999999994,0.5,26832.11220295804,0.13289438232094833,126785.31475834629,1584816.4344793286
OBL01831,BB,technology,north,5536597.423855597,2.736546057620789,0,0.01275,0.55,38825.38943478738,0.10104873496887946,559466.1657125651,6993327.071407063
OBL01832,BBB,consumer,east,6504315.383563159,1.030948453281153,1,0.00525,0.35,11951.679517297305,0.03355062819087428,218223.8670701114,2727798.338376392
OBL01833,A,consumer,east,483546.0806174195,4.199802281803263,0,0.0021000000000000003,0.55,558.4957231131197,0.05966716305585708,28851.82283722018,360647.78546525224
OBL01834,BBB,industrials,north,15515045.976119086,4.055744558210634,0,0.005,0.55,42666.37643432749,0.08575781306198436,1330536.4124681132,16631705.155851416
OBL01835,A,real_estate,north,2495788.065713173,1.7633244348245203,0,0.0025,0.5,3119.735082141466,0.03750969773928883,93616.25596622545,1170203.1995778182
OBL01836,B,consumer,east,1127836.071195095,4.611449603458718,1,0.04725,0.35,18651.589027388884,0.10729521180536357,121011.41014060684,1512642.6267575854
OBL01837,CCC,financials,south,1099126.0216996905,1.305060000803953,1,0.108,0.35,41546.9636202483,0.11503629069710564,126439.38054499883,1580492.2568124854
OBL01838,A,energy,east,2677692.7557504247,2.553100276364405,0,0.0024,0.6000000000000001,3855.8775682806117,0.052195819316868314,139764.36726523636,1747054.5908154545
OBL01839,BB,consumer,west,408433.9351902501,3.8546118287378364,0,0.01575,0.55,3538.0589635855417,0.12177041701644316,49735.17061178367,621689.632647296
OBL01840,BB,real_estate,west,3248042.1202980326,4.947550281166883,1,0.01875,0.3,18270.236926676433,0.0768022708715182,249457.0107252298,3118212.6340653724
OBL01841,BB,technology,west,3311785.4331895667,3.5245166928374556,1,0.01275,0.35,14778.84249560844,0.07058898724409557,233775.57969859985,2922194.746232498
OBL01842,BBB,consumer,east,2680390.2110337764,3.9360110708011447,1,0.00525,0.35,4925.217012774564,0.05476244962166759,146784.73389814814,1834809.1737268518
OBL01843,A,industrials,east,1025137.3072135475,2.9276217729722633,0,0.002,0.55,1127.6510379349024,0.04678496727836049,47961.015373812406,599512.6921726551
OBL01844,A,industrials,south,3450075.6787889013,2.6996077245447734,1,0.002,0.35,2415.052975152231,0.028460476113714207,98190.79644667785,1227384.9555834732
OBL01845,B,healthcare,north,760103.40953641,2.786764396791701,1,0.036,0.35,9577.302960158764,0.0863488573727381,65634.06089859142,820425.7612323926
OBL01846,B,energy,south,781399.5170672002,2.858524053819624,1,0.054,0.39999999999999997,16878.22956865152,0.11242009069293925,87845.00457611357,1098062.5572014197
OBL01847,BBB,consumer,north,4402660.619436598,4.703532818880724,1,0.00525,0.35,8089.888888214749,0.06036664354379819,265773.8442578469,3322173.053223086
OBL01848,BB,real_estate,north,388895.0447646876,2.925512864824839,1,0.01875,0.3,2187.5346268013677,0.06304275103616741,24517.01348629938,306462.66857874225
OBL01849,BB,technology,south,1074314.7512147953,3.130316153027624,1,0.01275,0.35,4794.129577296023,0.06744464711979116,72456.7792912681,905709.7411408513
OBL01850,B,technology,east,653877.2416330287,1.2934582912385508,0,0.03825,0.55,13755.942470854841,0.12029122103592224,78655.69180363779,983196.1475454724
OBL01851,BB,real_estate,north,4957763.209239831,2.9793521051480947,0,0.01875,0.5,46479.03008662342,0.10568185870612495,523945.63097730844,6549320.387216356
OBL01852,BB,financials,south,845604.2405465548,1.9442463270218737,0,0.0135,0.55,6278.611486058169,0.09293419013542482,78585.54527027503,982319.315878438
OBL01853,A,financials,west,2398310.266679879,4.168444028514864,1,0.0018000000000000002,0.35,1510.9354680083238,0.035067934558167174,84103.78748211045,1051297.3435263806
OBL01854,BBB,technology,west,3879852.7672707457,4.528829174968189,1,0.00425,0.35,5771.280991315235,0.054385793539767045,211008.87156548063,2637610.894568508
OBL01855,A,healthcare,north,1100338.2054950465,2.0907901769541146,1,0.0016,0.35,616.189395077226,0.021951595727246705,24154.179450271367,301927.2431283921
OBL01856,CCC,financials,east,1303286.5850274563,2.6288015154542075,1,0.108,0.35,49264.23291403785,0.12449296542561111,162250.0117694859,2028125.1471185735
OBL01857,B,consumer,west,201995.2983757822,1.4018717999734989,1,0.04725,0.35,3340.4972468894985,0.08331471861642205,16829.18144601851,210364.76807523135
OBL01858,BB,real_estate,east,2046886.980158044,4.262720890843884,1,0.01875,0.3,11513.739263388998,0.07214215751069473,147666.8429291519,1845835.5366143987
OBL01859,BBB,technology,south,2033879.408013761,1.508341733563681,0,0.00425,0.55,4754.193116232167,0.052203514267586806,106175.65269479738,1327195.658684967
OBL01860,B,consumer,south,440227.3340507281,1.7723505983887247,0,0.04725,0.55,11440.4078436433,0.13527291842141193,59550.8362459198,744385.4530739975
OBL01861,CCC,financials,east,1478891.0895949015,2.7977345534581146,1,0.108,0.35,55902.083186687276,0.12569980586509322,185896.3228576953,2323704.035721191
OBL01862,BBB,consumer,north,2046056.8502362957,2.0465219154085283,0,0.00525,0.55,5907.989155057305,0.06437516638251492,131715.25016204594,1646440.6270255742
OBL01863,BBB,industrials,west,2050159.7216771087,2.4322348013525312,0,0.005,0.55,5637.939234612049,0.06729413614401009,137963.7274275052,1724546.5928438148
OBL01864,BB,healthcare,east,3515641.3644990786,4.486458822348467,1,0.012,0.35,14765.69373089613,0.0770034967769715,270716.6784801925,3383958.481002406
OBL01865,B,real_estate,west,566483.7141266342,4.01353463671367,1,0.056249999999999994,0.3,9559.41267588695,0.09281101191158833,52575.926739527844,657199.084244098
OBL01866,B,real_estate,north,1044622.3776430783,1.6945698263926534,1,0.056249999999999994,0.3,17628.002622726945,0.07809422401072545,81578.9739662752,1019737.1745784399
OBL01867,B,financials,south,2165000.7917233133,1.410414185210723,1,0.0405,0.35,30688.886222677967,0.07895780776716863,170943.71632865726,2136796.454108216
OBL01868,BB,consumer,north,979335.0392704242,3.974442687472989,0,0.01575,0.55,8483.48977768005,0.12327284207921173,120725.41363862161,1509067.67048277
OBL01869,A,industrials,south,1172149.3874908653,3.289042399945186,0,0.002,0.55,1289.3643262399519,0.050052391965507224,58668.880584822,733361.007310275
OBL01870,CCC,technology,east,4367501.086374306,1.107325406150518,0,0.102,0.55,245016.81094559858,0.17446661310104095,761983.1222548421,9524789.028185526
OBL01871,A,real_estate,east,1575046.6617665289,1.5691604723594357,0,0.0025,0.5,1968.808327208161,0.0358057063165815,56395.658206124404,704945.7275765551
OBL01872,A,healthcare,east,10882864.519788506,4.223081703042114,0,0.0016,0.55,9576.920777413887,0.05245696502981119,570882.0435387186,7136025.544233982
OBL01873,A,industrials,west,1786653.6646181485,1.715211812882318,1,0.002,0.35,1250.657565232704,0.02279719907317447,40730.69926711662,509133.7408389578
OBL01874,B,technology,north,1176516.2677551135,3.4282291023988627,1,0.03825,0.35,15750.61153457158,0.09271700051995717,109083.05940918894,1363538.2426148618
OBL01875,B,healthcare,east,368875.0376405415,2.764922258872583,1,0.036,0.35,4647.825474270822,0.08618271494628137,31790.652219773598,397383.15274716995
OBL01876,BB,financials,east,5463382.304733286,4.169718723042662,1,0.0135,0.35,25814.481389864774,0.07690584847954836,420166.05171366374,5252075.646420796
OBL01877,B,consumer,south,2585901.7684024028,3.4480474057874817,0,0.04725,0.55,67201.12220635745,0.15494726375841014,400678.40336198633,5008480.042024829
OBL01878,B,technology,north,547517.898445111,1.6571436653122853,0,0.03825,0.55,11518.407788539023,0.12461961362751332,68231.46895837781,852893.3619797226
OBL01879,B,real_estate,west,2386043.5082501443,3.355368920087082,1,0.056249999999999994,0.3,40264.48420172118,0.08863411142042822,211484.84616423273,2643560.577052909
OBL01880,A,real_estate,north,4204784.369935433,4.990152861059473,1,0.0025,0.3,3153.5882774515753,0.03949709104359346,166076.75107801857,2075959.388475232
OBL01881,CCC,real_estate,east,400611.7757299382,2.2760192336169345,0,0.15,0.5,30045.88317974536,0.1947361159595626,78013.58121331153,975169.7651663941
OBL01882,BB,consumer,south,9980629.115408668,2.2158440557229215,0,0.01575,0.55,86457.1997122276,0.1012237414754062,1010276.6213400392,12628457.76675049
OBL01883,BBB,technology,west,1914689.04553233,3.835388642712235,1,0.00425,0.35,2848.099955229341,0.04952666750586182,94828.16773519563,1185352.0966899453
OBL01884,BBB,financials,south,5890768.256039602,2.3182434887428256,1,0.0045000000000000005,0.35,9277.960003262373,0.03997451097471882,235480.5803005803,2943507.2537572538
OBL01885,BB,real_estate,west,988892.5804870869,4.018351865175491,0,0.01875,0.5,9270.86794206644,0.11746546674051041,116160.72852314342,1452009.1065392927
OBL01886,BBB,energy,north,1237434.2365486876,1.172626824173629,1,0.006,0.39999999999999997,2969.84216771685,0.04233166178048814,52382.647577175594,654783.0947146949
OBL01887,B,real_estate,south,3330483.4736347944,1.574642196009429,0,0.056249999999999994,0.5,93669.84769597858,0.12888855052352055,429261.18745932844,5365764.843241606
OBL01888,CCC,real_estate,south,892425.1083001547,4.488834884265694,0,0.15,0.5,66931.8831225116,0.21629737652610415,193029.20967134784,2412865.120891848
OBL01889,BBB,consumer,west,8539783.386500288,2.6167630002685383,1,0.00525,0.35,15691.851972694278,0.045129729718732935,385398.11608928384,4817476.451116048
OBL01890,BBB,real_estate,north,1184615.106759845,3.8218454420053614,0,0.00625,0.5,3701.922208624516,0.0824393619934093,97658.91360903607,1220736.420112951
OBL01891,A,consumer,south,1748485.9210813248,2.761783061849922,1,0.0021000000000000003,0.35,1285.1371519947738,0.02957364060643126,51709.094235464036,646363.6779433005
OBL01892,BBB,healthcare,south,312388.39651438163,4.129694426547256,1,0.004,0.35,437.3437551201343,0.05029571036948439,15711.796313874986,196397.4539234373
OBL01893,B,consumer,north,549143.6087009936,2.720841276737124,0,0.04725,0.55,14270.869531117072,0.14640914131827243,80399.64421032986,1004995.5526291232
OBL01894,BB,technology,south,518406.8076881566,3.5179029186539044,1,0.01275,0.35,2313.3903793083987,0.07053623248239875,36566.46310754999,457080.78884437494
OBL01895,BB,consumer,east,1547293.4703144338,4.58319298730707,1,0.01575,0.35,8529.455255108316,0.08330336062211516,128894.74594584732,1611184.3243230914
OBL01896,BB,real_estate,east,403887.6469200839,1.1162265160874312,1,0.01875,0.3,2271.868013925472,0.05073095541750977,20489.606209585705,256120.0776198213
OBL01897,BBB,consumer,north,1582378.9351858771,2.9418168333244976,1,0.00525,0.35,2907.621293404049,0.047503166979807894,75168.01078346533,939600.1347933166
OBL01898,B,consumer,north,1131093.230965359,1.5888843402224961,0,0.04725,0.55,29394.285339712267,0.1331188422753503,150569.821411594,1882122.7676449248
OBL01899,BBB,financials,north,345887.549453687,2.5794793540957506,0,0.0045000000000000005,0.55,856.0716848978755,0.06572787507361455,22734.45364001061,284180.67050013266
OBL01900,BB,financials,south,3915155.3043864626,2.2461353734668172,0,0.0135,0.55,29070.028135069486,0.09672129411706579,378678.8877095533,4733486.096369416
OBL01901,A,energy,south,6406147.099117661,4.194356513659436,1,0.0024,0.39999999999999997,6149.901215152953,0.046187353726098564,295882.9820883676,3698537.2761045946
OBL01902,BB,industrials,north,426683.05575870234,4.727889954740309,0,0.015,0.55,3520.1352100092945,0.13119606257343244,55979.13688234208,699739.211029276
OBL01903,BBB,real_estate,south,1210074.406947686,1.9603371872642383,0,0.00625,0.5,3781.4825217115194,0.06246116915817762,75582.6622263409,944783.2778292611
OBL01904,BBB,financials,east,2905295.513000474,4.702200204133681,0,0.0045000000000000005,0.55,7190.606394676174,0.08938001399771064,259675.35361946828,3245941.9202433536
OBL01905,CCC,technology,east,1932737.5474442746,3.2138813308975585,0,0.102,0.55,108426.57641162381,0.1982343556564489,383134.98237064114,4789187.279633014
OBL01906,BBB,consumer,west,3192905.476270675,3.2211832424237725,1,0.00525,0.35,5866.963812647366,0.04954300954562309,158186.1464891503,1977326.8311143788
OBL01907,B,consumer,south,2055214.8182208983,2.9024431213642097,0,0.04725,0.55,53409.8950885156,0.1485413273970748,305284.33718467,3816054.2148083746
OBL01908,BB,energy,east,875216.5998190531,3.4060443334702533,1,0.018,0.39999999999999997,6301.559518697181,0.08749644165047823,76578.33815759774,957229.2269699718
OBL01909,BB,financials,west,968754.5506198856,1.6027940295088392,0,0.0135,0.55,7193.002538352651,0.08865077750194296,85880.84412099821,1073510.5515124777
OBL01910,BB,consumer,east,6787465.311640104,1.541156132255046,1,0.01575,0.35,37415.902530416075,0.059032008311665676,400677.7086918811,5008471.358648513
OBL01911,BBB,financials,east,377097.53401061904,1.8862816215536644,1,0.0045000000000000005,0.35,593.928616066725,0.03691164283600165,13919.289489736955,173991.11862171194
OBL01912,CCC,industrials,north,4955442.548059436,1.4334783998178944,1,0.12,0.35,208128.58701849627,0.12073333738061981,598287.1170251381,7478588.962814227
OBL01913,BBB,technology,west,3248707.28934966,2.20664954924492,1,0.00425,0.35,4832.45209290762,0.038113650580302284,123820.09446395392,1547751.180799424
OBL01914,B,industrials,east,983509.4384207256,4.875766917889594,1,0.045,0.35,15490.27365512643,0.10789307201056705,106113.85466259971,1326423.1832824964
OBL01915,BB,financials,east,2416144.531382297,4.499354468845378,1,0.0135,0.35,11416.282910781354,0.07953732518231538,192173.67328002676,2402170.9160003345
OBL01916,BB,real_estate,west,1797117.9695798976,4.710140872734325,1,0.01875,0.3,10108.788578886924,0.07518675206952877,135119.4632184987,1688993.290231234
OBL01917,BB,consumer,south,3962257.2270700084,3.92776000813258,0,0.01575,0.55,34323.05322949395,0.12268754019471771,486119.5928079624,6076494.91009953
OBL01918,BB,energy,south,1812712.005195684,2.092773402110784,0,0.018,0.6000000000000001,19577.28965611339,0.11334392732194963,205459.8977725252,2568248.722156565
OBL01919,A,real_estate,west,3657266.951171155,2.0586662770910524,1,0.0025,0.3,2742.9502133783662,0.02406097839494864,87997.42109668885,1099967.7637086106
OBL01920,BB,industrials,north,674300.9671254465,2.2007878581117843,1,0.015,0.35,3540.0800774085938,0.06331364601226455,42692.45273830816,533655.659228852
OBL01921,B,consumer,west,8591970.448170353,1.870125865750102,0,0.04725,0.55,223283.83202182708,0.1364208972007421,1172124.3172616616,14651553.96577077
OBL01922,BBB,technology,east,5510487.512707664,3.912681326061977,1,0.00425,0.35,8196.850175152651,0.05006827831807275,275900.62245451176,3448757.780681397
OBL01923,BBB,industrials,east,1359418.3350165559,1.7535845072944176,1,0.005,0.35,2378.9820862789725,0.037912035106515564,51538.315641588604,644228.9455198576
OBL01924,A,financials,south,2494646.368527617,2.668686509364876,1,0.0018000000000000002,0.35,1571.6272121723987,0.02671801834634917,66652.0074419742,833150.0930246775
OBL01925,BB,financials,north,2707662.108012712,2.7787184031030243,0,0.0135,0.55,20104.391151994387,0.10340238220502831,279978.71217480313,3499733.902185039
OBL01926,BB,technology,south,4261844.085202801,1.7065819807748541,1,0.01275,0.35,19018.479230217497,0.05608823323380976,239039.3050569873,2987991.313212341
OBL01927,CCC,technology,north,3044993.772880015,4.519247756888226,1,0.102,0.35,108706.27769181652,0.13552157683967497,412662.3575676908,5158279.4695961345
OBL01928,BB,real_estate,east,4908620.859566457,3.430754903417229,0,0.01875,0.5,46018.32055843553,0.11080135328645864,543881.8340101033,6798522.925126291
OBL01929,BB,energy,south,10982540.701877441,3.005420420341852,0,0.018,0.6000000000000001,118611.43958027638,0.12578389852067132,1381426.7851440944,17267834.814301178
OBL01930,BB,technology,south,7133584.038790679,3.2778689046067586,0,0.01275,0.55,50024.258072019635,0.10783394515541472,769242.5100004959,9615531.375006199
OBL01931,BBB,real_estate,west,3620383.440630227,3.749058195254905,1,0.00625,0.3,6788.218951181675,0.048994914149097735,177380.37586049305,2217254.698256163
OBL01932,BBB,financials,north,2641907.3553887648,2.7821011377987266,1,0.0045000000000000005,0.35,4161.004084737305,0.04326353929436773,114298.26268194095,1428728.2835242618
OBL01933,BB,energy,north,6790070.921362554,1.1611175346946379,0,0.018,0.6000000000000001,73332.76595071559,0.10064485317141908,683385.6909040565,8542321.136300707
OBL01934,A,industrials,south,6097024.8120527575,1.962781487546485,0,0.002,0.55,6706.727293258034,0.038062324649581945,232066.9377929084,2900836.722411355
OBL01935,A,industrials,west,5765956.591264078,1.1349087064862156,0,0.002,0.55,6342.552250390487,0.03057793731588446,176311.05921378382,2203888.2401722977
OBL01936,BBB,industrials,south,1784919.0401604162,4.807327095968441,1,0.005,0.35,3123.608320280728,0.060012482730633095,107117.42307320518,1338967.7884150648
OBL01937,A,consumer,west,1473587.306619817,4.251720227284965,0,0.0021000000000000003,0.55,1701.993339145889,0.0601435272792312,88626.73837401779,1107834.2296752224
OBL01938,BBB,financials,north,6870421.100774081,3.7660757109938983,1,0.0045000000000000005,0.35,10820.913233719179,0.05024050786142772,345173.4453247591,4314668.066559489
OBL01939,BBB,energy,west,1150969.5095649844,4.25148896646863,0,0.006,0.6000000000000001,4143.490234433944,0.10290401534985631,118439.38407949175,1480492.300993647
OBL01940,CCC,financials,north,5189494.693137218,1.9163651242183186,0,0.108,0.55,308255.98477235076,0.18763390221129847,973725.1397781612,12171564.247227015
OBL01941,BBB,consumer,south,9733106.67045012,3.936356386452655,1,0.00525,0.35,17884.583506952094,0.054764971004130365,533033.3045873087,6662916.307341359
OBL01942,BBB,financials,south,365012.00912063225,3.1944572958534314,0,0.0045000000000000005,0.55,903.4047225735651,0.07258018620696374,26492.63958975344,331157.994871918
OBL01943,BBB,energy,south,4536637.920143341,4.212338609255539,1,0.006,0.39999999999999997,10887.931008344016,0.06826861854368661,309710.00364108954,3871375.045513619
OBL01944,BBB,technology,east,392022.08570357785,2.687645125859492,1,0.00425,0.35,583.132852484072,0.04148411714492248,16262.690126724063,203283.6265840508
OBL01945,BBB,healthcare,west,3601725.214817385,2.8027158625811324,1,0.004,0.35,5042.415300744339,0.041118004976794235,148095.75530790654,1851196.9413488316
OBL01946,B,industrials,west,1894905.4586140537,1.457752079714147,0,0.045,0.55,46898.91010069783,0.12929918529345788,245009.7320069233,3062621.650086541
OBL01947,CCC,consumer,west,9772815.890459005,1.167697629290688,0,0.126,0.55,677256.141208809,0.19024880667722593,1859266.5610360568,23240832.01295071
OBL01948,B,industrials,east,1999353.7669595387,3.114325649222651,0,0.045,0.55,49484.00573224859,0.14880531290456434,297514.46289933356,3718930.7862416697
OBL01949,BB,energy,south,3528605.7786821923,3.467347041655166,1,0.018,0.39999999999999997,25405.96160651178,0.08805350545060407,310706.10816622543,3883826.352077818
OBL01950,A,healthcare,north,7987603.036833479,2.7045754963356283,1,0.0016,0.35,4473.057700626748,0.025241780580655394,201621.32322112736,2520266.540264092
OBL01951,BB,industrials,west,4641439.957098821,3.788945390987495,0,0.015,0.55,38291.879646065274,0.11941674499228228,554265.6517538595,6928320.646923243
OBL01952,B,financials,west,2150992.1337397494,1.0058962518818335,1,0.0405,0.35,30490.313495760947,0.07590613406600763,163273.49727857724,2040918.7159822155
OBL01953,A,consumer,west,959441.6915238186,3.6871327273240184,0,0.0021000000000000003,0.55,1108.1551537100108,0.05496325129854108,52734.03479752097,659175.4349690122
OBL01954,BB,healthcare,east,1396899.2768952243,4.424075205056242,1,0.012,0.35,5866.976962959942,0.07650663387143168,106872.0615326906,1335900.7691586325
OBL01955,BB,consumer,south,2501293.198188823,1.3108084539740021,0,0.01575,0.55,21667.45232931068,0.08987651268043716,224807.50984450898,2810093.8730563624
OBL01956,CCC,healthcare,east,2404039.9432735965,2.0008997457928333,0,0.096,0.55,126933.30900484591,0.18029796266019085,433443.5039259502,5418043.799074378
OBL01957,BB,financials,west,6427321.165012095,3.582525040411205,1,0.0135,0.35,30369.09250468215,0.07221829103005556,464170.15043847926,5802126.880480991
OBL01958,BB,industrials,north,487664.9373888407,4.854126685451535,0,0.015,0.55,4023.235733457936,0.1327797370509867,64752.02215547616,809400.276943452
OBL01959,BB,healthcare,north,14415676.431106701,3.9493393249607958,1,0.012,0.35,60545.841010648146,0.07272553461834896,1048387.7753373677,13104847.191717096
OBL01960,BBB,financials,north,12807558.374079766,4.254692821105329,1,0.0045000000000000005,0.35,20171.904439175632,0.05370509557684518,687831.1465859776,8597889.33232472
OBL01961,BBB,energy,east,2992025.628045071,1.591623153096951,0,0.006,0.6000000000000001,10771.292260962258,0.06886024929155288,206031.63063389866,2575395.3829237334
OBL01962,BBB,real_estate,south,816867.5069788474,3.8873514117218173,1,0.00625,0.3,1531.626575585339,0.04988543350274883,40749.789699949506,509372.3712493688
OBL01963,BBB,consumer,west,9342812.870675296,2.342418303896747,0,0.00525,0.55,26977.372164074917,0.06777029924395174,633165.2240259086,7914565.300323858
OBL01964,B,financials,south,1110963.2143855721,1.2098161901419764,0,0.0405,0.55,24746.70560043862,0.12169850195947367,135202.5589228057,1690031.9865350714
OBL01965,BBB,financials,west,691710.9196667989,1.5179195889601456,0,0.0045000000000000005,0.55,1711.9845261753278,0.05389958449043708,37282.931157538565,466036.63946923206
OBL01966,B,technology,south,1222519.1050082108,2.755529009636877,0,0.03825,0.55,25718.745671610235,0.1376920199600344,168331.12500831397,2104139.062603925
OBL01967,BBB,financials,north,4760092.330708137,4.252799004885301,1,0.0045000000000000005,0.35,7497.145420865316,0.05369166728652258,255577.2936735091,3194716.1709188637
OBL01968,BBB,technology,south,12594941.521469608,4.340256467061359,0,0.00425,0.55,29440.67580643521,0.08338693532735324,1050253.5741025822,13128169.676282277
OBL01969,CCC,real_estate,north,4416567.499074927,4.008355051645394,1,0.15,0.3,198745.5374583717,0.126969402706235,560768.9373693136,7009611.717116419
OBL01970,BB,energy,west,4795893.795426143,4.20268094886959,0,0.018,0.6000000000000001,51795.65299060235,0.1421033365889831,681512.5102564569,8518906.378205711
OBL01971,BBB,consumer,south,1898763.3308573165,1.543828371622586,1,0.00525,0.35,3488.977620450319,0.03729551037609398,70815.34750773582,885191.8438466977
OBL01972,BBB,real_estate,south,379282.24488408194,3.5332870064637603,0,0.00625,0.5,1185.257015262756,0.0793424774887072,30093.192976581602,376164.91220727004
OBL01973,BB,technology,north,3586808.945987812,4.633815761413276,0,0.01275,0.55,25152.497733739532,0.1248300584294634,447741.5703029806,5596769.628787258
OBL01974,BB,healthcare,east,808592.0541344582,4.307051888870859,1,0.012,0.35,3396.0866273647243,0.07557458556420692,61109.00938172244,763862.6172715306
OBL01975,A,consumer,south,9285738.050379762,4.244471110324939,0,0.0021000000000000003,0.55,10725.027448188628,0.060077014247200154,557859.4171484336,6973242.71435542
OBL01976,BB,financials,west,774524.5620112969,4.482148478660928,1,0.0135,0.35,3659.628555503378,0.07939997004745838,61497.227024717795,768715.3378089725
OBL01977,BBB,financials,west,1966845.9528118013,4.690180159188431,1,0.0045000000000000005,0.35,3097.782375678587,0.05679296141395941,111703.00630524286,1396287.5788155356
OBL01978,A,real_estate,south,195967.4300846009,1.2711050334134542,1,0.0025,0.3,146.97557256345067,0.01991397525272134,3902.490553044142,48781.13191305177
OBL01979,BBB,consumer,west,548752.3564463264,1.3027001301704866,0,0.00525,0.55,1584.5224292387675,0.055840510724780155,30642.61184538947,383032.64806736837
OBL01980,B,consumer,north,1431012.6991427653,4.729828486808088,0,0.04725,0.55,37188.44251897262,0.1699966471093144,243267.36082512015,3040842.0103140017
OBL01981,BB,industrials,east,698752.6275855848,1.8536801858724035,1,0.015,0.35,3668.4512948243196,0.060542561653001994,42304.27403579741,528803.4254474676
OBL01982,B,financials,east,832026.1594548794,2.000058759188805,0,0.0405,0.55,18533.38270185744,0.1310666852903901,109050.91079464459,1363136.3849330572
OBL01983,BB,industrials,west,6438408.244466782,4.853830247178463,1,0.015,0.35,33801.6432834506,0.0844938297327012,544005.7699575959,6800072.124469948
OBL01984,BB,consumer,east,1384712.9303008844,4.610596547508624,1,0.01575,0.35,7633.230028283625,0.0835220040823704,115653.99901750154,1445674.9877187693
OBL01985,BB,technology,east,414597.93091971875,1.2256960610468584,1,0.01275,0.35,1850.1432667292447,0.052252447282468285,21663.75652880303,270796.9566100379
OBL01986,A,energy,east,891835.9114737521,2.9599594664261866,1,0.0024,0.39999999999999997,856.1624750148019,0.03762077167079171,33551.55519336644,419394.4399170805
OBL01987,B,energy,south,2484570.570721841,1.6720640469056507,1,0.054,0.39999999999999997,53666.72432759176,0.10236089636352548,254322.87069752373,3179035.8837190466
OBL01988,B,technology,south,2096642.1525362723,4.789306966428105,1,0.03825,0.35,28068.796817079343,0.1030253500246581,216007.29164150206,2700091.1455187756
OBL01989,BB,financials,west,515386.30468017375,1.6973436801216257,1,0.0135,0.35,2435.200289613821,0.057168919433500505,29464.078129390396,368300.9766173799
OBL01990,BB,real_estate,east,2780467.4424476656,4.028887169536572,1,0.01875,0.3,15640.12936376812,0.07055097047305706,196164.67643342173,2452058.455417772
OBL01991,BB,healthcare,east,388186.49963502144,1.497736916395119,0,0.012,0.55,2562.0308975911416,0.08359907259121456,32452.03136191764,405650.3920239705
OBL01992,BB,real_estate,north,3556949.6116478946,1.0164556192549647,1,0.01875,0.3,20007.841565519408,0.050052036410936425,178032.5714740666,2225407.1434258325
OBL01993,BBB,technology,west,17027215.86714623,2.9345354019577776,1,0.00425,0.35,25327.98360238002,0.043214144324332314,735816.5639244184,9197707.04905523
OBL01994,B,healthcare,south,2834034.7590195895,4.750989853250683,0,0.036,0.55,56113.88822858788,0.15916961765002166,451092.2290000193,5638652.862500241
OBL01995,A,industrials,east,2327236.0338619146,3.4040750588147297,0,0.002,0.55,2559.9596372481064,0.05109234519829998,118903.94679999548,1486299.3349999434
OBL01996,BB,healthcare,south,1316674.2373917843,1.2736233009752271,0,0.012,0.55,8690.049966785778,0.08079409815222638,106379.50757033964,1329743.8446292456
OBL01997,BB,consumer,north,1574771.0819987971,3.611333700922818,0,0.01575,0.55,13641.45449781458,0.11872022476787947,186957.17681285396,2336964.7101606745
OBL01998,CCC,technology,south,5910459.5933978865,4.084068004920317,0,0.102,0.55,331576.78318962146,0.2080524538138967,1229685.6215743164,15371070.269678956
OBL01999,A,technology,north,1169420.1628894561,4.266393045895958,0,0.0017,0.55,1093.4078523016415,0.05442205547215414,63642.24897502551,795528.1121878189
OBL02000,BBB,technology,south,2403852.368843923,4.689169265922297,0,0.00425,0.55,5619.00491217267,0.08722896298140766,209685.54929465565,2621069.3661831957
OBL02001,BB,healthcare,north,306381.13964093645,1.5684781388191937,1,0.012,0.35,1286.800786491933,0.05376283803261019,16471.919586762193,205898.9948345274
OBL02002,BB,industrials,east,2633460.4894107278,3.513876112842676,1,0.015,0.35,13825.66756940632,0.07379649792256954,194340.16153596772,2429252.0191995967
OBL02003,B,technology,south,354257.3862937407,1.4674956948845095,0,0.03825,0.55,7452.68976415457,0.12236252294219079,43347.82755780839,541847.8444726049
OBL02004,BBB,healthcare,south,349552.91504905093,3.0520466189996407,1,0.004,0.35,489.37408106867133,0.04284243692308457,14975.698714269305,187196.2339283663
OBL02005,B,consumer,north,1071235.2294808002,2.282481285928633,0,0.04725,0.55,27838.7255261323,0.14126235951203528,151325.21610887442,1891565.2013609302
OBL02006,BB,technology,north,453247.97606209415,1.1913042996795182,1,0.01275,0.35,2022.619093177095,0.05197812143992886,23558.978342157498,294487.22927696875
OBL02007,B,energy,south,10089785.634595685,3.918996222772722,1,0.054,0.39999999999999997,217939.36970726677,0.12141111910204735,1225012.165396023,15312652.067450289
OBL02008,BB,real_estate,north,1465866.2408305074,3.691288391356157,1,0.01875,0.3,8245.497604671604,0.06825368504835558,100050.7727246624,1250634.65905828
OBL02009,BB,industrials,south,2093004.8063487296,4.67699316470463,0,0.015,0.55,17267.28965237702,0.13055754835562264,273257.57621342485,3415719.7026678105
OBL02010,BB,energy,north,1853032.6916277218,2.033752627207727,0,0.018,0.6000000000000001,20012.753069579398,0.11253943585344808,208539.25373378024,2606740.671672253
OBL02011,B,energy,north,3624636.1602712977,4.067864353383605,1,0.054,0.39999999999999997,78292.14106186002,0.1226732715947946,444645.97612127435,5558074.70151593
OBL02012,B,technology,east,1281991.2877720508,4.765637165554138,1,0.03825,0.35,17162.65836504833,0.10284608285224725,131847.78219806348,1648097.2774757934
OBL02013,BB,consumer,north,2239782.409105136,2.1508757035731656,0,0.01575,0.55,19402.11511887324,0.10040917599880972,224894.70611487565,2811183.8264359455
OBL02014,BB,consumer,north,1029190.0316608745,4.711956760284412,1,0.01575,0.35,5673.410049530571,0.08433072190919673,86792.33835171058,1084904.2293963823
OBL02015,BBB,technology,south,1107479.158279791,1.8450652069390148,1,0.00425,0.35,1647.3752479411892,0.035579930946932764,39404.031976762184,492550.3997095273
OBL02016,B,consumer,east,1368513.6202521862,4.748407698811784,0,0.04725,0.55,35564.24770630369,0.17021478551683303,232941.25234809055,2911765.654351132
OBL02017,B,industrials,north,7796339.367907715,1.7901921849477866,0,0.045,0.55,192959.39935571596,0.13321366228083426,1038578.9195832312,12982236.49479039
OBL02018,BB,industrials,east,1472216.270230986,1.337707730545981,0,0.015,0.55,12145.784229405635,0.08866529492390801,130534.48979180622,1631681.1223975779
OBL02019,BB,consumer,north,2491674.5068199695,2.7854905169755235,0,0.01575,0.55,21584.130415327985,0.10836590109386397,270012.5531641551,3375156.914551939
OBL02020,BB,healthcare,south,3765992.757659205,2.142476870492338,0,0.012,0.55,24855.552200550756,0.09166854703010041,345223.0842205004,4315288.552756255
OBL02021,BB,technology,south,1002812.8848066103,2.277622686138573,1,0.01275,0.35,4475.052498449498,0.06064313872265673,60813.72088619485,760171.5110774357
OBL02022,BB,consumer,east,2378879.61618547,4.508241712916996,0,0.01575,0.55,20607.044675206635,0.1299655508086138,309172.3996249284,3864654.9953116053
OBL02023,BBB,real_estate,east,2340286.2703753463,4.733904709778246,0,0.00625,0.5,7313.394594922957,0.09222782029453078,215839.5015819351,2697993.7697741888
OBL02024,CCC,real_estate,east,4246205.895164857,2.8746048706971052,0,0.15,0.5,318465.44213736424,0.20056862211012735,851655.6655891152,10645695.81986394
OBL02025,B,technology,west,1176259.465964799,4.477137076138049,0,0.03825,0.55,24745.55851523446,0.15818169628987305,186062.7176033321,2325783.9700416513
OBL02026,BBB,healthcare,west,247373.60127810005,4.9808016434667515,0,0.004,0.55,544.2219228118201,0.08828627371185843,21839.693471526472,272996.1683940809
OBL02027,B,consumer,south,3181946.2356728804,3.231701815266403,0,0.04725,0.55,82690.82779954899,0.15240715158462378,484951.36227431975,6061892.028428997
OBL02028,BBB,financials,south,4305227.684084486,3.389837122617267,1,0.0045000000000000005,0.35,6780.733602433066,0.04757275111615447,204811.52511332938,2560144.063916617
OBL02029,BBB,healthcare,east,2987366.5351250153,3.0645665946684066,0,0.004,0.55,6572.206377275034,0.06745990131494031,201527.45165108872,2519093.145638609
OBL02030,BB,healthcare,west,3113200.6754760235,1.7172797017995212,1,0.012,0.35,13075.442836999298,0.054947988559950436,171064.1151008865,2138301.438761081
OBL02031,BB,consumer,east,3071742.6954246126,2.2866645752950476,1,0.01575,0.35,16932.98160852818,0.06498016046550574,199602.33325743646,2495029.1657179557
OBL02032,CCC,financials,east,4105868.1318015223,3.775327566689751,1,0.108,0.35,155201.81538209756,0.13268363090999533,544781.4917650652,6809768.647063316
OBL02033,A,technology,east,685772.101284396,2.0774410564150334,0,0.0017,0.55,641.1969147009103,0.03561700449057438,24425.14801095696,305314.350136962
OBL02034,CCC,financials,south,278438.49533849064,4.974160010312801,1,0.108,0.35,10524.975123794946,0.1412479679409435,39328.87166309567,491610.8957886959
OBL02035,BB,technology,south,1447690.4036347957,3.9127489297755895,0,0.01275,0.55,10151.928955489006,0.11579184761231023,167630.74660748415,2095384.3325935518
OBL02036,BBB,consumer,west,11352439.633982241,2.26336409352068,0,0.00525,0.55,32780.16944312373,0.06686322650523391,759060.7426339493,9488259.282924365
OBL02037,BB,real_estate,north,565579.6764945339,2.49554687304029,1,0.01875,0.3,3181.385680281753,0.060116927040690445,34000.9121475192,425011.40184399
OBL02038,B,industrials,south,425635.55792913755,2.3053825409811606,0,0.045,0.55,10534.480058746154,0.13928002058436556,59282.5292698082,741031.6158726024
OBL02039,BBB,industrials,south,3525269.1017067023,3.3543078081157174,1,0.005,0.35,6169.220927986728,0.04949673828408977,174489.3221081649,2181116.526352061
OBL02040,B,industrials,north,4769733.675491134,2.3752301877555686,0,0.045,0.55,118050.90846840557,0.1401024755217103,668251.4955155738,8353143.693944672
OBL02041,BB,consumer,south,4386027.848117862,1.1001381174084286,0,0.01575,0.55,37993.96623432098,0.0872351530425365,382615.8105793887,4782697.632242358
OBL02042,BB,healthcare,north,11318591.690443806,4.13048943863315,0,0.012,0.55,74702.70515692914,0.11655023227521423,1319184.4905495353,16489806.131869191
OBL02043,BB,real_estate,south,678364.2582525251,1.1851821888756033,0,0.01875,0.5,6359.664921117423,0.08533363933802449,57887.29095352748,723591.1369190936
OBL02044,CCC,consumer,south,1224295.3978772706,2.326188578263564,1,0.126,0.35,53991.42704638763,0.12919934538538486,158178.16396408266,1977227.0495510332
OBL02045,BBB,healthcare,south,310769.2246401349,3.999117620574963,1,0.004,0.35,435.07691449618886,0.04939260952906813,15349.70296630144,191871.28707876801
OBL02046,BB,technology,south,4319355.031197485,1.8810019795286546,1,0.01275,0.35,19275.121826718772,0.05747949414082748,248274.34220786951,3103429.277598369
OBL02047,B,healthcare,west,2941405.372841656,4.562784768125056,1,0.036,0.35,37061.707697804864,0.09985817294535097,293723.36642360664,3671542.080295083
OBL02048,BBB,consumer,west,848616.5046272876,3.8815708605277845,0,0.00525,0.55,2450.380157111293,0.08543062774772651,72497.84070739064,906223.008842383
OBL02049,A,industrials,north,1856709.8438422494,2.7646160375647293,0,0.002,0.55,2042.3808282264745,0.04531131324682956,84129.96134280816,1051624.516785102
OBL02050,BB,industrials,east,2479133.7099115597,2.827545881154803,1,0.015,0.35,13015.451977035687,0.06831727887203909,169367.66902110088,2117095.862763761
OBL02051,BB,consumer,north,1120986.886983385,4.631589351686981,0,0.01575,0.55,9710.548908493573,0.13151206884142652,147423.30465129536,1842791.308141192
OBL02052,B,financials,north,6799674.568292682,1.2754294620645839,1,0.0405,0.35,96385.38700554876,0.0779394862151581,529963.1422830087,6624539.278537609
OBL02053,B,healthcare,west,2685135.827139659,1.4347906218199329,0,0.036,0.55,53165.68937736525,0.11953080260489687,320956.44052116707,4011955.5065145884
OBL02054,BB,consumer,south,4059934.782967934,2.1628244485385855,1,0.01575,0.35,22380.390491110735,0.0639920832363673,259803.68456590685,3247546.0570738357
OBL02055,BB,technology,north,333268.7382982714,2.7860229483871803,0,0.01275,0.55,2337.0470273166284,0.10166890296122527,33883.067014056935,423538.33767571166
OBL02056,B,industrials,east,3309306.3765217955,4.48232885155277,0,0.045,0.55,81905.33281891444,0.16491352900085923,545749.3930972555,6821867.413715694
OBL02057,BB,financials,south,1369362.355384866,2.0292698203398665,1,0.0135,0.35,6470.237129193492,0.05981868031697712,81913.4489748701,1023918.1121858762
OBL02058,BB,technology,south,1175134.8428371814,3.7106301203795558,0,0.01275,0.55,8240.633085395735,0.11325838978388074,133093.88007867293,1663673.5009834117
OBL02059,B,industrials,east,1880623.013715845,4.543126787989561,1,0.045,0.35,29619.81246602456,0.10540054238123585,198218.68566028442,2477733.5707535553
OBL02060,BBB,real_estate,north,8202014.489299085,4.907254979645356,0,0.00625,0.5,25631.295279059643,0.09408826067164111,771713.2773017497,9646415.966271872
OBL02061,BB,technology,west,4519108.171358752,1.3585154249630884,0,0.01275,0.55,31690.246051653252,0.08377581264881154,378591.9595034641,4732399.493793301
OBL02062,BB,industrials,south,2631117.370608311,3.936038509841082,0,0.015,0.55,21706.718307518568,0.12126206859057131,319054.7350645487,3988184.1883068583
OBL02063,BBB,consumer,east,1289888.9342423137,4.663540894479037,1,0.00525,0.35,2370.1709166702512,0.06007463553200306,77489.60760137087,968620.0950171358
OBL02064,BBB,industrials,south,15206573.216684429,2.229135471740575,0,0.005,0.55,41818.07634588218,0.0649843499610989,988189.2756220944,12352365.94527618
OBL02065,BBB,energy,south,2949479.6959107635,2.0685514492892607,1,0.006,0.39999999999999997,7078.751270185831,0.04997632019144428,147404.14168100004,1842551.7710125004
OBL02066,BB,real_estate,north,3502936.7646813844,2.3900099230535874,0,0.01875,0.5,32840.03216888798,0.09899795218457967,346783.5663355339,4334794.579194174
OBL02067,BBB,energy,south,943328.9977029937,1.3425864006228245,1,0.006,0.39999999999999997,2263.9895944871846,0.04378187630657865,41300.713493841286,516258.9186730161
OBL02068,BBB,consumer,north,2002610.8322540894,2.3368999414630878,0,0.00525,0.55,5782.538778133684,0.06770698122329066,135590.73401698613,1694884.1752123267
OBL02069,BBB,financials,south,1862426.2794629228,3.5985117825589565,0,0.0045000000000000005,0.55,4609.505041670735,0.07708231038042378,143560.12053421888,1794501.506677736
OBL02070,BB,energy,south,1347547.1307052637,1.505148688993748,0,0.018,0.6000000000000001,14553.509011616849,0.10533422109291746,141942.82739883478,1774285.3424854348
OBL02071,BB,consumer,north,2429514.9906815123,3.127936180967429,1,0.01575,0.35,13392.701386131837,0.07169237353292524,174177.69621578036,2177221.2026972547
OBL02072,BBB,energy,south,1538974.3837335787,1.6873826615091492,0,0.006,0.6000000000000001,5540.307781440884,0.07008588040642125,107860.37460689744,1348254.682586218
OBL02073,BBB,technology,north,8498765.309134837,2.5250620466884843,0,0.00425,0.55,19865.863910102682,0.06339905530883487,538813.6918906466,6735171.148633082
OBL02074,BB,technology,north,721436.1600056179,2.557295476179682,0,0.01275,0.55,5059.071072039395,0.09880191889985791,71279.27697229998,890990.9621537498
OBL02075,BBB,technology,south,8946876.789205937,4.427167561995345,1,0.00425,0.35,13308.479223943832,0.05367342302309409,480209.502642552,6002618.7830319
OBL02076,BBB,consumer,east,7613456.501188865,2.647526671127278,1,0.00525,0.35,13989.726320934538,0.04535435602760347,345303.416755592,4316292.7094449
OBL02077,B,consumer,east,3722143.7195086526,2.132365435999714,0,0.04725,0.55,96729.20991073112,0.13949985029257614,519238.49163890956,6490481.14548637
OBL02078,BB,healthcare,east,823598.211060775,2.553490373207336,1,0.012,0.35,3459.112486455255,0.06160810353681757,50740.32385976995,634254.0482471244
OBL02079,BBB,industrials,north,6856524.481489629,2.4713469401399832,1,0.005,0.35,11998.917842606848,0.0431066022951503,295561.47395053506,3694518.4243816882
OBL02080,BB,real_estate,east,190003.11258611912,2.861870335726674,0,0.01875,0.5,1781.2791804948668,0.10434946270825526,19826.722711257666,247834.0338907208
OBL02081,BB,financials,east,1688113.6693819645,3.8786935428004052,1,0.0135,0.35,7976.337087829782,0.07458259928258656,125903.90534697188,1573798.8168371485
OBL02082,BBB,energy,east,3071224.270102044,4.413407088535751,0,0.006,0.6000000000000001,11056.407372367361,0.10497641413047955,322406.11086581193,4030076.385822649
OBL02083,BB,financials,south,472511.1572437984,3.652923615781829,0,0.0135,0.55,3508.3953425352033,0.11436901408748375,54040.63519930923,675507.9399913654
OBL02084,BBB,financials,west,1971172.6256319615,4.656539602740353,1,0.0045000000000000005,0.35,3104.5968853703394,0.056554429737114865,111478.543756027,1393481.7969503375
OBL02085,A,industrials,north,2747833.554858277,4.3754327021509365,0,0.002,0.55,3022.616910344105,0.05987390802847894,164523.5335411528,2056544.1692644102
OBL02086,BBB,consumer,north,900020.2753924524,1.7596531197392307,1,0.00525,0.35,1653.7872560336311,0.038871392420696656,34985.04131136349,437313.0163920437
OBL02087,BB,financials,north,1220100.4715396909,1.1265005307441496,0,0.0135,0.55,9059.246001182204,0.08267582403197524,100872.81188634549,1260910.1485793185
OBL02088,BB,real_estate,north,350103.4022933564,3.7448630967946457,0,0.01875,0.5,3282.2193965002166,0.11436374855693573,40039.13746880513,500489.2183600641
OBL02089,BBB,healthcare,north,2368777.830581954,4.006523307972177,0,0.004,0.55,5211.311227280299,0.0776974456628236,184047.98677894258,2300599.834736782
OBL02090,BBB,financials,west,8632818.863776738,4.946973385399344,0,0.0045000000000000005,0.55,21366.226687847433,0.09210736709648715,795146.2161633631,9939327.702042038
OBL02091,B,consumer,west,2990484.441225559,1.05928332770887,1,0.04725,0.35,49455.13644676768,0.08075505468902609,241496.73459785164,3018709.1824731454
OBL02092,BB,financials,east,7093365.933778102,3.10769228166735,0,0.0135,0.55,52668.24205830241,0.10752925696261924,762744.368223115,9534304.602788938
OBL02093,B,technology,east,807741.7863120567,2.3501574587166925,1,0.03825,0.35,10813.643164252659,0.08455204567947167,68296.22041347506,853702.7551684383
OBL02094,A,financials,south,8068168.451948501,1.5803295247607214,0,0.0018000000000000002,0.55,7987.486767429018,0.03246348138161718,261920.83632358126,3274010.454044766
OBL02095,BB,energy,north,5187475.283597533,2.0659779720528535,1,0.018,0.39999999999999997,37349.82204190223,0.07531912547938471,390716.10180648934,4883951.272581117
OBL02096,B,consumer,south,1235607.4390436537,3.8312153276018903,0,0.04725,0.55,32110.348322146954,0.15944603584089623,197012.7080110324,2462658.850137905
OBL02097,A,real_estate,east,3040703.4309564037,2.745319602775042,0,0.0025,0.5,3800.879288695505,0.04612773026233564,140260.7476709155,1753259.3458864437
OBL02098,BB,consumer,south,30933850.886131104,2.8602963765839036,1,0.01575,0.35,170522.85300979772,0.06955696877157126,2151664.900071063,26895811.250888288
OBL02099,BB,real_estate,west,1545148.2138338052,2.796227117233508,1,0.01875,0.3,8691.458702815155,0.06216298996249291,96051.03290711467,1200637.9113389333
OBL02100,A,industrials,west,7707106.183288841,1.8164973892160297,0,0.002,0.55,8477.816801617726,0.036739842647862266,283157.86844439834,3539473.3555549793
OBL02101,BB,energy,east,2238254.1485718964,1.3783338622487817,0,0.018,0.6000000000000001,24173.14480457648,0.10360565269707042,231895.78196471697,2898697.2745589623
OBL02102,BB,energy,north,283422.6359310098,4.548129637146046,1,0.018,0.39999999999999997,2040.64297870327,0.09787468427908162,27739.901009292676,346748.76261615846
OBL02103,BBB,industrials,south,4005413.8776559285,2.4926791622681517,0,0.005,0.55,11014.888163553804,0.06798155126224087,272294.2488503575,3403678.1106294687
OBL02104,B,real_estate,west,2216296.908369227,2.6784201268675,0,0.056249999999999994,0.5,62333.350547884496,0.14056334727319816,311530.1119916191,3894126.3998952387
OBL02105,BBB,real_estate,west,575623.878509222,4.697061894194778,1,0.00625,0.3,1079.2947722047911,0.05509944814437704,31716.558044584064,396456.9755573008
OBL02106,BB,technology,south,1235520.1967383346,4.607379101292193,0,0.01275,0.55,8664.085379627571,0.124498688163918,153820.64369394854,1922758.0461743567
OBL02107,BBB,technology,north,845161.6866960094,1.5019677475034885,0,0.00425,0.55,1975.565442651922,0.052133327588308305,44061.09107761025,550763.6384701281
OBL02108,B,healthcare,south,1677854.239071906,4.19377663883963,0,0.036,0.55,33221.51393362374,0.15250920010411634,255888.20789215717,3198602.5986519647
OBL02109,BB,consumer,east,1758361.692550271,4.061994645467168,1,0.01575,0.35,9692.968830183368,0.07914490062272043,139165.3614156897,1739567.0176961212
OBL02110,A,real_estate,east,4746537.606169802,4.3580311440262935,0,0.0025,0.5,5933.172007712253,0.06028095725000295,286125.8305230532,3576572.881538165
OBL02111,B,financials,west,2249390.1717473357,3.4739422445377324,1,0.0405,0.35,31885.105684518483,0.09452501453705024,212623.63868391485,2657795.4835489355
OBL02112,CCC,consumer,west,819463.1581736903,4.651795945608171,0,0.126,0.55,56788.79686143674,0.2286801581434871,187394.9646039209,2342437.0575490114
OBL02113,A,energy,east,1045152.9838210023,2.79229346789712,0,0.0024,0.6000000000000001,1505.0202967022435,0.054685781651428914,57155.00786557475,714437.5983196844
OBL02114,BB,industrials,south,2395588.4772090395,4.101594040969314,1,0.015,0.35,12576.839505347456,0.07848845977919698,188026.04984092945,2350325.623011618
OBL02115,BBB,technology,north,1794542.222970233,2.1806993973861113,1,0.00425,0.35,2669.381556668222,0.03793181082243479,68070.23611457847,850877.9514322309
OBL02116,CCC,real_estate,south,12333424.920955282,3.675785549635139,0,0.15,0.5,925006.8690716461,0.20837517634088631,2569979.5927911387,32124744.909889232
OBL02117,BB,industrials,east,3304439.756344389,1.0525524464224683,0,0.015,0.55,27261.62798984121,0.08508794352180944,281167.98335905315,3514599.791988164
OBL02118,BB,technology,east,2805288.23705118,1.280944508136412,0,0.01275,0.55,19672.083762321403,0.08280350014073651,232287.68493147386,2903596.0616434235
OBL02119,A,energy,west,391583.63274035254,3.7966196830325276,0,0.0024,0.6000000000000001,563.8804311461076,0.06514065468219797,25508.014199539935,318850.1774942492
OBL02120,CCC,healthcare,north,2051550.6664346156,1.699829372093685,1,0.096,0.35,68932.10239220309,0.11256338960459954,230929.49695945546,2886618.7119931933
OBL02121,B,consumer,west,2177870.8897707257,1.5514306423994406,0,0.04725,0.55,56597.41974791674,0.1326790986523603,288957.94663599384,3611974.332949923
OBL02122,A,technology,south,1651672.8812212767,3.2947426278164365,1,0.0017,0.35,982.7453643266596,0.029320270822696885,48427.4961879119,605343.7023488987
OBL02123,BB,technology,east,1542731.7018266567,1.8022792731160897,0,0.01275,0.55,10818.40605905943,0.08933816975172887,137824.82665916343,1722810.3332395428
OBL02124,BBB,industrials,east,2305716.7995394673,4.258298340412894,1,0.005,0.35,4035.0043991940674,0.05603906948313392,129210.22393782137,1615127.7992227671
OBL02125,BB,healthcare,north,717013.3958056438,3.1014991718667835,1,0.012,0.35,3011.4562623837037,0.06597279503407157,47303.377798169364,591292.2224771171
OBL02126,BBB,real_estate,south,3231969.031246471,2.9830216839001187,0,0.00625,0.5,10099.903222645224,0.07343688631191908,237345.74231129035,2966821.7788911294
OBL02127,B,financials,south,447032.4970129331,1.1462437604423097,0,0.0405,0.55,9957.648870963085,0.12094486225497557,54066.283774726966,675828.5471840871
OBL02128,BB,real_estate,west,795871.2012841725,3.7987956927252755,1,0.01875,0.3,4476.77550722347,0.06898524858604195,54903.372663060465,686292.1582882558
OBL02129,BB,healthcare,north,1205522.6050192323,4.886279660157729,1,0.012,0.35,5063.194941080776,0.08018792486549846,96668.35607494217,1208354.4509367773
OBL02130,BBB,real_estate,north,921040.9572626696,2.293445046849424,1,0.00625,0.3,1726.9517948675054,0.03962170183109351,36493.21018288643,456165.1272860804
OBL02131,A,technology,north,688820.9498494975,1.1760567870473975,0,0.0017,0.55,644.0475881092802,0.027873309233250813,19199.719341496595,239996.49176870743
OBL02132,BB,technology,north,11164159.595777264,4.145844347871764,1,0.01275,0.35,49820.06219615603,0.07554500652556798,843396.5095154757,10542456.368943447
OBL02133,BB,real_estate,north,3326025.5463795387,4.533541685728574,0,0.01875,0.5,31181.489497308175,0.12330838908011023,410126.85216335434,5126585.652041929
OBL02134,BBB,energy,south,2741100.868451381,4.864042728205495,1,0.006,0.39999999999999997,6578.642084283314,0.07382941599776098,202373.8763087209,2529673.453859011
OBL02135,BB,industrials,north,3166522.7469720994,3.4656273732701464,1,0.015,0.35,16624.244421603522,0.07341131102444948,232458.58624396293,2905732.328049537
OBL02136,BB,technology,east,3690933.7626894275,3.8356257952321795,1,0.01275,0.35,16470.791916001566,0.07307054861934885,269698.554957394,3371231.936967425
OBL02137,BBB,industrials,south,549135.3847841842,2.3910400661490367,1,0.005,0.35,960.9869233723222,0.04252540797016819,23352.20626880272,291902.57836003404
OBL02138,BBB,financials,north,4292657.689048491,2.1353650515964424,1,0.0045000000000000005,0.35,6760.935860251374,0.03867779341481264,166030.5272975246,2075381.5912190573
OBL02139,BB,real_estate,west,1787260.8532040254,2.1268245725554364,1,0.01875,0.3,10053.342299272643,0.0576078528928759,102960.26031257336,1287003.253907167
OBL02140,B,consumer,north,4034889.8490600693,4.584710614465758,0,0.04725,0.55,104856.69995244857,0.1682928191122524,679042.9875057297,8488037.34382162
OBL02141,BB,energy,east,1532320.2271946361,2.680841675286523,1,0.018,0.39999999999999997,11032.705635801378,0.0809064530416454,123974.59450628623,1549682.431328578
OBL02142,BBB,technology,east,1022563.3202193244,1.0688032772886387,0,0.00425,0.55,2390.241761012671,0.04736356884413976,48432.24821470011,605403.1026837514
OBL02143,BBB,consumer,west,2408669.7697782004,2.4767804837807326,1,0.00525,0.35,4425.930701967443,0.04410762295749993,106240.69803450503,1328008.7254313128
OBL02144,BB,energy,south,1670395.6735308869,1.832742422923813,1,0.018,0.39999999999999997,12026.848849422384,0.07319969087087856,122272.44693451391,1528405.586681424
OBL02145,A,industrials,east,1896656.362350088,4.737339710868188,1,0.002,0.35,1327.6594536450616,0.04018364626933745,76214.56835916426,952682.1044895533
OBL02146,BB,technology,north,5059017.086765446,1.7613059407631186,0,0.01275,0.55,35476.35732094269,0.0888245895959944,449365.1164910639,5617063.956138299
OBL02147,BBB,industrials,west,609140.670248856,4.365536870870396,1,0.005,0.35,1065.9961729354977,0.05681517272590673,34608.432394563344,432605.4049320418
OBL02148,BBB,industrials,north,4660582.3491318235,1.8340666186728605,1,0.005,0.35,8156.01911098069,0.038494497653881084,179406.77630437457,2242584.703804682
OBL02149,B,financials,north,2880551.0181453223,2.9203404768124104,0,0.0405,0.55,64164.27392918707,0.14197645930723082,408970.4344101117,5112130.430126396
OBL02150,BB,industrials,north,704736.1102179326,2.5997785025283204,0,0.015,0.55,5814.0729092979445,0.10449831958475586,73643.73926847125,920546.7408558907
OBL02151,B,healthcare,north,934436.1222420243,4.573098000320508,0,0.036,0.55,18501.835220392084,0.1570432610097147,146746.8958421599,1834336.1980269987
OBL02152,BBB,energy,north,1104338.1071555112,1.831803734542392,1,0.006,0.39999999999999997,2650.4114571732266,0.047956222341604834,52959.883807056714,661998.5475882089
OBL02153,BBB,healthcare,north,3549496.290266836,3.337452966719942,1,0.004,0.35,4969.29480637357,0.04481637640312539,159075.56178609576,1988444.522326197
OBL02154,B,financials,north,1743430.4066028546,1.4058103711844168,0,0.0405,0.55,38834.91230707859,0.12402197767657287,216223.6869683576,2702796.08710447
OBL02155,A,energy,south,6239068.439404735,3.139991432004529,1,0.0024,0.39999999999999997,5989.505701828545,0.03887017404838313,242513.6761394362,3031420.9517429527
OBL02156,CCC,technology,west,1324299.6361173259,4.853623275811302,0,0.102,0.55,74293.20958618198,0.21673515306997768,287022.28434440435,3587778.5543050542
OBL02157,B,technology,north,1048903.5052924627,2.46633709219297,1,0.03825,0.35,14042.195677102842,0.08543195145037016,89609.87334026875,1120123.4167533594
OBL02158,BBB,energy,north,1152111.373544664,3.7621361544856526,0,0.006,0.6000000000000001,4147.600944760791,0.09664076230627373,111340.92140108442,1391761.5175135552
OBL02159,BBB,financials,east,14151997.855517117,4.758566950459516,0,0.0045000000000000005,0.55,35026.194692404875,0.09000807308271662,1273794.0572458336,15922425.71557292
OBL02160,BBB,industrials,south,2098240.4145199596,3.1171036274937194,0,0.005,0.55,5770.161139929889,0.07508293857260455,157542.05615395843,1969275.7019244805
OBL02161,B,real_estate,west,6574654.410486573,1.7844826295155807,1,0.056249999999999994,0.3,110947.29317696091,0.07866483536594863,517194.1067889344,6464926.33486168
OBL02162,BBB,financials,west,4568129.626307657,2.17196970841115,1,0.0045000000000000005,0.35,7194.80416143456,0.03893734233707282,177870.82709966577,2223385.338745822
OBL02163,BBB,energy,east,717986.7655357617,4.322996975833798,1,0.006,0.39999999999999997,1723.168237285828,0.06921283347995535,49693.89844383842,621173.7305479803
OBL02164,BBB,consumer,south,1292153.1842595083,2.3463905856290204,0,0.00525,0.55,3731.0923195493306,0.06781587744216169,87628.50198024178,1095356.2747530222
OBL02165,A,real_estate,north,2984989.8651492326,1.675212112039615,0,0.0025,0.5,3731.237331436541,0.03673642014259115,109657.84180749871,1370723.0225937339
OBL02166,B,healthcare,south,6809422.595274003,3.439218075260029,1,0.036,0.35,85798.72470045243,0.09131175238295888,621780.309890585,7772253.873632313
OBL02167,BBB,consumer,south,2124735.9661912243,1.8053481806343585,1,0.00525,0.35,3904.2023378763747,0.03920504287839458,83300.36465979408,1041254.5582474261
OBL02168,BBB,financials,west,838832.683335485,3.974200375504069,1,0.0045000000000000005,0.35,1321.1614762533889,0.051716236281525156,43381.26925204371,542265.8656505464
OBL02169,BBB,industrials,north,608830.4225028927,2.4184032406337836,1,0.005,0.35,1065.453239380062,0.04272343985627825,26011.329938474813,325141.6242309352
OBL02170,BBB,real_estate,south,1655321.3126698567,3.519062798295346,1,0.00625,0.3,3103.7274612559813,0.047513891742679434,78650.75764954559,983134.4706193198
OBL02171,BBB,healthcare,east,24678778.65751801,2.6426336609333294,0,0.004,0.55,54293.313046539624,0.06287417347847193,1551657.8105495982,19395722.63186998
OBL02172,CCC,financials,north,1076335.6080656822,2.345330803637272,1,0.108,0.35,40685.48598488279,0.12246787949528208,131816.53954506913,1647706.7443133642
OBL02173,A,industrials,south,1695544.2870742371,1.7859981752815086,1,0.002,0.35,1186.881000951966,0.023204436421693776,39344.149609580236,491801.87011975294
OBL02174,A,industrials,west,2420557.563474335,3.4237459190282467,1,0.002,0.35,1694.3902944320344,0.032626477985938936,78974.26805839337,987178.3507299171
OBL02175,BBB,real_estate,east,111113.70966159378,1.2180869738067108,0,0.00625,0.5,347.2303426924806,0.05449514598386268,6055.157828817086,75689.47286021357
OBL02176,A,consumer,north,2653105.489698963,4.682561868108419,1,0.0021000000000000003,0.35,1950.032534928738,0.04078877155759225,108216.91373752491,1352711.4217190614
OBL02177,BB,healthcare,west,1517427.0626957251,2.5327415311705472,1,0.012,0.35,6373.193663322045,0.06144284652883269,93235.03813191081,1165437.976648885
OBL02178,A,technology,north,292398.58633184637,3.5346798971042106,0,0.0017,0.55,273.39267822027637,0.04813598655285179,14074.89441974263,175936.18024678287
OBL02179,BB,healthcare,west,3060364.5317607056,1.87991851076352,1,0.012,0.35,12853.531033394964,0.05624334773729426,172125.14656269908,2151564.3320337385
OBL02180,BB,technology,south,5386744.911872275,4.567114381432088,0,0.01275,0.55,37774.54869450433,0.12399399011011525,667923.9953284045,8349049.941605056
OBL02181,BB,technology,west,681779.0348705341,4.501545587502001,0,0.01275,0.55,4780.97548202962,0.12317211818845075,83976.16786148131,1049702.0982685164
OBL02182,BB,technology,east,1966331.4298086825,1.1614874901547791,0,0.01275,0.55,13788.899151533387,0.0813061663781305,159874.87038657197,1998435.8798321497
OBL02183,A,technology,north,3825807.804278675,4.342771704690444,1,0.0017,0.35,2276.3556435458113,0.03504977401577806,134093.69896776762,1676171.2370970952
OBL02184,CCC,consumer,north,2541223.052694342,2.255865373068454,0,0.126,0.55,176106.75755171792,0.2022518425328769,513967.0446944528,6424588.05868066
OBL02185,BBB,healthcare,north,599461.344477431,1.8814105037354292,0,0.004,0.55,1318.8149578503483,0.05460091025906531,32731.13507359085,409139.1884198856
OBL02186,BBB,technology,south,2561016.4616552684,1.8441446197716052,1,0.00425,0.35,3809.511986712212,0.03557348014277067,91104.2682440025,1138803.3530500312
OBL02187,CCC,financials,north,774691.6060948628,2.21727902731659,0,0.108,0.55,46016.681402034854,0.19101199956266518,147975.39272459233,1849692.4090574041
OBL02188,A,real_estate,east,6430778.922190299,1.2756055328549634,1,0.0025,0.3,4823.084191642724,0.019937673200627434,128214.7685761133,1602684.6072014163
OBL02189,CCC,energy,west,1583530.5391265717,3.670644758253783,1,0.144,0.39999999999999997,91211.35905369052,0.16480203164641352,260969.05002219955,3262113.1252774945
OBL02190,CCC,financials,south,4498222.834500394,3.8090578199781002,1,0.108,0.35,170032.8231441149,0.13292459640841617,597924.4548310867,7474055.685388584
OBL02191,B,consumer,south,900262.6313858391,2.40607170786424,1,0.04725,0.35,14888.093266543314,0.09081763972503648,81759.72731511245,1021996.5914389057
OBL02192,BBB,financials,east,1490888.618436276,3.766720140442617,1,0.0045000000000000005,0.35,2348.1495740371347,0.05024507725186714,74909.81380726016,936372.672590752
OBL02193,BB,industrials,north,4354842.324063614,1.3788165775918446,1,0.015,0.35,22862.92220133397,0.0567515560863439,247144.0784012804,3089300.9800160048
OBL02194,BB,real_estate,south,2735587.863107734,3.502175849409852,1,0.01875,0.3,15387.681729981003,0.06696681579905597,183193.60853086878,2289920.1066358597
OBL02195,A,healthcare,west,883765.2237361757,3.5289924345421104,1,0.0016,0.35,494.90852529225833,0.029661052331426168,26213.406549933265,327667.5818741658
OBL02196,A,real_estate,north,482621.5602932801,3.5025058382541228,1,0.0025,0.3,361.9661702199601,0.03166369785973031,15281.583265718038,191019.79082147547
OBL02197,BB,consumer,south,1747448.6628685433,4.086627555401787,0,0.01575,0.55,15137.274042098756,0.12467940261811372,217870.85539227157,2723385.6924033947
OBL02198,A,consumer,south,1413800.379303179,4.039688227976162,1,0.0021000000000000003,0.35,1039.1432787878366,0.03703513160923346,52360.28311667742,654503.5389584678
OBL02199,BBB,consumer,east,995433.0278634024,4.080390485882331,1,0.00525,0.35,1829.1081886990019,0.05581666110492951,55561.74796890539,694521.8496113174
OBL02200,CCC,energy,south,514491.7946089851,2.536247745055492,0,0.144,0.6000000000000001,44452.09105421631,0.2338366518008831,120307.03863039271,1503837.9828799088
OBL02201,BBB,financials,west,1123240.8812918987,2.227658447230132,0,0.0045000000000000005,0.55,2780.02118119745,0.06180775671917413,69424.99912792043,867812.4890990054
OBL02202,B,consumer,south,9720415.31123819,2.4640574957169026,1,0.04725,0.35,160751.36820960158,0.09125088293513915,886996.4796467304,11087455.99558413
OBL02203,BB,consumer,north,504113.5303441447,4.214115202765165,0,0.01575,0.55,4366.883456606153,0.12627782758655592,63658.36146884793,795729.5183605991
OBL02204,BB,consumer,east,801133.0305627699,1.9085764372131844,0,0.01575,0.55,6939.8148772499935,0.09737125659881397,78007.32988871293,975091.6236089116
OBL02205,BB,technology,west,672214.6279714296,3.291741733701771,0,0.01275,0.55,4713.905078649651,0.10800783410507879,72604.44602094543,907555.5752618178
OBL02206,A,financials,east,1073704.7244825768,4.520938183467388,1,0.0018000000000000002,0.35,676.4339764240234,0.037030449579046894,39759.7686627365,496997.1082842062
OBL02207,A,industrials,south,1513977.7134342531,4.48279196035304,0,0.002,0.55,1665.3754847776786,0.06084448985049984,92117.20161893337,1151465.020236667
OBL02208,BBB,industrials,south,1231620.5254265005,2.6187429172378827,0,0.005,0.55,3386.9564449228765,0.06941523555825169,85493.22889085824,1068665.361135728
OBL02209,BB,technology,north,556142.0517036053,1.856886186333417,1,0.01275,0.35,2481.7839057273386,0.05728713454586144,31859.78454255587,398247.30678194837
OBL02210,BBB,consumer,west,5329546.161526507,2.8036409559710145,1,0.00525,0.35,9793.041071804955,0.04649425170934554,247793.26073058974,3097415.7591323717
OBL02211,BB,financials,north,988154.8989884726,3.1554987114585753,0,0.0135,0.55,7337.05012498941,0.1081289737219466,106848.17510593736,1335602.188824217
OBL02212,BB,consumer,north,1066962.6933125444,2.225988058094551,1,0.01575,0.35,5881.631846885401,0.0644960436726738,68814.87246499951,860185.9058124939
OBL02213,BBB,consumer,north,1705037.2808753012,1.9746506769214505,0,0.00525,0.55,4923.2951485274325,0.06355051149292221,108355.99131412666,1354449.8914265833
OBL02214,A,technology,east,2966462.138092868,2.3686515280637592,0,0.0017,0.55,2773.642099116832,0.03811876231442815,113077.86515671237,1413473.3144589048
OBL02215,BB,industrials,west,679242.6692789557,2.442012843869296,1,0.015,0.35,3566.024013714517,0.06523943111745512,44313.405334460775,553917.5666807597
OBL02216,A,healthcare,west,9054782.097631978,4.308841197546357,1,0.0016,0.35,5070.677974673908,0.03384141720325396,306426.6586505188,3830333.233131485
OBL02217,BBB,real_estate,south,1921437.7880509142,1.8566459221479126,1,0.00625,0.3,3602.6958525954637,0.036808996449426284,70726.1967181596,884077.458976995
OBL02218,BB,consumer,east,1876656.3755357813,1.8616193301976747,0,0.01575,0.55,16256.535853078705,0.09678251397275024,181627.52188734256,2270344.023591782
OBL02219,BB,industrials,east,2990884.965344516,1.9714978380464796,1,0.015,0.35,15702.146068058708,0.06148314199534448,183889.00501601782,2298612.5627002227
OBL02220,A,financials,north,1115868.1134947005,4.326908628812422,1,0.0018000000000000002,0.35,702.9969115016613,0.035950187934548815,40115.66839030493,501445.8548788116
OBL02221,BB,industrials,north,1052947.8841937764,3.290446032190993,1,0.015,0.35,5527.976392017325,0.07201277589220298,75825.70001061572,947821.2501326965
OBL02222,B,healthcare,north,1693542.8516122268,3.26887831481936,0,0.036,0.55,33532.148461922094,0.1414538107734916,239558.09006875526,2994476.125859441
OBL02223,BB,technology,west,875204.3103357201,1.5936842399293214,1,0.01275,0.35,3905.59923487315,0.055187704541852144,48300.516892563195,603756.46115704
OBL02224,A,healthcare,south,1208122.2930626716,2.837930595931798,1,0.0016,0.35,676.548484115096,0.025956628125817036,31358.781091537112,391984.7636442139
OBL02225,A,energy,east,442593.2883258554,1.103161645879966,1,0.0024,0.39999999999999997,424.8895567928211,0.024734795537361694,10947.454492948606,136843.18116185756
OBL02226,B,energy,north,1361390.053129967,3.481745906122974,0,0.054,0.6000000000000001,44109.03772141094,0.1765559527792788,240361.5179345943,3004518.974182429
OBL02227,BBB,financials,east,8481165.476994812,1.4734070613108101,1,0.0045000000000000005,0.35,13357.83562626683,0.03398411512601301,288224.90397295874,3602811.299661984
OBL02228,BBB,financials,west,6058791.155552702,3.3675919968535846,1,0.0045000000000000005,0.35,9542.596069995505,0.047415019862266955,287277.70298185875,3590971.287273234
OBL02229,BBB,financials,south,422623.2761536965,1.181716191731995,1,0.0045000000000000005,0.35,665.631659942072,0.031915852303182814,13488.382061608621,168604.77577010778
OBL02230,CCC,healthcare,east,3697934.2277915147,1.666289654877105,0,0.096,0.55,195250.927227392,0.1765051534422165,652704.4482955658,8158805.603694572
OBL02231,B,financials,south,1121776.0802736408,1.2531542950624743,0,0.0405,0.55,24987.56218809535,0.12221226738797929,137094.79827184152,1713684.978398019
OBL02232,BB,industrials,south,650222.4461799447,4.867598168869694,0,0.015,0.55,5364.3351809845435,0.13294874051253022,86446.25527260012,1080578.1909075014
OBL02233,BB,healthcare,east,469912.8010688807,4.595747262841089,1,0.012,0.35,1973.6337644892988,0.07787393960222022,36593.96108874814,457424.51360935176
OBL02234,BBB,real_estate,south,2646251.078288085,4.621172383366628,1,0.00625,0.3,4961.720771790159,0.05461076851237388,144513.8050620104,1806422.5632751298
OBL02235,BBB,consumer,south,6841373.618129964,2.7629799602106853,1,0.00525,0.35,12571.024023313808,0.04619735835631941,316053.38868621946,3950667.358577743
OBL02236,BBB,financials,south,4739691.374663072,3.345353725305808,1,0.0045000000000000005,0.35,7465.013915094338,0.047257337208872,223985.19355843487,2799814.919480436
OBL02237,BB,consumer,west,5689204.320770859,2.5556217837773634,0,0.01575,0.55,49282.73242867756,0.10548383424105873,600119.0855357083,7501488.569196355
OBL02238,B,energy,north,5018983.8589557,4.631367319679953,1,0.054,0.39999999999999997,108410.05135344311,0.12745083325734044,639673.674929046,7995920.9366130745
OBL02239,A,consumer,north,3636499.31706062,1.6605244400586177,1,0.0021000000000000003,0.35,2672.826998039556,0.023143561508181153,84161.54561885122,1052019.3202356403
OBL02240,BBB,real_estate,west,3975105.0758460457,4.398871852516111,1,0.00625,0.3,7453.322017211335,0.05317929609379245,211393.28983235414,2642416.122904427
OBL02241,BBB,real_estate,south,1014663.8623900806,3.4882460108720843,0,0.00625,0.5,3170.824569969002,0.07885908575884001,80015.46454061521,1000193.3067576902
OBL02242,BB,industrials,north,2301817.642298068,1.0178346791318624,0,0.015,0.55,18989.99554895906,0.08465239959045102,194854.3868401659,2435679.835502074
OBL02243,BBB,energy,north,548103.9980877761,3.323001473943192,1,0.006,0.39999999999999997,1315.4495954106626,0.0606801692243438,33259.04335650567,415738.0419563208
OBL02244,BB,real_estate,east,649650.6692389175,2.4032924808145077,1,0.01875,0.3,3654.285014468911,0.05948915619457759,38647.17013426583,483089.62667832285
OBL02245,A,healthcare,east,4250520.729073481,4.197458636911426,0,0.0016,0.55,3740.4582415846635,0.0522411262164651,222051.98989322898,2775649.873665362
OBL02246,BB,industrials,south,1113973.969101494,1.5026923863424706,1,0.015,0.35,5848.363337782843,0.0577405008535547,64321.41491374253,804017.6864217815
OBL02247,A,technology,east,2090714.2173339326,2.945110092905875,0,0.0017,0.55,1954.8177932072272,0.04307105581045632,90049.26873850431,1125615.859231304
OBL02248,BBB,consumer,east,2552721.2155803205,1.4780034572165879,0,0.00525,0.55,7370.982509988176,0.057851951585597285,147679.90417527975,1845998.802190997
OBL02249,CCC,technology,south,2120841.7529665995,2.3591515907666754,1,0.102,0.35,75714.0505809076,0.12001223449746211,254526.95778903615,3181586.972362952
OBL02250,BB,consumer,west,1220102.801321429,3.6736287637206417,1,0.01575,0.35,6725.8166922843775,0.07604626454749541,92784.26040442962,1159803.2550553703
OBL02251,BB,energy,east,1167618.6397549997,2.1724481653838317,1,0.018,0.39999999999999997,8406.854206235996,0.07628663070473596,89073.69197495579,1113421.1496869472
OBL02252,BB,consumer,east,1434730.2786387948,1.9632590988002443,1,0.01575,0.35,7908.950660996356,0.06239982083349298,89526.91233144826,1119086.4041431032
OBL02253,A,financials,west,3958805.892766937,4.889592339228033,1,0.0018000000000000002,0.35,2494.0477124431704,0.03908293557924013,154721.7556777264,1934021.9459715802
OBL02254,BBB,financials,west,2092706.6242440229,3.0392201538514287,0,0.0045000000000000005,0.55,5179.448895003958,0.07085047669346581,148269.26190726264,1853365.773840783
OBL02255,B,real_estate,south,222997.82111577792,1.1266547820956156,1,0.056249999999999994,0.3,3763.0882313287516,0.07449007908561481,16611.125330834082,207639.06663542602
OBL02256,A,technology,east,2440651.5015418185,4.785315968707164,0,0.0017,0.55,2282.0091539416003,0.05888006645908728,143705.72261425343,1796321.532678168
OBL02257,A,healthcare,north,2290272.055181472,2.60433445300553,1,0.0016,0.35,1282.5523509016243,0.024704440321708,56579.88930770621,707248.6163463276
OBL02258,BBB,real_estate,east,1495946.4751772056,1.6982980560318675,1,0.00625,0.3,2804.8996409572605,0.03578933805266443,53538.9341088088,669236.6763601099
OBL02259,B,financials,west,9998084.237224584,4.2185849096853225,0,0.0405,0.55,222707.32638417766,0.1573669132410967,1573367.6547364977,19667095.68420622
OBL02260,BB,technology,north,3248724.0141109265,4.573681107720305,1,0.01275,0.35,14497.430912970009,0.07895764591792687,256511.60039123657,3206395.0048904573
OBL02261,BBB,financials,east,5890844.730306086,4.434788373435303,0,0.0045000000000000005,0.55,14579.840707507567,0.08640041271405062,508971.41593283607,6362142.699160451
OBL02262,A,industrials,north,2402596.6857080976,4.819645248289589,0,0.002,0.55,2642.8563542789075,0.06388981340651505,153501.45394100185,1918768.1742625232
OBL02263,BB,consumer,south,1573950.01700596,2.1622771873920876,0,0.01575,0.55,13634.34202231413,0.10055212644765996,158264.02113227983,1978300.2641534978
OBL02264,CCC,real_estate,south,2619503.549512305,3.7649752645149372,0,0.15,0.5,196462.76621342284,0.20924422419031516,548115.987981479,6851449.849768488
OBL02265,CCC,financials,south,4359675.748472783,3.4838754198470436,0,0.108,0.55,258964.7394592833,0.20523097008813276,894740.4831287755,11184256.039109694
OBL02266,BB,industrials,west,2100272.239659579,1.0604982424620184,1,0.015,0.35,11026.42925821279,0.054210307274256485,113856.40347153663,1423205.043394208
OBL02267,B,consumer,north,1361618.672273716,4.507010528449303,0,0.04725,0.55,35385.0652457132,0.16738054290676432,227908.47259716218,2848855.907464527
OBL02268,BBB,financials,north,7660771.965120592,1.431992364708354,1,0.0045000000000000005,0.35,12065.715845064933,0.033690460143169926,258094.93255680887,3226186.6569601106
OBL02269,B,industrials,north,1443690.3873971207,2.821066513573322,0,0.045,0.55,35731.33708807874,0.1453521912150786,209843.5612443172,2623044.5155539652
OBL02270,BB,industrials,north,2826946.6281369617,4.343511466211876,1,0.015,0.35,14841.469797719048,0.08041977287578683,227342.40576674588,2841780.0720843235
OBL02271,B,financials,west,1875040.6104107173,1.4836484100488518,0,0.0405,0.55,41766.529596898734,0.12494473360843891,234276.44957277176,2928455.619659647
OBL02272,BBB,real_estate,west,575281.9684989494,2.2059127435002446,1,0.00625,0.3,1078.6536909355302,0.03905805010475773,22469.391949995625,280867.3993749453
OBL02273,BB,healthcare,north,1283347.9534057197,3.034370294232184,1,0.012,0.35,5390.061404304022,0.06543813784946306,83979.90028378979,1049748.7535473723
OBL02274,BBB,industrials,west,5498839.259359381,3.8714902913742,1,0.005,0.35,9622.968703878916,0.053239674714212454,292756.4134740344,3659455.16842543
OBL02275,BB,consumer,south,843453.1586506497,4.096716325137823,0,0.01575,0.55,7306.412986811253,0.12480589441383241,105267.92586156643,1315849.0732695803
OBL02276,BB,real_estate,north,7550182.621633029,1.355670016378482,1,0.01875,0.3,42469.777246685786,0.05236031576716178,395329.9461684428,4941624.327105535
OBL02277,BBB,energy,north,3352411.1360456394,4.773209563795156,0,0.006,0.6000000000000001,12068.680089764304,0.10958154542445363,367362.3931860294,4592029.914825368
OBL02278,BBB,consumer,west,2396222.2076874967,2.7415225173107984,1,0.00525,0.35,4403.058306625775,0.04604068309417226,110323.70728735786,1379046.3410919732
OBL02279,B,consumer,north,1629141.7567413435,3.7410033963897216,0,0.04725,0.55,42337.32140331567,0.15838685814219253,258034.6443185135,3225433.0539814187
OBL02280,BB,real_estate,west,7025956.04213199,3.6950250132685873,1,0.01875,0.3,39521.00273699244,0.06827911193853366,479726.0390759471,5996575.488449339
OBL02281,B,financials,north,1447149.3473610033,4.433686983027245,1,0.0405,0.35,20513.34199884222,0.1017653060963736,147269.5963013598,1840869.9537669974
OBL02282,BB,financials,east,3001824.2870635195,1.9721497284739034,1,0.0135,0.35,14183.61975637513,0.059362691569036063,178196.36929739328,2227454.616217416
OBL02283,BBB,consumer,west,982281.305986924,1.5662425516931138,1,0.00525,0.35,1804.9418997509727,0.037459171421575864,36795.4438251736,459943.04781467
OBL02284,BBB,healthcare,south,5794310.760914705,3.008923834891297,0,0.004,0.55,12747.483674012352,0.06685515460756898,387379.54176525323,4842244.272065666
OBL02285,CCC,technology,east,1816042.0089980722,3.6238316577062673,1,0.102,0.35,64832.69972123117,0.1290925506515139,234437.4950318607,2930468.6878982587
OBL02286,BB,financials,north,4656795.773125341,3.4696480108116563,0,0.0135,0.55,34576.70861545566,0.11206987875450711,521886.53767865815,6523581.720983227
OBL02287,BB,consumer,north,1990957.647639246,4.500627928757858,1,0.01575,0.35,10975.154032611343,0.08264460278318472,164541.90394728933,2056773.7993411166
OBL02288,BB,financials,east,1642054.6734528227,4.8344697785010045,1,0.0135,0.35,7758.708332064587,0.08221254515262501,134997.4939843191,1687468.6748039888
OBL02289,BBB,consumer,north,1592174.4046100066,1.2346527092664785,0,0.00525,0.55,4597.403593311395,0.05505973054686859,87664.69370144789,1095808.6712680985
OBL02290,BB,healthcare,north,746555.9572970512,2.235546180027498,0,0.012,0.55,4927.269318160538,0.09283338939726894,69305.31989060804,866316.4986326004
OBL02291,B,financials,north,1480664.4236558278,2.8861278596335325,1,0.0405,0.35,20988.41820532136,0.0900905567496922,133393.88228661564,1667423.5285826954
OBL02292,CCC,healthcare,north,403510.82836249727,3.3317275388848793,0,0.096,0.55,21305.37173753986,0.19538291095736346,78839.12024828178,985489.0031035222
OBL02293,BBB,industrials,north,3293155.342363476,4.953647993324738,1,0.005,0.35,5763.021849136082,0.06107143162184951,201117.71131127945,2513971.3913909933
OBL02294,B,financials,north,579710.0274154705,3.0743818823194395,0,0.0405,0.55,12913.040860679606,0.14380259242618249,83363.80479779797,1042047.5599724747
OBL02295,BBB,financials,north,9093383.009402163,1.6238258614337338,0,0.0045000000000000005,0.55,22506.12294827036,0.05507963125420901,500860.1830111606,6260752.287639507
OBL02296,BBB,real_estate,south,1982560.4535138472,2.7659967844942304,1,0.00625,0.3,3717.3008503384635,0.042664631041398185,84585.21026643534,1057315.128330442
OBL02297,B,consumer,west,456259.9436327377,1.3930709829908414,1,0.04725,0.35,7545.398817826399,0.0832489629486577,37983.16714243843,474789.5892804804
OBL02298,B,consumer,north,3866335.7253268845,3.3307296665106905,1,0.04725,0.35,63939.527057593354,0.09772625987293997,377842.52984932694,4723031.623116586
OBL02299,BBB,consumer,east,6271518.601405355,1.0020244341889755,0,0.00525,0.55,18109.009961557964,0.05239053980327681,328568.2449139182,4107103.0614239774
OBL02300,A,financials,east,3303880.132489849,3.4404677013202623,0,0.0018000000000000002,0.55,3270.841331164951,0.04873772904231046,161023.61468556305,2012795.1835695382
OBL02301,A,industrials,south,1667442.2418989646,3.8774037218311928,1,0.002,0.35,1167.2095693292752,0.03523639315161324,58754.6503931593,734433.1299144913
OBL02302,BBB,real_estate,south,3560018.7214665785,4.624504410259689,1,0.00625,0.3,6675.035102749835,0.05463222462215977,194491.74245025616,2431146.780628202
OBL02303,BBB,consumer,north,411711.27910720033,2.0410359437722354,1,0.00525,0.35,756.5194753594806,0.04092595819187297,16849.678595863825,210620.98244829781
OBL02304,BBB,consumer,north,1989396.2283411457,3.247621889183137,0,0.00525,0.55,5744.381609335059,0.07815665932897385,155484.5632888044,1943557.041110055
OBL02305,CCC,financials,east,7101004.355604758,4.6476377748616775,0,0.108,0.55,421799.6587229226,0.21829551276501705,1550117.38695336,19376467.336916998
OBL02306,B,technology,north,436439.1911621553,3.078098508851595,0,0.03825,0.55,9181.589484073842,0.14153107297180376,61769.70701212601,772121.3376515751
OBL02307,BBB,technology,north,2051913.1187420257,4.580299153865489,1,0.00425,0.35,3052.220764128763,0.05474645765268064,112334.97466219017,1404187.1832773772
OBL02308,A,industrials,west,2318556.7827022267,1.1752497089908238,1,0.002,0.35,1622.9897478915586,0.019690771111109964,45654.17091630107,570677.1364537633
OBL02309,BB,technology,north,1587927.7869047944,4.680501334743364,1,0.01275,0.35,7086.127749062644,0.07980969732830277,126732.03605207331,1584150.4506509164
OBL02310,BBB,financials,east,11180219.745044295,1.7115244853541038,0,0.0045000000000000005,0.55,27671.043868984638,0.056056801679787854,626727.3609843963,7834092.012304954
OBL02311,BBB,real_estate,west,1154276.4169750512,2.1604463810583616,0,0.00625,0.5,3607.113803047035,0.06460879329658238,74576.40643146081,932205.0803932601
OBL02312,A,financials,north,6214466.900507701,4.731692162025894,1,0.0018000000000000002,0.35,3915.114147319852,0.038203824634547995,237416.40366419923,2967705.0458024903
OBL02313,BB,real_estate,south,244491.48477805138,3.6108077411837205,1,0.01875,0.3,1375.264601876539,0.06770603192707315,16553.548274280267,206919.35342850332
OBL02314,BB,consumer,south,1947611.8215996746,2.1577090658465403,0,0.01575,0.55,16871.187404607183,0.10049485188272529,195724.9615367041,2446562.019208801
OBL02315,BB,industrials,west,1356368.0165072726,3.939840427592681,1,0.015,0.35,7120.932086663181,0.07719712298681095,104707.70858568874,1308846.3573211094
OBL02316,CCC,consumer,north,1441626.4251303063,2.854012681866048,0,0.126,0.55,99904.71126153023,0.20884970727892552,301083.2568940283,3763540.7111753533
OBL02317,BB,real_estate,north,2127782.1876745797,3.2079242942460477,1,0.01875,0.3,11968.77480566951,0.06496449869199493,138230.30314803534,1727878.7893504417
OBL02318,BBB,technology,south,6361717.057902788,2.518490623245603,0,0.00425,0.55,14870.513622847768,0.06332669456232035,402866.51301771303,5035831.412721413
OBL02319,BBB,healthcare,west,713354.0258054006,2.9656433483461675,0,0.004,0.55,1569.3788567718814,0.06638476579442525,47355.8399316019,591947.9991450238
OBL02320,BBB,industrials,north,2568835.258271753,3.9426678669725383,0,0.005,0.55,7064.296960247321,0.08447182664573137,216994.2066181741,2712427.582727176
OBL02321,B,energy,east,4990024.907875188,1.3156152728540866,1,0.054,0.39999999999999997,107784.53801010404,0.09933880757353565,495703.12411056325,6196289.051382041
OBL02322,B,financials,east,402203.4008671697,3.538078859800473,1,0.0405,0.35,5701.233207292131,0.09500885964242818,38212.88646069621,477661.0807587026
OBL02323,A,industrials,north,4919318.865501813,1.626333989061246,1,0.002,0.35,3443.523205851269,0.022285880676688075,109631.35324715395,1370391.9155894243
OBL02324,CCC,financials,north,1135738.4311826273,4.089519998083388,0,0.108,0.55,67462.86281224806,0.21203001235419128,240810.6335947823,3010132.9199347785
OBL02325,A,energy,south,443767.7717244478,4.5175385725797135,0,0.0024,0.6000000000000001,639.0255912832049,0.07264530341297183,32237.644421820933,402970.5552727617
OBL02326,CCC,industrials,east,1114311.0883737565,2.422312140747502,0,0.12,0.55,73544.53183266793,0.20069970937321094,223641.9115879593,2795523.8948494913
OBL02327,A,energy,west,2627590.2507355455,4.1847485867878556,0,0.0024,0.6000000000000001,3783.729961059186,0.06918101362850551,181779.356946264,2272241.9618283
OBL02328,BBB,financials,north,2290659.06379517,2.9659727812372423,1,0.0045000000000000005,0.35,3607.7880254773927,0.04456729928125281,102088.4880474737,1276106.1005934211
OBL02329,CCC,financials,east,2326711.252085848,4.363974305722953,1,0.108,0.35,87949.68532884505,0.13688886333598238,318500.85860907205,3981260.7326134006
OBL02330,BB,consumer,north,3226856.531944991,4.770466534880172,0,0.01575,0.55,27952.644707973486,0.13325329445625175,429989.26361934526,5374865.795241816
OBL02331,BB,consumer,west,2744412.6983949286,1.9226354050761079,1,0.01575,0.35,15128.574999902045,0.06207569853336608,170361.3353167053,2129516.6914588166
OBL02332,BBB,healthcare,east,1898179.43189956,4.75879911198636,0,0.004,0.55,4175.994750179032,0.0858734656398171,163003.2462234344,2037540.57779293
OBL02333,BBB,industrials,east,561500.8172405808,2.362559772950955,0,0.005,0.55,1544.1272474115974,0.06650174348469709,37340.78331458088,466759.79143226106
OBL02334,CCC,industrials,west,840504.3495356664,3.25178943307391,1,0.12,0.35,35301.18268049799,0.13357703687671313,112272.08049296349,1403401.0061620437
OBL02335,B,healthcare,west,3236385.5959398896,3.31588878376662,1,0.036,0.35,40778.4585088426,0.09037364697323297,292483.9693167278,3656049.6164590972
OBL02336,BB,healthcare,east,1991677.3827919185,1.9399452616920079,0,0.012,0.55,13145.070726426664,0.08913368994563585,177525.55430951033,2219069.428868879
OBL02337,BBB,real_estate,south,3092580.913187893,4.7733879458729715,1,0.00625,0.3,5798.589212227299,0.05559093881863919,171919.4763367195,2148993.454208994
OBL02338,BB,industrials,east,354719.2371646023,4.171010339124786,0,0.015,0.55,2926.4337066079693,0.12420985476092203,44059.62492912031,550745.311614004
OBL02339,A,technology,west,5613513.930508813,2.991278310979551,1,0.0017,0.35,3340.0407886527432,0.027661252184121306,155276.82447088227,1940960.3058860283
OBL02340,A,consumer,north,7154556.179254758,1.5711639005756806,1,0.0021000000000000003,0.35,5258.598791752248,0.022621799112166534,161848.9326238109,2023111.6577976362
OBL02341,A,industrials,west,2920161.01720393,3.043413493023418,1,0.002,0.35,2044.112712042751,0.0304384072407767,88885.05025029395,1111063.1281286743
OBL02342,BB,energy,south,1392435.9898441918,1.775206334416509,1,0.018,0.39999999999999997,10025.53912687818,0.07267685471800298,101197.86813802499,1264973.3517253124
OBL02343,A,energy,south,2977722.208135454,3.118328728879316,1,0.0024,0.39999999999999997,2858.613319810035,0.03871983723068105,115296.91921718894,1441211.4902148617
OBL02344,BB,consumer,north,2103679.2737290817,4.011153339593821,1,0.01575,0.35,11596.531996431562,0.07873925555476999,165642.13993942708,2070526.7492428385
OBL02345,A,consumer,west,1874150.2877486167,2.2791359379906764,0,0.0021000000000000003,0.55,2164.6435823496527,0.04204441772681508,78797.55758093353,984969.469761669
OBL02346,B,consumer,south,3665337.416132225,4.940579759485351,1,0.04725,0.35,60615.51751928667,0.10975432136684589,402286.6206881008,5028582.75860126
OBL02347,BBB,healthcare,south,2644350.4377640183,4.139549629633741,1,0.004,0.35,3702.0906128696256,0.05036387134281809,133179.72523287171,1664746.5654108964
OBL02348,BB,healthcare,west,3936923.919223436,4.2145505859749965,0,0.012,0.55,25983.69786687468,0.11760232975338006,462991.4249624839,5787392.812031049
OBL02349,B,industrials,west,1409974.723227394,3.577326927302055,1,0.045,0.35,22207.101890831458,0.09816363813432195,138408.24850943466,1730103.1063679333
OBL02350,BBB,real_estate,north,9537836.464563007,4.7265770629104935,0,0.00625,0.5,29805.7389517594,0.09214917807428835,878903.7908164574,10986297.385205718
OBL02351,BBB,financials,south,2622955.565914941,2.564141461173854,1,0.0045000000000000005,0.35,4131.155016316032,0.04171807475277874,109424.65637205658,1367808.204650707
OBL02352,A,healthcare,south,618758.5356768364,2.892504108885252,0,0.0016,0.55,544.5075113956161,0.04124869325144878,25522.98103484945,319037.2629356181
OBL02353,BBB,industrials,east,7946681.279007905,4.282782734405982,1,0.005,0.35,13906.692238263833,0.05621626715167987,446732.75774996146,5584159.471874518
OBL02354,BBB,consumer,south,1729464.161150751,2.4061420865818746,1,0.00525,0.35,3177.8903961145047,0.04359184437892363,75390.53257180924,942381.6571476154
OBL02355,CCC,real_estate,west,8680585.613268994,2.977608119428628,1,0.15,0.3,390626.35259710473,0.12094335986515875,1049859.1896659117,13123239.870823897
OBL02356,CCC,industrials,east,5782220.216119487,4.864285802802877,0,0.12,0.55,381626.53426388616,0.22780521933830677,1317219.9445954913,16465249.307443641
OBL02357,A,healthcare,east,2755419.2470603627,4.580749052448426,1,0.0016,0.35,1543.034778353803,0.035298974230885564,97263.47299726986,1215793.4124658732
OBL02358,A,real_estate,east,151215.5765623686,3.540617694592879,1,0.0025,0.3,113.41168242177645,0.031864380650131356,4818.390691812395,60229.88364765493
OBL02359,B,industrials,north,1960370.3074632885,4.524016151613427,1,0.045,0.35,30875.832342546793,0.10525734310032768,206343.37005635822,2579292.125704478
OBL02360,B,consumer,east,5077180.757186685,4.982033873516459,0,0.04725,0.55,131943.23492738898,0.17295778891733296,878137.9576966394,10976724.471207991
OBL02361,CCC,financials,north,11164220.294882994,3.543513274264681,0,0.108,0.55,663154.6855160499,0.20590047214827395,2298718.229883751,28733977.873546887
OBL02362,A,industrials,south,4608741.859951239,4.43658625597816,0,0.002,0.55,5069.616045946364,0.060426766987181364,278491.3704753424,3481142.13094178
OBL02363,BBB,healthcare,south,1810948.102295212,1.012698623199213,1,0.004,0.35,2535.327343213297,0.02873781186969355,52042.68586953835,650533.5733692293
OBL02364,CCC,technology,north,184541.95630760753,2.3597193244774517,0,0.102,0.55,10352.803748856782,0.1885970598074713,34804.070370733614,435050.87963417015
OBL02365,A,consumer,west,1381978.7878878154,2.770213623569526,1,0.0021000000000000003,0.35,1015.7544090975445,0.029622865354939073,40938.17155698266,511727.1444622833
OBL02366,BB,consumer,west,7701587.549134254,1.1286942484685922,1,0.01575,0.35,42455.001364602576,0.05574111863050121,429295.10521948355,5366188.815243544
OBL02367,BB,industrials,south,728858.7867135933,3.6791490017291917,1,0.015,0.35,3826.508630246364,0.07511593034666103,54748.905855330144,684361.3231916268
OBL02368,A,energy,west,1866040.9857887442,2.5925994720895695,0,0.0024,0.6000000000000001,2687.0990195357917,0.05260699953889251,98166.81727894298,1227085.2159867873
OBL02369,BBB,technology,north,204388.3996715286,4.517699179745443,0,0.00425,0.55,477.75788423219814,0.08534083272340261,17442.67622697188,218033.45283714848
OBL02370,BBB,financials,north,1713968.612220031,2.6629923014538597,1,0.0045000000000000005,0.35,2699.500564246549,0.04241898636599403,72704.8111935032,908810.1399187901
OBL02371,B,industrials,south,804029.7863160843,1.5491318518104107,0,0.045,0.55,19899.73721132309,0.13037518066631196,104825.5286520557,1310319.1081506961
OBL02372,BB,industrials,north,490965.22622080235,4.348481551422637,0,0.015,0.55,4050.4631163216195,0.12643627988959283,62075.81675851063,775947.7094813829
OBL02373,B,real_estate,west,1694193.7981102671,1.0766754523830477,0,0.056249999999999994,0.5,47649.20057185126,0.12362149420955953,209438.76880296005,2617984.610037001
OBL02374,BBB,healthcare,south,793303.9299556596,4.025787013693188,1,0.004,0.35,1110.6255019379234,0.049577061516227094,39329.67773647644,491620.9717059555
OBL02375,BB,consumer,north,2531421.7972874274,4.055283467237479,1,0.01575,0.35,13954.462657546943,0.07909135446960251,200213.5786813382,2502669.7335167276
OBL02376,BB,real_estate,east,1930017.549783447,3.5661820837019245,0,0.01875,0.5,18093.914529219815,0.11233727357351897,216812.90949171587,2710161.3686464485
OBL02377,B,financials,east,2018469.6825095508,4.241260162232924,1,0.0405,0.35,28611.807749572883,0.10031364272119607,202480.04657482915,2531000.5821853643
OBL02378,BBB,technology,north,17604067.790805273,3.1583605840834874,0,0.00425,0.55,41149.508461007325,0.07037257563221391,1238843.592043065,15485544.900538312
OBL02379,BBB,healthcare,east,4650129.636623102,1.6703792338618717,1,0.004,0.35,6510.181491272343,0.033286490387231776,154786.49544883647,1934831.193110456
OBL02380,BB,energy,east,4872051.248106783,2.6909186791821056,1,0.018,0.39999999999999997,35078.768986368836,0.08099802377726482,394626.522838206,4932831.535477575
OBL02381,CCC,technology,south,1465877.3556791723,1.8148198802592597,0,0.102,0.55,82235.71965360157,0.18244909594065958,267447.99830354966,3343099.978794371
OBL02382,BBB,consumer,east,968883.4395605504,4.911917650752459,1,0.00525,0.35,1780.3233201925113,0.06188820174219689,59962.45377219697,749530.6721524621
OBL02383,B,technology,north,1040825.1018886528,1.4055867823166621,0,0.03825,0.55,21896.358080982533,0.12162571553222933,126591.09776111289,1582388.7220139112
OBL02384,BB,consumer,south,516637.804172067,4.135537686800278,1,0.01575,0.35,2847.9658954985193,0.07973167492928858,41192.39745842869,514904.9682303587
OBL02385,BB,consumer,north,23207561.54238537,3.978806823980659,1,0.01575,0.35,127931.68300239935,0.07848117397526556,1821356.6749496285,22766958.436870355
OBL02386,BBB,financials,south,2066029.7814098424,4.217886346761864,0,0.0045000000000000005,0.55,5113.423708989361,0.08398361030326425,173512.64003686243,2168908.00046078
OBL02387,BB,real_estate,east,2562640.6796977967,1.303616601711063,0,0.01875,0.5,24024.756372166845,0.08667683955069715,222121.5950202554,2776519.9377531926
OBL02388,BBB,consumer,west,2903257.920360193,1.4049137766566466,1,0.00525,0.35,5334.736428661855,0.036281201230130025,105333.68483155698,1316671.0603944622
OBL02389,BBB,consumer,west,2201647.1563116075,3.3904153991057426,0,0.00525,0.55,6357.256163849767,0.07979508060344453,175680.61229822916,2196007.6537278644
OBL02390,BBB,industrials,west,310483.8692746162,2.4587017298631624,0,0.005,0.55,853.8306405051945,0.06759513637820462,20987.199486850335,262339.9935856292
OBL02391,BB,energy,south,4297344.922431759,4.62974887100992,1,0.018,0.39999999999999997,30940.883441508657,0.09861636636664001,423788.5412743505,5297356.765929381
OBL02392,B,industrials,south,2163088.3391974075,3.9994770420305206,1,0.045,0.35,34068.641342359166,0.10132688145467084,219178.99572183652,2739737.4465229562
OBL02393,B,real_estate,north,995415.6898145699,4.158451467406027,1,0.056249999999999994,0.3,16797.639765620865,0.09373069393999714,93301.00336508059,1166262.5420635073
OBL02394,BB,energy,south,1847176.299841714,3.461058676595663,1,0.018,0.39999999999999997,13299.66935886034,0.08799636245251566,162544.79519456823,2031809.9399321028
OBL02395,B,technology,north,5280333.408337754,4.866339234639345,1,0.03825,0.35,70690.46350412168,0.10360876671583152,547088.8322862779,6838610.403578474
OBL02396,A,technology,west,7391177.367845873,2.8112626530554077,1,0.0017,0.35,4397.750533868294,0.026677118909921145,197175.31752634235,2464691.4690792793
OBL02397,A,consumer,north,4506629.918588691,1.8381203399998642,1,0.0021000000000000003,0.35,3312.3729901626884,0.024180516553572416,108972.63934725856,1362157.991840732
OBL02398,B,technology,north,1559407.855783663,2.3804484147077023,0,0.03825,0.55,32806.04276604881,0.13322800742591512,207756.80139037623,2596960.017379703
OBL02399,BB,consumer,west,5711969.937468867,2.023719911012593,0,0.01575,0.55,49479.939583324056,0.09881491178643818,564427.8054977729,7055347.5687221605
OBL02400,BB,financials,south,815892.8941399558,2.7072775979223302,1,0.0135,0.35,3855.093924811291,0.06523120518335154,53221.676785281976,665270.9598160246
OBL02401,A,industrials,north,1207871.7106451346,2.8621966165029558,0,0.002,0.55,1328.658881709648,0.04619349087813759,55795.81084764647,697447.6355955809
OBL02402,BB,consumer,west,3305658.3710478866,4.128750728830568,0,0.01575,0.55,28635.265639202316,0.125207537959467,413893.34597400815,5173666.824675102
OBL02403,BB,technology,east,4741436.317632842,4.629527674942146,1,0.01275,0.35,21158.659567436553,0.07940310599315917,376484.77048881486,4706059.631110186
OBL02404,BB,financials,north,12267777.970753249,1.6453980404270987,1,0.0135,0.35,57965.250911809104,0.05675423825159893,696248.3937698466,8703104.922123084
OBL02405,BB,real_estate,west,3292837.281827094,1.0515224549509967,0,0.01875,0.5,30870.349517129005,0.08381776419046304,275998.25880574866,3449978.2350718584
OBL02406,BB,industrials,north,3510573.760867934,2.3556181843920725,1,0.015,0.35,18430.512244556652,0.0645497117342545,226606.52428586283,2832581.553573285
OBL02407,CCC,consumer,west,4194979.045506886,1.1000580699270976,1,0.126,0.35,184998.5759068537,0.12059263263143565,505883.56693138246,6323544.586642281
OBL02408,B,energy,south,380068.322160752,2.8167109691401118,1,0.054,0.39999999999999997,8209.475758672243,0.11206558574388709,42592.57914564106,532407.2393205132
OBL02409,BB,industrials,east,2063995.190940822,4.500457973699454,1,0.015,0.35,10835.974752439315,0.08167273282718707,168572.1277863087,2107151.597328859
OBL02410,A,technology,south,4532922.601887697,1.5892325051061333,1,0.0017,0.35,2697.0889481231798,0.019996363777057075,90641.96932059046,1133024.6165073807
OBL02411,A,technology,east,257216.2582349895,2.1442250464077253,1,0.0017,0.35,153.04367364981874,0.0230304699938505,5923.811317211427,74047.64146514283
OBL02412,BBB,real_estate,north,1345429.4025590713,3.7020767655319338,1,0.00625,0.3,2522.680129798259,0.04869238396360223,65512.165065326255,818902.0633165782
OBL02413,BBB,real_estate,east,6002495.965682299,1.2271014739127155,1,0.00625,0.3,11254.67993565431,0.032755135172208995,196612.56672656286,2457657.084082036
OBL02414,A,energy,south,987888.9035461706,2.2217025738159912,1,0.0024,0.39999999999999997,948.3733474043236,0.03249734865012236,32103.770126127005,401297.12657658756
OBL02415,B,real_estate,north,2017407.5458786327,3.662667753511116,1,0.056249999999999994,0.3,34043.752336701924,0.09058431425815823,182745.47912264982,2284318.4890331225
OBL02416,BB,technology,north,2021795.6488904376,2.5669752855210355,1,0.01275,0.35,9022.263083173577,0.06295115937820675,127274.38012346686,1590929.7515433358
OBL02417,A,technology,north,1425062.935501371,1.2851798159488461,0,0.0017,0.55,1332.433844693782,0.028810773431468685,41057.16536031367,513214.5670039209
OBL02418,CCC,industrials,south,725835.1029338584,4.16389858163137,0,0.12,0.55,47905.116793634654,0.22003103524374482,159706.24911478694,1996328.1139348368
OBL02419,B,energy,west,5980591.011971803,1.9076324783482028,1,0.054,0.39999999999999997,129180.76585859094,0.10435812224214512,624123.2479076278,7801540.598845348
OBL02420,B,financials,west,774067.3998737735,4.078565206378073,1,0.0405,0.35,10972.405393210738,0.09908627583041812,76699.45589522728,958743.198690341
OBL02421,A,healthcare,south,2350276.679206573,1.929499290465806,1,0.0016,0.35,1316.1549403556808,0.02108699891308465,49560.2817798772,619503.522248465
OBL02422,BBB,industrials,north,3198517.924955361,1.7568623987443845,0,0.005,0.55,8795.924293627244,0.059613333618249366,190674.31614431462,2383428.951803933
OBL02423,A,financials,south,427487.5936127921,3.050233278562914,1,0.0018000000000000002,0.35,269.317183976059,0.028842284111323717,12329.718629046243,154121.48286307804
OBL02424,A,technology,south,3018362.182608347,3.4940094948559026,1,0.0017,0.35,1795.925498651966,0.030409649138786448,91787.3349469015,1147341.6868362688
OBL02425,BBB,financials,east,525575.0659103711,2.7782894070505892,1,0.0045000000000000005,0.35,827.7807288088345,0.043236511842296994,22724.032561249784,284050.4070156223
OBL02426,B,financials,south,7953270.610104137,3.3567926571168476,0,0.0405,0.55,177159.10284006968,0.1471505212983507,1170327.9163036756,14629098.953795945
OBL02427,BB,real_estate,south,324192.89637834334,3.3462124916151454,0,0.01875,0.5,3039.3084035469687,0.10984253242693208,35610.16873301921,445127.10916274006
OBL02428,BB,real_estate,south,923910.9564020953,3.3730667918916057,1,0.01875,0.3,5196.999129761785,0.06608825706246273,61059.664789527465,763245.8098690934
OBL02429,CCC,healthcare,west,342055.23876143195,2.6510582917537433,1,0.096,0.35,11493.056022384113,0.11942478369496203,40849.8729008126,510623.41126015753
OBL02430,B,technology,north,2332070.9259822792,1.7700341408630176,1,0.03825,0.35,31220.59952158776,0.08015838527670877,186935.03977749852,2336687.9972187313
OBL02431,B,technology,north,793758.0377987078,3.344798938681958,1,0.03825,0.35,10626.4357310302,0.09208512830341674,73093.31075256232,913666.384407029
OBL02432,BBB,energy,north,664951.2085156939,1.3932005573338335,1,0.006,0.39999999999999997,1595.8829004376653,0.044213751854998054,29399.987728993958,367499.8466124245
OBL02433,BBB,technology,east,3503521.0285322834,2.1267458794861533,0,0.00425,0.55,8189.480404194213,0.0590130260933854,206753.3778755001,2584417.223443751
OBL02434,BBB,consumer,east,4085199.2428198145,1.674347655793941,1,0.00525,0.35,7506.553608681409,0.03824851969590039,156252.82370067103,1953160.2962583879
OBL02435,A,financials,south,272565.47339592874,1.733202370461044,1,0.0018000000000000002,0.35,171.71624823943512,0.02150970028320064,5862.801640295125,73285.02050368907
OBL02436,CCC,industrials,south,912748.2639527409,3.1057425606513562,1,0.12,0.35,38335.427086015115,0.13254543001329297,120980.61113950268,1512257.6392437834
OBL02437,BBB,healthcare,west,8881953.333647547,1.5843377693839638,1,0.004,0.35,12434.734667106566,0.032691406763443856,290363.54928419815,3629544.3660524767
OBL02438,B,energy,west,337615.12213070795,4.406813337111631,1,0.054,0.39999999999999997,7292.486638023291,0.12554699146331835,42386.562856031174,529832.0357003896
OBL02439,BB,consumer,south,10776024.453814734,3.709088766825171,1,0.01575,0.35,59402.83480165372,0.07632918755904615,822525.1916760927,10281564.89595116
OBL02440,B,industrials,south,2059059.4174302225,4.051284579452807,0,0.045,0.55,50961.72058139801,0.15983798950633926,329115.9175561409,4113948.9694517613
OBL02441,B,financials,west,1283431.3074278862,3.0999949302537093,1,0.0405,0.35,18192.638782790287,0.09170396486137981,117695.73951836163,1471196.7439795204
OBL02442,BB,consumer,south,2793423.64444171,1.931640013120195,1,0.01575,0.35,15398.747839984926,0.06214754316400971,173604.41651830648,2170055.206478831
OBL02443,BBB,technology,north,407820.0252299754,4.607271780898635,1,0.00425,0.35,606.6322875295884,0.05493546217163079,22403.78156885483,280047.26961068535
OBL02444,BB,technology,south,2796228.6368615157,3.8518666861611823,1,0.01275,0.35,12478.170291994513,0.07320009406600693,204684.19924832528,2558552.490604066
OBL02445,BB,technology,south,4752939.326980914,1.3491322533690542,0,0.01275,0.55,33329.98703045366,0.0836581993024761,397622.34548914596,4970279.318614325
OBL02446,BB,industrials,south,1193601.7149098986,2.854858005993005,0,0.015,0.55,9847.214148006664,0.10769836205344376,128548.94963997761,1606861.87049972
OBL02447,A,healthcare,west,5617413.058717455,1.6411236616670801,0,0.0016,0.55,4943.323491671361,0.030707547652617632,172496.9791850028,2156212.239812535
OBL02448,B,financials,east,4763899.821605595,3.5807343883397067,0,0.0405,0.55,106115.86852626465,0.1498053101893985,713657.4904868463,8920718.631085578
OBL02449,B,industrials,north,2679976.422925406,2.8080662540480157,1,0.045,0.35,42209.62866107515,0.09239943577743502,247628.3093751361,3095353.867189201
OBL02450,BBB,real_estate,south,1517747.5191490983,1.168121547782087,1,0.00625,0.3,2845.776598404559,0.032375342388165945,49137.59559124151,614219.9448905189
OBL02451,BB,technology,west,323602.92604413413,1.5682752700145448,1,0.01275,0.35,1444.0780574719483,0.05498502992436223,17793.316572147894,222416.45715184868
OBL02452,B,technology,east,1691676.517069449,4.994724717092958,0,0.03825,0.55,35588.644727848536,0.1643417529496004,278013.08423886786,3475163.5529858484
OBL02453,A,energy,east,233084.9576360202,1.7164872528980069,0,0.0024,0.6000000000000001,335.6423389958691,0.043486813413791556,10136.12206227912,126701.52577848901
OBL02454,BB,industrials,west,6681344.19630536,3.6662853027683098,0,0.015,0.55,55121.08961951922,0.11787794047767831,787583.0934829647,9844788.668537058
OBL02455,B,consumer,south,4378333.032289603,4.76277022181649,1,0.04725,0.35,72406.6825214893,0.10842581005848416,474724.3057318195,5934053.821647744
OBL02456,BB,real_estate,east,847000.4474149036,3.8242132582914494,1,0.01875,0.3,4764.377516708832,0.06915820952867713,58577.034413203175,732212.9301650397
OBL02457,BB,industrials,west,20514501.87138596,1.3670637024737289,1,0.015,0.35,107701.1348247763,0.056657728692077275,1162305.0812820974,14528813.516026217
OBL02458,B,energy,east,384275.7732532832,2.007587177392082,1,0.054,0.39999999999999997,8300.356702270916,0.10520557073257987,40427.95204381511,505349.4005476888
OBL02459,BBB,energy,south,664400.3505202901,4.754514815805022,0,0.006,0.6000000000000001,2391.841261873045,0.10934227033625346,72647.04273809111,908088.034226139
OBL02460,B,real_estate,west,4166554.0405952,4.3194735556521096,0,0.056249999999999994,0.5,117184.33239173998,0.1579209739305166,657986.2720249231,8224828.400311539
OBL02461,CCC,healthcare,north,2085539.775932029,3.517512325816944,0,0.096,0.55,110116.50016921114,0.19748878364789388,411870.7135981175,5148383.919976469
OBL02462,BBB,consumer,south,1833001.3885689592,3.8200099809386177,1,0.00525,0.35,3368.1400514954626,0.05391544743001021,98827.09000452544,1235338.625056568
OBL02463,BB,energy,south,150721.34576376295,1.8156010532975722,1,0.018,0.39999999999999997,1085.1936894990931,0.07304392554197087,11009.278757553946,137615.98446942432
OBL02464,CCC,financials,south,695665.6015024737,4.462051142333235,0,0.108,0.55,41322.53672924694,0.21621209386898604,150411.31633347747,1880141.4541684685
OBL02465,B,real_estate,east,1841212.1739300294,3.263344753297746,0,0.056249999999999994,0.5,51784.09239178207,0.14675016795201487,270198.1957595262,3377477.446994078
OBL02466,A,real_estate,west,894480.4474300424,1.5622459485388904,1,0.0025,0.3,670.8603355725319,0.021447014491953343,19183.93511880103,239799.18898501288
OBL02467,BB,consumer,east,1964828.000480898,1.4811650022291096,1,0.01575,0.35,10831.11435265095,0.058553359984330866,115047.28121945103,1438091.015243138
OBL02468,B,financials,north,516321.57941944594,4.043487140542521,0,0.0405,0.55,11501.06318156816,0.1552911607235592,80180.17737466711,1002252.2171833388
OBL02469,BBB,consumer,south,2463704.173369676,2.6602505165653434,1,0.00525,0.35,4527.056418566779,0.04544726140448504,111968.60759045239,1399607.594880655
OBL02470,B,consumer,south,701663.1090060103,4.0072429354773185,1,0.04725,0.35,11603.753665186896,0.10278085671775437,72117.53547088082,901469.1933860102
OBL02471,B,industrials,west,7245079.808304967,4.133126711189239,1,0.045,0.35,114110.00698080324,0.10232834138203596,741376.9999643264,9267212.499554079
OBL02472,B,industrials,east,424143.38664727524,1.375583828854975,1,0.045,0.35,6680.258339694585,0.08166559891486865,34637.923696330436,432974.04620413046
OBL02473,BBB,real_estate,west,4528721.25859562,4.634032256787023,0,0.00625,0.5,14152.253933111315,0.09115596304130374,412819.94767290895,5160249.345911362
OBL02474,B,consumer,north,864374.6533382201,1.3939169626306334,0,0.04725,0.55,22462.936303626997,0.13082973156077796,113085.90386417984,1413573.798302248
OBL02475,BB,energy,west,1578249.8926495905,2.6242332939370074,0,0.018,0.6000000000000001,17045.098840615578,0.12058807058383016,190318.10945375118,2378976.36817189
OBL02476,BB,financials,east,8817388.738765249,2.2763859965552133,1,0.0135,0.35,41662.1617906658,0.06179140466155331,544838.8356152667,6810485.445190834
OBL02477,B,financials,west,2735747.787311485,4.194459549264425,0,0.0405,0.55,60938.78196236334,0.15708091143835906,429733.7558963621,5371671.948704527
OBL02478,BB,healthcare,south,806673.5186341002,4.868900645203308,0,0.012,0.55,5324.045222985062,0.1257920829142802,101473.1421407749,1268414.2767596862
OBL02479,A,consumer,south,15293872.721196273,2.8806223865498337,1,0.0021000000000000003,0.35,11240.996450079263,0.03026752507887253,462907.6761418927,5786345.951773658
OBL02480,BB,real_estate,south,348490.3590520487,4.018994426046913,0,0.01875,0.5,3267.0971161129564,0.11747275421615609,40938.1222956213,511726.5286952663
OBL02481,A,financials,east,907356.463240944,2.35474249701489,1,0.0018000000000000002,0.35,571.6345718417947,0.024970131661433557,22656.810350979067,283210.12938723835
OBL02482,BB,energy,north,482314.51721928484,4.455796893336341,1,0.018,0.39999999999999997,3472.6645239788504,0.09703564746218392,46801.70145878396,585021.2682347995
OBL02483,BBB,financials,south,7550783.713688361,2.1270492958429448,1,0.0045000000000000005,0.35,11892.48434905917,0.03861882973009556,291602.43056770944,3645030.382096368
OBL02484,BBB,industrials,south,1428069.945735352,3.918414195612208,0,0.005,0.55,3927.1923507722186,0.08419599710409775,120237.77301558274,1502972.1626947843
OBL02485,BB,consumer,east,1564214.4210120798,3.7232130737919364,1,0.01575,0.35,8622.73199582909,0.07644188048384158,119571.49182210687,1494643.6477763357
OBL02486,BBB,technology,north,6239049.796327608,3.4841994122124604,0,0.00425,0.55,14583.778898915783,0.07396052595253204,461443.40438042773,5768042.554755347
OBL02487,BBB,consumer,north,648011.3579547683,4.814808070278439,1,0.00525,0.35,1190.7208702418868,0.06117913920157854,39644.777072518715,495559.71340648393
OBL02488,BBB,healthcare,south,2470007.809615867,3.1978578321670077,1,0.004,0.35,3458.010933462214,0.04385090261630657,108312.0719209821,1353900.8990122762
OBL02489,CCC,healthcare,east,5439804.559497939,2.6068598979266597,0,0.096,0.55,287221.68074149126,0.1871665279340252,1018149.3320409086,12726866.650511358
OBL02490,B,technology,west,905144.1429991525,1.999090602854051,1,0.03825,0.35,12117.617214401153,0.08189318247598427,74125.13446969801,926564.1808712251
OBL02491,BB,technology,east,7167935.839397177,1.7239173999588773,1,0.01275,0.35,31986.9136833099,0.05622650918375711,403028.0103024471,5037850.1287805885
OBL02492,BB,financials,east,536735.314322212,1.3824379600900714,0,0.0135,0.55,3985.259708842424,0.08588647930132322,46098.30646382387,576228.8307977983
OBL02493,BB,financials,east,1095543.9959127898,4.797875154618492,1,0.0135,0.35,5176.445380687932,0.08192041087586792,89747.4142777659,1121842.6784720737
OBL02494,BB,industrials,east,6325735.364863839,3.573651839424869,0,0.015,0.55,52187.316760126676,0.11671582822367788,738313.4422338922,9228918.027923651
OBL02495,CCC,energy,east,5015119.070153424,3.325073519751257,0,0.144,0.6000000000000001,433306.2876612558,0.24313124381374016,1219332.13740041,15241651.717505123
OBL02496,BB,technology,east,630411.1447531035,4.510163013818208,1,0.01275,0.35,2813.209733460724,0.07845099391949974,49456.38088381059,618204.7610476324
OBL02497,BB,financials,west,3142103.130990482,3.1021396423914305,1,0.0135,0.35,14846.437293930026,0.06838338234877724,214867.6397858122,2685845.4973226525
OBL02498,BBB,healthcare,south,1900950.8039163072,3.47409846207427,1,0.004,0.35,2661.33112548283,0.04576144977028813,86990.26472920492,1087378.3091150615
OBL02499,BB,energy,west,1106754.2139697773,1.446681958564997,0,0.018,0.6000000000000001,11952.945510873597,0.10453728161019521,115697.07693902886,1446213.4617378607
OBL02500,BBB,financials,west,688176.8067537971,1.8105298864674646,1,0.0045000000000000005,0.35,1083.8784706372305,0.03637451770188312,25032.099439291393,312901.2429911424
OBL02501,CCC,industrials,north,6271149.289660754,1.7314429585965105,0,0.12,0.55,413895.85311760975,0.19303117396173167,1210527.309472495,15131591.368406188
OBL02502,BB,financials,south,7462715.44676268,2.366185855094458,1,0.0135,0.35,35261.330485953666,0.06250827544594702,466481.47272096516,5831018.409012064
OBL02503,BB,consumer,east,2383768.831284888,3.1252798202107175,1,0.01575,0.35,13140.525682457946,0.07167117935584526,170847.52344989285,2135594.0431236606
OBL02504,B,energy,south,2344154.435645085,3.4963095262681265,1,0.054,0.39999999999999997,50633.73580993382,0.11782744363399934,276205.72463536076,3452571.5579420095
OBL02505,BB,financials,east,1272457.287977531,1.5017874353518437,1,0.0135,0.35,6012.360685693834,0.05560779716825847,70758.5467751268,884481.834689085
OBL02506,BB,healthcare,north,2081501.6564487698,3.3041498159988345,0,0.012,0.55,13737.910932561883,0.10620788196744856,221071.8822431596,2763398.528039495
OBL02507,BBB,energy,north,2213340.567514917,1.8996724120378734,0,0.006,0.6000000000000001,7968.026043053703,0.07280298837752386,161137.80761229055,2014222.5951536319
OBL02508,BBB,energy,west,383753.3150104742,4.090710097278986,1,0.006,0.39999999999999997,921.0079560251379,0.06723079861885349,25800.041840786635,322500.52300983295
OBL02509,BB,financials,south,20222157.057613507,1.496300930652533,1,0.0135,0.35,95549.69209722381,0.05556399849205392,1123623.9042553145,14045298.80319143
OBL02510,BBB,healthcare,east,5655131.842644283,2.11031172675942,0,0.004,0.55,12441.290053817422,0.05708869593848763,322844.10225677874,4035551.2782097342
OBL02511,BBB,technology,north,5398092.772196602,3.8286309214532035,1,0.00425,0.35,8029.662998642446,0.049479314318714246,267093.9289970952,3338674.1124636903
OBL02512,CCC,industrials,north,2201938.2544773584,4.512707865104977,1,0.12,0.35,92481.40668804904,0.14248357549078758,313740.0355078777,3921750.443848471
OBL02513,BBB,healthcare,north,3421872.1358165843,3.7192123934101473,0,0.004,0.55,7528.118698796486,0.0745748412077385,255185.57116170676,3189819.6395213343
OBL02514,BBB,healthcare,east,1838062.608993619,4.978883405494052,0,0.004,0.55,4043.737739785962,0.08826542557092165,162237.37840882034,2027967.2301102541
OBL02515,A,healthcare,north,1017142.252279262,4.15567207269962,1,0.0016,0.35,569.5996612763867,0.03302035694217046,33586.40023122443,419830.00289030536
OBL02516,B,healthcare,south,1865591.2345154297,2.5356540520895217,0,0.036,0.55,36938.706443405514,0.1326895180067972,247544.40170555815,3094305.021319477
OBL02517,A,technology,east,8145869.960680141,2.677611834902353,0,0.0017,0.55,7616.388413235933,0.04077300706228214,332131.6134352433,4151645.1679405416
OBL02518,B,industrials,west,1046881.2417888648,3.8895169802826164,1,0.045,0.35,16488.37955817462,0.1005029318246845,105214.63407204734,1315182.9259005918
OBL02519,BB,healthcare,east,1963370.117077467,3.5793674487793687,0,0.012,0.55,12958.242772711284,0.10965246708853492,215288.3771454499,2691104.7143181236
OBL02520,B,real_estate,east,1201730.5976617693,3.882222176260199,1,0.056249999999999994,0.3,20279.203835542354,0.0919776669549796,110532.3766813428,1381654.708516785
OBL02521,BBB,real_estate,south,1394051.2716337645,4.044111455974388,0,0.00625,0.5,4356.410223855514,0.08482477891352339,118250.0909104502,1478126.1363806275
OBL02522,BBB,consumer,north,2080288.375972464,2.5825731819756372,0,0.00525,0.55,6006.83268562049,0.07052585068060759,146714.10737643763,1833926.3422054704
OBL02523,B,real_estate,north,1024912.0737802195,2.8482289035078927,1,0.056249999999999994,0.3,17295.391245041203,0.0854156615212239,87543.54278302689,1094294.284787836
OBL02524,CCC,healthcare,south,964494.3921028702,3.2434739192456807,1,0.096,0.35,32407.011574656437,0.12369798965148848,119306.0173332595,1491325.2166657439
OBL02525,A,industrials,south,3767421.2708246834,1.9594564348439385,0,0.002,0.55,4144.163397907152,0.038032264496741866,143283.56224265572,1791044.5280331965
OBL02526,BBB,industrials,south,3663781.40587854,1.98859250963842,0,0.005,0.55,10075.398866165986,0.06224872886711684,228065.7353629174,2850821.692036467
OBL02527,BB,real_estate,north,3805815.9032989494,3.062859686476644,1,0.01875,0.3,21407.71445605659,0.06397736594564775,243486.07676712284,3043575.9595890353
OBL02528,BBB,financials,west,10323758.809547083,4.4703799101922765,0,0.0045000000000000005,0.55,25551.30305362904,0.0867969867486831,896071.1565888586,11200889.457360731
OBL02529,BBB,consumer,north,1045506.6934186713,2.6533791630976413,0,0.00525,0.55,3018.9005772464134,0.07133828274347193,74584.65210529359,932308.1513161699
OBL02530,CCC,technology,south,2702939.266597049,2.3787521408493193,1,0.102,0.35,96494.93181751463,0.12015296510293012,324766.16737477476,4059577.0921846842
OBL02531,A,technology,south,3402043.1586076715,3.81353204687434,0,0.0017,0.55,3180.910353298173,0.05053157536336467,171910.60025860273,2148882.503232534
OBL02532,BBB,technology,north,3533269.118573138,3.41125511230185,0,0.00425,0.55,8259.016564664711,0.07315730515244354,258484.44709316027,3231055.5886645033
OBL02533,BB,energy,east,2305586.152566674,2.2510981071988057,1,0.018,0.39999999999999997,16600.220298480053,0.07700133054042622,177533.20142321606,2219165.0177902007
OBL02534,BB,real_estate,east,175802.7628434887,2.37223575834199,0,0.01875,0.5,1648.1509016577063,0.09879637004937827,17368.674813588397,217108.43516985496
OBL02535,BBB,consumer,east,10391562.282628186,1.039039402090292,0,0.00525,0.55,30005.63609108889,0.052815251759136976,548832.9781277598,6860412.226596997
OBL02536,BB,industrials,north,737013.6887194158,4.0583292335242405,0,0.015,0.55,6080.36293193518,0.12279623932556673,90502.50930620813,1131281.3663276017
OBL02537,BB,energy,west,6921872.559381426,2.3885464067578335,1,0.018,0.39999999999999997,49837.48242754626,0.07825033689496161,541638.8597155868,6770485.746444834
OBL02538,BB,energy,north,1796916.1851792363,1.103209219517172,0,0.018,0.6000000000000001,19406.694799935754,0.09985552525100312,179432.00950310144,2242900.118788768
OBL02539,BBB,financials,west,3039656.595110315,2.4147947509273537,1,0.0045000000000000005,0.35,4787.459137298746,0.04065911720309319,123589.75375774548,1544871.9219718184
OBL02540,BBB,energy,south,6799970.027166133,1.1271789954692406,0,0.006,0.6000000000000001,24479.892097798085,0.06291580345900888,427825.57775633567,5347819.721954196
OBL02541,B,real_estate,north,642883.0387449933,3.1648879013334392,1,0.056249999999999994,0.3,10848.65127882176,0.0874252665342699,56204.221012642396,702552.7626580299
OBL02542,BB,technology,south,991576.8270782449,1.4658550770327965,1,0.01275,0.35,4424.9115908366675,0.0541680753801425,53711.80831437689,671397.6039297112
OBL02543,BB,financials,east,3599524.7974640713,1.2798529331209534,1,0.0135,0.35,17007.754668017737,0.05383609771030493,193784.3687069413,2422304.6088367663
OBL02544,B,real_estate,south,531380.0569230008,3.1219698461328576,0,0.056249999999999994,0.5,14945.064100959396,0.14525482793794925,77185.51873800816,964818.984225102
OBL02545,B,real_estate,east,928063.562815336,2.058042681069428,0,0.056249999999999994,0.5,26101.787704181323,0.134001537705085,124361.94450531476,1554524.3063164346
OBL02546,BB,technology,west,2049160.4086654491,2.4755146806444674,1,0.01275,0.35,9144.378323669565,0.06222162397512162,127502.08841268813,1593776.1051586017
OBL02547,CCC,financials,south,5199291.049045202,3.231474132048109,1,0.108,0.35,196533.20165390865,0.12879839729416714,669660.354182931,8370754.427286638
OBL02548,BB,healthcare,west,2307096.9225133862,1.224271938173759,0,0.012,0.55,15226.83968858835,0.08017642344768872,184974.77979429273,2312184.747428659
OBL02549,B,financials,north,635988.2286528668,4.545621935951878,0,0.0405,0.55,14166.63779324261,0.16124387828710554,102549.2085329347,1281865.1066616839
OBL02550,BBB,industrials,west,3324918.766589719,2.5018089714569802,1,0.005,0.35,5818.607841532007,0.04332706112823677,144058.95864645435,1800736.9830806793
OBL02551,BBB,real_estate,south,552609.6504153453,1.1501335838076239,1,0.00625,0.3,1036.1430945287725,0.032259511471355425,17826.917356755544,222836.4669594443
OBL02552,BB,technology,south,1294451.4822624356,2.666946924156364,1,0.01275,0.35,5776.489739596118,0.06374858303167301,82519.44779747908,1031493.0974684885
OBL02553,B,financials,east,1262857.7281778653,2.4523311596874313,1,0.0405,0.35,17901.00829692124,0.08681800472713545,109638.78821464545,1370484.852683068
OBL02554,BBB,technology,south,3659961.5494350875,2.1111479373917685,1,0.00425,0.35,5444.192804784693,0.03744444486351809,137045.22844041837,1713065.3555052297
OBL02555,BB,industrials,south,4235953.497674865,1.270630121356267,0,0.015,0.55,34946.616355817634,0.08782378788320276,372017.48146290815,4650218.518286352
OBL02556,B,healthcare,south,6209987.899167586,1.0193238605131243,0,0.036,0.55,122957.76040351822,0.11456469262189316,711445.3548538105,8893066.935672631
OBL02557,A,energy,north,1230462.3100416576,4.533466629566638,1,0.0024,0.39999999999999997,1181.243817639991,0.048540741268797975,59727.55263273958,746594.4079092448
OBL02558,BB,industrials,south,1491587.1352072798,2.4961296233933745,1,0.015,0.35,7830.832459838218,0.06567146467161238,97954.71185439639,1224433.8981799548
OBL02559,CCC,financials,north,2286617.52532816,2.65523745834094,0,0.108,0.55,135825.0810044927,0.1959285760339388,448013.7156717953,5600171.445897441
OBL02560,A,technology,south,880210.6972553264,3.0476030733383017,1,0.0017,0.35,523.7253648669192,0.027969175802754646,24618.76773499947,307734.5966874934
OBL02561,BB,industrials,south,5398364.551735035,3.1744745681457887,0,0.015,0.55,44536.507551814044,0.11170803965863213,603040.7214369712,7538009.01796214
OBL02562,B,healthcare,west,9079037.827539831,2.865783471676171,1,0.036,0.35,114395.87662700187,0.08694991670522133,789421.5828681419,9867769.785851775
OBL02563,BB,financials,south,1146421.5724061453,2.153545383627712,0,0.0135,0.55,8512.180175115629,0.0955597815570408,109551.79503141047,1369397.437892631
OBL02564,A,energy,east,1435415.366053719,3.026261819856255,1,0.0024,0.39999999999999997,1377.99875141157,0.038080902835550816,54661.913083348285,683273.9135418535
OBL02565,BBB,consumer,south,5923693.830900403,4.099387421440508,1,0.00525,0.35,10884.78741427949,0.05595537054353581,331462.4832944892,4143281.041181115
OBL02566,BBB,financials,east,965976.0523469587,3.3253138545053917,1,0.0045000000000000005,0.35,1521.4122824464598,0.04711524253237195,45512.195986790175,568902.4498348772
OBL02567,BB,industrials,north,5743958.55858922,4.576382620808353,1,0.015,0.35,30155.7824325934,0.08227886636704412,472606.3986600018,5907579.983250023
OBL02568,B,technology,west,1531526.5760247551,2.9811328622538524,1,0.03825,0.35,20503.312036531406,0.08933084280815012,136812.5598193718,1710156.9977421474
OBL02569,BBB,industrials,south,4426841.870537358,3.3349215505855607,1,0.005,0.35,7746.973273440376,0.04935643668474674,218493.14049656296,2731164.2562070373
OBL02570,B,real_estate,south,1363237.7407998168,4.683224344542213,1,0.056249999999999994,0.3,23004.636875996905,0.09706104681752516,132317.28218318825,1653966.027289853
OBL02571,A,financials,north,3986093.62583568,1.0011474363130168,0,0.0018000000000000002,0.55,3946.232689577324,0.027396248814266125,109204.0127703545,1365050.1596294313
OBL02572,BB,financials,north,1785843.3063668017,4.537911938586356,1,0.0135,0.35,8438.109622583139,0.07984512882507246,142590.88885825063,1782386.110728133
OBL02573,BBB,healthcare,east,2180808.5201066476,3.5453263555241237,1,0.004,0.35,3053.1319281493065,0.04625407914620725,100871.28989173599,1260891.1236466998
OBL02574,BB,healthcare,east,2351968.7336210846,4.332572645747252,0,0.012,0.55,15522.99364189916,0.11907947722734175,280071.20725465176,3500890.090683147
OBL02575,BB,industrials,north,561688.4717765879,1.3544069783448567,1,0.015,0.35,2948.864476827086,0.05655668554875881,31767.23827463137,397090.4784328921
OBL02576,BBB,real_estate,north,2459675.258713057,2.4515652175777913,1,0.00625,0.3,4611.891110086981,0.040639894016029174,99960.94182794777,1249511.7728493472
OBL02577,BBB,industrials,south,1756396.9463441689,2.0206451938231926,0,0.005,0.55,4830.091602446465,0.06261325418188109,109973.7284457272,1374671.6055715901
OBL02578,BBB,technology,south,20895834.457652673,2.5543891574640605,0,0.00425,0.55,48844.01304476312,0.06372198863481524,1331524.1258255243,16644051.572819054
OBL02579,BB,financials,east,1447427.8703449578,4.066562045291973,0,0.0135,0.55,10747.151937311311,0.11955797924473156,173051.55128094848,2163144.391011856
OBL02580,B,industrials,north,1658425.1167441546,2.469992816370079,1,0.045,0.35,26120.195588720435,0.08986619343967094,149036.35234653906,1862954.4043317384
OBL02581,BB,financials,north,1540661.4093879815,1.4944442578058417,0,0.0135,0.55,11439.410964705763,0.08729156339113506,134486.74308186647,1681084.2885233308
OBL02582,BBB,consumer,north,405698.13157290366,4.6184968792103795,0,0.00525,0.55,1171.4533549167595,0.09388616096751329,38089.440085073016,476118.0010634127
OBL02583,A,real_estate,south,1993854.1301834509,3.942042872695719,1,0.0025,0.3,1495.3905976375881,0.03397813559722359,67747.4459964576,846843.07495572
OBL02584,B,financials,east,1705038.6702724244,4.840935374428369,1,0.0405,0.35,24168.923151111616,0.10483757830851428,178752.12511373035,2234401.5639216295
OBL02585,BB,energy,north,1987605.5424512057,4.402690633276498,0,0.018,0.6000000000000001,21466.139858473023,0.1448295984008169,287864.112492446,3598301.4061555746
OBL02586,BBB,healthcare,south,4300917.80306385,4.6730694941981366,0,0.004,0.55,9462.01916674047,0.08494172349961221,365327.3708224091,4566592.135280114
OBL02587,BBB,financials,north,10744284.402152536,4.36388055230688,0,0.0045000000000000005,0.55,26592.103895327535,0.08561033160842411,919821.7505634974,11497771.882043717
OBL02588,BBB,real_estate,north,1992259.4888094387,4.311574344707974,1,0.00625,0.3,3735.4865415176973,0.05261715629970317,104827.02891225298,1310337.8614031621
OBL02589,BBB,consumer,north,1041296.5897358534,1.2194847700079499,0,0.00525,0.55,3006.743902862277,0.05488569270450082,57152.28463848671,714403.5579810839
OBL02590,B,financials,west,2037912.9832664377,3.90970062888694,0,0.0405,0.55,45394.51170225991,0.15370514572324728,313237.7120642654,3915471.4008033173
OBL02591,A,consumer,north,2171769.867752644,3.1444995309912596,0,0.0021000000000000003,0.55,2508.394197254304,0.04998441327346588,108554.64260460848,1356933.032557606
OBL02592,BB,financials,north,3595504.1302373353,3.408339775851447,1,0.0135,0.35,16988.75701537141,0.07082777294610772,254661.5501632425,3183269.3770405315
OBL02593,BB,healthcare,west,4217741.517717389,2.4548525175787037,1,0.012,0.35,17714.514374413033,0.06082248876051685,256533.5360561312,3206669.20070164
OBL02594,BB,healthcare,west,1365918.0530275963,1.1649126098526272,0,0.012,0.55,9015.059149982137,0.07943349045656128,108499.63862961234,1356245.4828701543
OBL02595,A,financials,west,976399.3006542459,2.957314345726765,0,0.0018000000000000002,0.55,966.6353076477036,0.044510646631923785,43460.16424307865,543252.0530384831
OBL02596,B,healthcare,west,730979.7691778353,3.2792172575296634,0,0.036,0.55,14473.399429721141,0.1415773930462247,103490.210089729,1293627.6261216125
OBL02597,BB,financials,south,13708514.382003427,3.1444058923887224,1,0.0135,0.35,64772.73045496619,0.0687207931229345,942059.9808684298,11775749.760855371
OBL02598,CCC,financials,east,647685.0721891058,4.111975652603467,1,0.108,0.35,24482.4957287482,0.1350886105916223,87494.87650296089,1093685.956287011
OBL02599,CCC,industrials,north,2844225.576780775,1.737454527951308,0,0.12,0.55,187718.88806753117,0.19309790140256541,549213.9899918688,6865174.874898361
OBL02600,BBB,consumer,east,5766610.716331164,2.052222700269682,1,0.00525,0.35,10596.147191258515,0.04100764024574077,236475.0976925419,2955938.7211567736
OBL02601,CCC,technology,north,1663434.858422144,2.377369815472613,0,0.102,0.55,93318.6955574823,0.18879620587381649,314050.1899883499,3925627.3748543737
OBL02602,BBB,industrials,north,2021498.69087791,2.4245661648183834,1,0.005,0.35,3537.6227090363423,0.0427680419729263,86455.54085968202,1080694.2607460252
OBL02603,A,energy,east,5610864.299532782,4.748386462620756,1,0.0024,0.39999999999999997,5386.42972755147,0.050032261674892296,280724.23085653543,3509052.885706693
OBL02604,BB,real_estate,north,1616166.228362607,4.694583197627696,0,0.01875,0.5,15151.558390899441,0.12513480918768952,202238.65260174268,2527983.1575217834
OBL02605,B,energy,west,1481465.3815298409,2.1290781605907596,0,0.054,0.6000000000000001,47999.47836156685,0.15935341628060207,236076.5696482257,2950957.1206028215
OBL02606,BB,healthcare,west,635685.2169598559,1.8197895787899903,1,0.012,0.35,2669.8779112313946,0.055764442583278805,35448.631782197015,443107.8972774627
OBL02607,BB,healthcare,north,986350.6066917514,4.312321137538557,1,0.012,0.35,4142.672548105355,0.07561655322040711,74584.43314488766,932305.4143110957
OBL02608,B,consumer,south,2833952.8646363537,1.0958858909463234,1,0.04725,0.35,46866.4954989237,0.08102853225279179,229631.04109507846,2870388.0136884805
OBL02609,BBB,energy,west,1066473.4221218568,2.5652137340342884,1,0.006,0.39999999999999997,2559.5362130924564,0.05421419177800853,57817.99463306339,722724.9329132924
OBL02610,BBB,real_estate,east,788143.1192708012,4.448351482400725,0,0.00625,0.5,2462.947247721254,0.08916318846883724,70273.35348395971,878416.9185494964
OBL02611,BBB,healthcare,west,911881.1945151337,3.91556480371334,0,0.004,0.55,2006.1386279332944,0.0767088739927933,69949.37964645923,874367.2455807404
OBL02612,BB,real_estate,south,865217.7206687733,1.5153981074224956,1,0.01875,0.3,4866.84967876185,0.05344723029170046,46243.49076904409,578043.6346130511
OBL02613,BB,real_estate,west,1290767.6306401198,2.5952703324826074,0,0.01875,0.5,12100.946537251122,0.1013258720770975,130788.15582349902,1634851.9477937378
OBL02614,BB,healthcare,east,3178854.6765947323,1.898239201672057,0,0.012,0.55,20980.440865525237,0.08861170277369322,281683.7257631771,3521046.5720397136
OBL02615,BBB,industrials,north,310629.48010423756,2.8203691728411147,0,0.005,0.55,854.2310702866533,0.07170826892372,22274.702294949995,278433.77868687495
OBL02616,BBB,real_estate,east,3867243.659735534,3.0429662498686567,0,0.00625,0.5,12085.136436673543,0.0740802270520386,286486.28837876505,3581078.6047345633
OBL02617,BB,technology,north,819864.5233204096,4.078996553746119,0,0.01275,0.55,5749.2999697843725,0.11787567813587461,96642.08666593887,1208026.0833242359
OBL02618,BB,financials,west,1235974.7570116622,4.109090180970393,0,0.0135,0.55,9177.112570811592,0.12009148144978384,148430.03960406713,1855375.4950508391
OBL02619,BB,financials,south,2172979.6020012214,4.326863024172463,0,0.0135,0.55,16134.373544859069,0.12282337388276829,266892.68609622505,3336158.576202813
OBL02620,BB,consumer,east,1210426.2851736515,1.8628039341591784,0,0.01575,0.55,10485.317695316757,0.09679736639640808,117166.07662179708,1464575.9577724636
OBL02621,BB,financials,south,6844583.33276387,4.288020387770855,1,0.0135,0.35,32340.656247309285,0.07785024871099994,532852.5147788321,6660656.4347354015
OBL02622,CCC,financials,west,1078215.0135707909,2.8515423118029353,1,0.108,0.35,40756.527512975896,0.1260842030173359,135945.88066739918,1699323.5083424898
OBL02623,BB,healthcare,south,31335929.521266557,4.8861679578376345,1,0.012,0.35,131610.90398931954,0.0801870351969969,2512735.2834524154,31409191.043155193
OBL02624,BBB,technology,north,2540861.787649422,4.0813825484192705,1,0.00425,0.35,3779.5319091285155,0.05125041357463341,130220.21745301526,1627752.7181626908
OBL02625,A,technology,east,897230.4447772773,3.8405981406022183,1,0.0017,0.35,533.8521146424799,0.032304425530308184,28984.514086832845,362306.4260854106
OBL02626,BB,healthcare,north,721127.9080687384,2.938695873739337,0,0.012,0.55,4759.444193253674,0.10163391190880314,73291.05028363764,916138.1285454705
OBL02627,BB,healthcare,south,1677065.025683934,3.08385418607464,1,0.012,0.35,7043.673107872522,0.0658322591163189,110404.97932574077,1380062.2415717596
OBL02628,A,industrials,west,220706.2072070781,4.374809386636699,1,0.002,0.35,154.49434504495468,0.03809799187216273,8408.463288311124,105105.79110388906
OBL02629,BB,technology,east,2346678.008939432,4.41738734756597,1,0.01275,0.35,10472.050614892214,0.07771096893095783,182362.62184365417,2279532.773045677
OBL02630,A,healthcare,east,2523618.2997355093,3.903766068860525,1,0.0016,0.35,1413.226247851885,0.031670019467254534,79923.04068054337,999038.0085067921
OBL02631,B,technology,west,1126311.863900445,4.702243831177042,0,0.03825,0.55,23694.78583680561,0.16086079883368432,181179.4261628815,2264742.8270360185
OBL02632,A,financials,east,4212089.865616948,4.701026469728314,1,0.0018000000000000002,0.35,2653.6166153386775,0.03803309306094848,160198.80584008739,2002485.0730010923
OBL02633,BBB,industrials,north,1370274.9194650068,2.7069137018479372,1,0.005,0.35,2397.981109063762,0.04481143848482082,61403.99026089895,767549.8782612369
OBL02634,BB,real_estate,east,4133855.2327136886,3.325080483402886,1,0.01875,0.3,23252.935684014497,0.06576172078863339,271849.4335943487,3398117.919929359
OBL02635,BB,industrials,north,549438.6505131151,3.6847142644567743,0,0.015,0.55,4532.8688667332,0.1181091368664743,64893.724773184455,811171.5596648057
OBL02636,B,technology,east,261246.19849161757,1.952933409358347,0,0.03825,0.55,5495.966900767405,0.12813994803760162,33476.074299736836,418450.9287467105
OBL02637,BBB,technology,west,8314348.951558092,3.7391348674918716,1,0.00425,0.35,12367.594065442663,0.048852191176199725,406174.16448715166,5077177.056089396
OBL02638,BBB,financials,east,4529340.571373281,1.8321000173592719,1,0.0045000000000000005,0.35,7133.711399912918,0.036527462838189674,165445.3194023423,2068066.4925292789
OBL02639,BB,industrials,north,4052848.474858124,3.4499659914225944,0,0.015,0.55,33435.999917579524,0.11516415527070874,466742.87104721606,5834285.888090201
OBL02640,A,financials,west,7164063.053743288,1.3334305014243117,1,0.0018000000000000002,0.35,4513.3597238582715,0.019283966077720215,138151.54890703427,1726894.3613379283
OBL02641,A,consumer,east,650124.7252947036,2.2696447130256088,0,0.0021000000000000003,0.55,750.8940577153828,0.04195733261650487,27277.499341403734,340968.7417675467
OBL02642,BBB,industrials,west,1582874.2249374657,4.467127135290967,0,0.005,0.55,4352.904118578032,0.0904363405305192,143149.3524234263,1789366.9052928286
OBL02643,BB,financials,south,3018698.5521603823,1.4591395283865407,1,0.0135,0.35,14263.350658957806,0.05526733963284258,166835.43813141802,2085442.9766427253
OBL02644,A,consumer,east,1252039.6617058031,2.6285750688374123,0,0.0021000000000000003,0.55,1446.1058092702028,0.04525063666783626,56655.59182556992,708194.897819624
OBL02645,B,energy,west,3977388.5248270426,2.854937198094113,1,0.054,0.39999999999999997,85911.59213626411,0.11238968016197803,447017.42418523296,5587717.802315412
OBL02646,A,industrials,east,13793274.159133257,2.0958531883461746,0,0.002,0.55,15172.601575046583,0.039265359916260525,541597.874282023,6769973.428525289
OBL02647,BBB,financials,north,9092384.60036085,4.20460225898098,0,0.0045000000000000005,0.55,22503.65188589311,0.0838355940958257,762265.4647189885,9528318.308987357
OBL02648,BBB,real_estate,south,5503182.405197806,2.3969499494651436,1,0.00625,0.3,10318.467009745886,0.04028820682195199,221713.3509195364,2771416.886494205
OBL02649,CCC,industrials,south,3145975.6834116234,3.6098649312371704,0,0.12,0.55,207634.39510516715,0.21388135195063407,672865.532371898,8410819.154648725
OBL02650,BB,healthcare,west,6538469.958879105,3.2450992631826914,0,0.012,0.55,43153.9017286021,0.10546881356704335,689604.6691067339,8620058.363834172
OBL02651,BB,technology,east,10793807.891881304,3.050994442997068,1,0.01275,0.35,48167.36771752031,0.06681193759661841,721155.219302261,9014440.241278263
OBL02652,BB,financials,north,1149479.7102227216,4.180460723421847,0,0.0135,0.55,8534.886848403708,0.12098680265693824,139071.874858871,1738398.4357358874
OBL02653,B,industrials,north,290216.0854542171,2.4107062386133244,0,0.045,0.55,7182.848114991873,0.14052020546012456,40781.223955859656,509765.29944824567
OBL02654,B,consumer,south,470000.37456962105,1.5788685097732893,0,0.04725,0.55,12214.134734128029,0.13300124647506922,62510.635661509026,781382.9457688628
OBL02655,BB,technology,south,5803922.872198442,1.5086397264491986,1,0.01275,0.35,25900.005817185545,0.05450934708395394,316368.0462891637,3954600.5786145465
OBL02656,BBB,technology,south,2197162.4396219715,2.152062485104712,1,0.00425,0.35,3268.279128937683,0.037731144205003994,82901.45285119499,1036268.1606399374
OBL02657,BB,technology,west,1653754.6001534981,1.8111237401835245,0,0.01275,0.55,11596.954133576406,0.08944903070720964,147926.74601131945,1849084.3251414932
OBL02658,A,healthcare,east,2106642.861745194,1.719600662012208,1,0.0016,0.35,1179.7200025773086,0.019961841197052632,42052.47026506207,525655.8783132759
OBL02659,A,technology,east,6329900.095967323,1.8925898191591193,1,0.0017,0.35,3766.2905571005567,0.021654797438740735,137072.70438563792,1713408.804820474
OBL02660,BBB,technology,south,1146607.7104151272,2.8988411230769136,0,0.00425,0.55,2680.19552309536,0.06751489615124437,77413.10049489338,967663.7561861672
OBL02661,A,industrials,north,400405.20445248275,1.1543844411447575,1,0.002,0.35,280.28364311673795,0.0195707322213326,7836.223036367471,97952.78795459338
OBL02662,BB,real_estate,west,1740527.7797306476,4.236097196739046,0,0.01875,0.5,16317.44793497482,0.11993498188110542,208750.16772555586,2609377.0965694482
OBL02663,A,healthcare,east,2984646.499203018,4.166775870400619,1,0.0016,0.35,1671.40203955369,0.03307987864439683,98731.74399005967,1234146.7998757458
OBL02664,A,healthcare,west,2621748.5286059086,4.523214009412632,1,0.0016,0.35,1468.1791760193087,0.034990558696725606,91736.44577823904,1146705.572227988
OBL02665,BB,healthcare,north,9049493.996569894,3.310598354089046,1,0.012,0.35,38007.87478559355,0.06763819424839225,612091.432789654,7651142.909870675
OBL02666,BB,energy,north,1909102.7144655753,3.4228949883832698,0,0.018,0.6000000000000001,20618.309316228213,0.1314743478388535,250998.03434174648,3137475.429271831
OBL02667,BBB,financials,north,1287934.3235322714,2.4255473023860343,0,0.0045000000000000005,0.55,3187.6374507423725,0.06401270735768795,82444.16294819309,1030552.0368524136
OBL02668,A,financials,south,668024.9409428256,3.503619280610811,0,0.0018000000000000002,0.55,661.3446915333975,0.049290238772226956,32927.10884487469,411588.8605609336
OBL02669,B,industrials,south,1265772.2292878933,2.1217490122512426,0,0.045,0.55,31327.86267487536,0.13711773868453644,173559.8257696405,2169497.8221205063
OBL02670,BB,technology,north,1015711.0984114992,2.8285524771784263,0,0.01275,0.55,7122.674077610638,0.10220198925822835,103807.69476931535,1297596.1846164418
OBL02671,BB,real_estate,east,2055935.1444864946,2.5010372240108243,0,0.01875,0.5,19274.391979560885,0.1002571461189087,206122.19019178214,2576527.377397277
OBL02672,BB,consumer,east,342343.2507119522,3.3562508365795294,1,0.01575,0.35,1887.1671695496366,0.07351401663195516,25167.02742667605,314587.84283345065
OBL02673,BB,healthcare,east,2612368.779571973,1.9801876282338378,0,0.012,0.55,17241.63394517502,0.08963735773620153,234165.83483337713,2927072.935417214
OBL02674,BB,real_estate,south,1118819.2881565292,2.6739497635676366,1,0.01875,0.3,6293.358495880477,0.06133091946786109,68618.21566101776,857727.695762722
OBL02675,CCC,real_estate,east,2561296.6959194695,1.6882469006287515,0,0.15,0.5,192097.25219396022,0.18900897261544958,484108.0570590845,6051350.713238556
OBL02676,A,technology,north,1383229.6282089348,2.338074115511875,1,0.0017,0.35,823.0216287843161,0.024090229579644476,33322.31930491951,416528.9913114939
OBL02677,CCC,real_estate,south,1043707.0425774597,3.637330143922239,0,0.15,0.5,78278.02819330948,0.20800047408201314,217091.5596588475,2713644.4957355936
OBL02678,A,consumer,north,3312413.606443006,4.325584145755058,1,0.0021000000000000003,0.35,2434.6240007356096,0.03870443374118398,128205.0929539696,1602563.66192462
OBL02679,BB,industrials,east,2820762.2835829477,2.772803178084832,0,0.015,0.55,23271.288839559318,0.10666896168806556,300887.7839586497,3761097.2994831214
OBL02680,BB,industrials,west,305434.09387244965,3.1387064230415707,1,0.015,0.35,1603.5289928303605,0.07080138446751388,21625.156709750034,270314.4588718754
OBL02681,BBB,healthcare,north,1317933.5824810823,1.5903653657529238,1,0.004,0.35,1845.1070154735153,0.03273309508095143,43140.04526573221,539250.5658216526
OBL02682,BBB,financials,south,292924.95354580716,2.1655591287156635,1,0.0045000000000000005,0.35,461.35680183464626,0.03889188749072776,11392.404336530188,142405.05420662733
OBL02683,B,financials,north,1193139.9968013905,2.014832414067725,1,0.0405,0.35,16912.75945465971,0.08351752455976279,99648.09898609543,1245601.237326193
OBL02684,BB,consumer,east,3246405.9640669255,1.2475343857540642,1,0.01575,0.35,17895.812876918928,0.05668930268549964,184036.49033700122,2300456.1292125154
OBL02685,CCC,real_estate,north,2596242.486766672,3.1045404507815193,1,0.15,0.3,116830.91190450024,0.1216854427593617,315924.9165128688,3949061.4564108597
OBL02686,BBB,technology,north,2301085.1563278707,4.915102722151264,0,0.00425,0.55,5378.786552916398,0.08971681263794533,206446.0258342247,2580575.322927809
OBL02687,BB,energy,west,567751.9426595523,1.9130497248698073,0,0.018,0.6000000000000001,6131.720980723166,0.11089417695412444,62960.38439533631,787004.8049417039
OBL02688,BBB,industrials,west,4970631.339220139,4.788679260155688,1,0.005,0.35,8698.604843635243,0.05987752521318831,297629.10333961784,3720363.791745223
OBL02689,BBB,industrials,south,1328132.204700473,4.092038379600822,1,0.005,0.35,2324.2313582258275,0.05483581824331331,72829.21618004612,910365.2022505765
OBL02690,CCC,consumer,east,8755559.408234809,3.5058580117583493,0,0.126,0.55,606760.2669906722,0.21603988812353783,1891550.075014037,23644375.937675465
OBL02691,B,industrials,east,1946946.1702480072,3.256658352862936,0,0.045,0.55,48186.91771363818,0.15048127824141616,292978.94836614997,3662236.8545768745
OBL02692,BBB,consumer,north,6901476.37355276,3.862582784083445,0,0.00525,0.55,19928.013028633595,0.08521275742277586,588093.8320785702,7351172.900982127
OBL02693,BBB,financials,north,2102124.7963747666,4.423041837093745,0,0.0045000000000000005,0.55,5202.758871027549,0.08626952847205409,181349.31497266382,2266866.4371582977
OBL02694,CCC,real_estate,south,2083979.5937070192,2.5107814324349476,1,0.15,0.3,93779.08171681587,0.11821415686949076,246355.8906032992,3079448.6325412397
OBL02695,CCC,industrials,west,746483.1873490954,1.1983936164068463,1,0.12,0.35,31352.293868662,0.11907280831875243,88885.84948039018,1111073.1185048772
OBL02696,A,technology,south,838526.8236372314,1.978491994081923,1,0.0017,0.35,498.9234600641526,0.022124418746367867,18551.918576211865,231898.9822026483
OBL02697,BBB,financials,north,1574568.0496821634,2.056857641827146,1,0.0045000000000000005,0.35,2479.9446782494074,0.038121128898103596,60024.31158076934,750303.8947596167
OBL02698,BBB,consumer,west,1267809.6257003967,3.247480875515253,1,0.00525,0.35,2329.6001872244788,0.0497350263007267,63054.545078523704,788181.8134815464
OBL02699,BB,financials,east,410412.0676146673,4.3151398218809955,1,0.0135,0.35,1939.197019479303,0.07806674270463305,32039.533285350695,400494.1660668837
OBL02700,B,consumer,east,7832343.231750026,1.3115562750283902,1,0.04725,0.35,129527.37619506606,0.0826399224396632,647264.2371926432,8090802.96490804
OBL02701,BBB,real_estate,west,2461214.4325312655,4.482091522440697,1,0.00625,0.3,4614.777060996123,0.05371517723507772,132204.56945694817,1652557.1182118522
OBL02702,CCC,healthcare,north,1030721.8659870774,1.7435887468781934,1,0.096,0.35,34632.254697165794,0.11287903425052945,116346.88881352493,1454336.1101690617
OBL02703,BB,healthcare,south,813638.9654205878,1.8626555790504487,0,0.012,0.55,5370.01717177588,0.08816634316574075,71735.57223828981,896694.6529786226
OBL02704,BBB,energy,north,1146159.7955645404,1.9347139342566098,0,0.006,0.6000000000000001,4126.175264032347,0.07325148671106546,83957.90903355344,1049473.8629194181
OBL02705,BBB,energy,east,2665171.9407043736,2.446011377465017,1,0.006,0.39999999999999997,6396.412657690496,0.05319707351581605,141779.3476619407,1772241.8457742587
OBL02706,BBB,real_estate,east,2597116.639400664,4.020781546904784,0,0.00625,0.5,8115.9894981270745,0.08457439623537309,219649.57173015233,2745619.646626904
OBL02707,BB,industrials,north,5292738.571308469,2.7160399999084506,0,0.015,0.55,43665.09321329487,0.10595685201890406,560801.9175748772,7010023.969685964
OBL02708,B,energy,west,3801764.593836521,2.2095877176225587,1,0.054,0.39999999999999997,82118.11522686885,0.1069181970975512,406477.8161623048,5080972.70202881
OBL02709,BBB,consumer,east,1389390.0238928916,2.420758805710907,0,0.00525,0.55,4011.863693990725,0.06866918284793763,95408.27759780141,1192603.4699725176
OBL02710,BB,real_estate,west,1110743.9922081952,1.9907609501935881,0,0.01875,0.5,10413.224926951829,0.09446994978716894,104931.92917030776,1311649.114628847
OBL02711,A,consumer,east,884992.574211456,3.0310179821288905,1,0.0021000000000000003,0.35,650.4695420454202,0.031145661745833428,27563.679363964395,344545.99204955494
OBL02712,BBB,consumer,north,1132614.907290276,3.362396615172925,1,0.00525,0.35,2081.1798921458817,0.0505741036185461,57280.983681208396,716012.296015105
OBL02713,A,technology,north,1867530.5594071222,1.791860953651828,0,0.0017,0.55,1746.1410730456594,0.0331636165599143,61934.06738610006,774175.8423262507
OBL02714,BB,technology,east,3448577.4523797818,4.4171581419453805,1,0.01275,0.35,15389.276881244774,0.07770914067260515,267985.99036735477,3349824.8795919344
OBL02715,BB,energy,west,4803818.395811484,2.609574726978968,1,0.018,0.39999999999999997,34587.492449842684,0.08025884320150871,385548.907397957,4819361.342474462
OBL02716,BB,technology,west,1772872.2148898856,2.381938203534219,0,0.01275,0.55,12432.266406915323,0.09660390350246258,171266.3763694196,2140829.704617745
OBL02717,B,financials,north,4146008.497718626,3.411182802045124,1,0.0405,0.35,58769.670455161526,0.09405155879040845,389938.5619687164,4874232.024608955
OBL02718,BBB,energy,south,6319361.001248554,1.378498156014405,1,0.006,0.39999999999999997,15166.46640299653,0.044088300636494805,278609.8876535871,3482623.5956698386
OBL02719,CCC,technology,south,293383.0898233539,3.2909728493338375,0,0.102,0.55,16458.791339090156,0.19910415993834518,58413.79363939495,730172.4204924369
OBL02720,A,financials,west,10044050.554829182,2.435383577665529,1,0.0018000000000000002,0.35,6327.751849542385,0.025419101750308273,255310.74303844324,3191384.2879805407
OBL02721,A,real_estate,south,4625226.2798920125,4.378020369581902,1,0.0025,0.3,3468.9197099190096,0.03627383014039937,167774.67243771415,2097183.405471427
OBL02722,CCC,consumer,south,4527962.226793762,4.713298584712691,1,0.126,0.35,199683.13420160493,0.14595544924047926,660880.7609556044,8261009.511945055
OBL02723,B,financials,south,1600414.2745235297,4.393877455170525,0,0.0405,0.55,35649.22796501163,0.1594449747970935,255178.01366631285,3189725.1708289105
OBL02724,BB,technology,west,665238.429879245,2.311649721319268,0,0.01275,0.55,4664.984489528206,0.09572287265705039,63678.53350990711,795981.6688738388
OBL02725,B,energy,east,18374351.46177375,1.2615597615438192,1,0.054,0.39999999999999997,396885.99157431297,0.09888050734455438,1816865.1946673426,22710814.933341783
OBL02726,BBB,financials,north,204855.96483067438,3.433320560935432,0,0.0045000000000000005,0.55,507.0185129559192,0.07524168883906052,15413.708762615126,192671.35953268906
OBL02727,B,financials,south,9956900.677772526,4.670822028837079,0,0.0405,0.55,221789.96259738304,0.16272810283933517,1620267.5574536137,20253344.468170173
OBL02728,CCC,real_estate,east,3604807.9422936635,2.128488561776018,0,0.15,0.5,270360.59567202476,0.19329860477050972,696804.3457110173,8710054.321387716
OBL02729,BBB,financials,west,3427027.254864213,3.0718671842861185,0,0.0045000000000000005,0.55,8481.89245578893,0.07121424195223108,244053.14810479037,3050664.3513098797
OBL02730,B,healthcare,west,972607.9771983313,4.557318781116875,1,0.036,0.35,12254.860512698973,0.0998165958640285,97082.41739413608,1213530.217426701
OBL02731,BB,industrials,north,1218865.3522571858,4.594113587807607,0,0.015,0.55,10055.639156121784,0.12951780128753226,157864.7604899042,1973309.5061238026
OBL02732,BB,financials,east,5884533.442605988,4.210783584268285,1,0.0135,0.35,27804.420516313294,0.07723366858702621,454484.1056955033,5681051.321193791
OBL02733,BBB,financials,west,3117218.794948776,2.8824995357871446,0,0.0045000000000000005,0.55,7715.1165174982225,0.06910423774232892,215413.02870099628,2692662.8587624533
OBL02734,BBB,real_estate,south,4251849.836356092,3.6901890849647057,1,0.00625,0.3,7972.218443167672,0.048615834947782134,206707.22986704225,2583840.373338028
OBL02735,BB,energy,north,3539987.2940078024,4.5688352150454765,1,0.018,0.39999999999999997,25487.908516856172,0.09806283792269664,347141.20026069257,4339265.003258657
OBL02736,BB,consumer,east,4777448.712770379,4.425447768534339,1,0.01575,0.35,26335.686029146716,0.082044766475314,391964.6639870352,4899558.29983794
OBL02737,CCC,technology,north,5934809.090348792,1.489569500236922,1,0.102,0.35,211872.68452545186,0.11376869471983343,675195.4836203841,8439943.545254802
OBL02738,B,consumer,west,693529.1241273944,1.8962736681113452,0,0.04725,0.55,18023.088113260663,0.13672789837851318,94824.77960622964,1185309.7450778706
OBL02739,BB,industrials,north,1239683.6250849606,1.426668781346613,0,0.015,0.55,10227.389906950926,0.08978133575335293,111300.45177168654,1391255.6471460818
OBL02740,BB,technology,west,922299.1071617483,4.662066165700378,1,0.01275,0.35,4115.759765709301,0.07966264922494867,73472.7902543097,918409.8781788712
OBL02741,BBB,energy,south,342670.9752196459,1.2786611048560683,0,0.006,0.6000000000000001,1233.6155107907255,0.06485463115026235,22223.799703770826,277797.4962971353
OBL02742,B,healthcare,east,1354703.5360567076,2.298720569855425,1,0.036,0.35,17069.264554314515,0.08263654743656436,111948.0230198316,1399350.2877478949
OBL02743,BB,financials,east,10860327.714518685,1.8392037579003446,1,0.0135,0.35,51315.04845110079,0.05830138608640662,633172.1591090559,7914651.988863198
OBL02744,B,industrials,north,741932.1515301665,2.190942270609004,1,0.045,0.35,11685.431386600123,0.08777521976911729,65123.25765433439,814040.7206791799
OBL02745,BB,energy,north,2329209.0772094224,1.8301892648181783,1,0.018,0.39999999999999997,16770.30535590784,0.07317649006949868,170443.34490820148,2130541.8113525184
OBL02746,BBB,energy,east,3546455.112257465,4.596885107822596,0,0.006,0.6000000000000001,12767.238404126876,0.10732475919888147,380622.44093267457,4757780.511658432
OBL02747,CCC,industrials,east,2792539.0217269496,4.86182668743828,1,0.12,0.35,117286.63891253187,0.1449495877188768,404777.37988819694,5059717.248602462
OBL02748,BB,industrials,west,3707755.5741070355,2.3511695180442143,0,0.015,0.55,30588.983486383044,0.10137945155482554,375890.2266023186,4698627.832528982
OBL02749,B,real_estate,south,25292614.240818724,2.1954548444951905,1,0.056249999999999994,0.3,426812.8653138159,0.08127297797082304,2055606.0800185853,25695076.000232317
OBL02750,B,consumer,north,5243421.856298427,4.919017548528325,1,0.04725,0.35,86713.08894853524,0.10959321841665971,574643.4767480008,7183043.45935001
OBL02751,BB,energy,west,526045.2856789185,1.4170744751407365,1,0.018,0.39999999999999997,3787.526056888212,0.06942247492987823,36519.36565702535,456492.0707128169
OBL02752,BBB,financials,north,1566843.3774251656,3.5978124185884783,1,0.0045000000000000005,0.35,2467.778319444636,0.0490474204239236,76849.6258710125,960620.3233876562
OBL02753,BBB,energy,north,406931.5517490322,2.466541172822765,0,0.006,0.6000000000000001,1464.9535862965163,0.08005837223219223,32578.277642947614,407228.47053684515
OBL02754,B,real_estate,west,1861142.9967843941,3.16044861705487,1,0.056249999999999994,0.3,31406.788070736646,0.08739709361639353,162658.4887234609,2033231.1090432613
OBL02755,BB,consumer,north,4512636.21501782,4.920948879245586,0,0.01575,0.55,39090.711212591865,0.13514002420237217,609837.7673140094,7622972.091425117
OBL02756,BB,real_estate,east,643913.6783215431,3.1973505531727517,0,0.01875,0.5,6036.690734264467,0.10815424451645389,69641.99741267742,870524.9676584677
OBL02757,B,consumer,north,204071.55091491775,3.2630460316221495,0,0.04725,0.55,5303.309429401425,0.15277516382536907,31177.064623123704,389713.3077890463
OBL02758,BBB,industrials,south,12616310.937123151,2.095977465263186,1,0.005,0.35,22078.544139965514,0.04038999040717538,509572.6777243459,6369658.471554323
OBL02759,CCC,technology,north,885941.2428257874,2.678705081933397,0,0.102,0.55,49701.303722526674,0.1921960961648683,170274.44830256797,2128430.6037820997
OBL02760,A,healthcare,north,3261395.1069163918,1.4432189905995156,1,0.0016,0.35,1826.3812598731793,0.01848030235875306,60271.56768717268,753394.5960896586
OBL02761,B,healthcare,north,492623.5502477144,1.025521482767612,1,0.036,0.35,6207.0567331212005,0.07295194666741954,35937.84696478613,449223.0870598266
OBL02762,BBB,technology,south,2005344.350291647,1.4941138896618193,0,0.00425,0.55,4687.492418806725,0.0520468454096172,104371.8473926786,1304648.0924084825
OBL02763,BBB,healthcare,north,622293.2571750483,4.83179371962434,1,0.004,0.35,871.2105600450677,0.05515159926117713,34320.46834265091,429005.8542831363
OBL02764,B,financials,west,4799149.655130404,4.5466429895323,1,0.0405,0.35,68027.94636147349,0.10261744353216777,492476.46873776667,6155955.859222083
OBL02765,BB,industrials,north,4392182.655915206,1.0886585586195934,1,0.015,0.35,23058.95894355483,0.05443512112280297,239088.9948682187,2988612.435852734
OBL02766,B,financials,south,213536.97052156593,3.6750001553557707,1,0.0405,0.35,3026.886557143197,0.09604179065079285,20508.47301903676,256355.9127379595
OBL02767,BBB,financials,south,1401761.728080909,2.740468550248806,1,0.0045000000000000005,0.35,2207.774721727432,0.042968339334313925,60231.373598034785,752892.1699754348
OBL02768,BB,financials,east,3779645.0523344614,2.8250353235331773,1,0.0135,0.35,17858.82287228033,0.06617126315783235,250103.8874012227,3126298.5925152837
OBL02769,B,industrials,north,1312036.6953589937,2.5655387674159145,1,0.045,0.35,20664.57795190415,0.09058213566232443,118847.0859329562,1485588.5741619524
OBL02770,BB,financials,west,1536216.9981053614,3.010638294202579,0,0.0135,0.55,11406.411210932309,0.1063117449439147,163317.90968108346,2041473.8710135433
OBL02771,BBB,industrials,east,569804.3085276479,3.209542401086241,0,0.005,0.55,1566.9618484510318,0.07613421630167043,43381.604475067696,542270.0559383462
OBL02772,A,energy,north,3512631.6392032825,3.4780173530152365,1,0.0024,0.39999999999999997,3372.1263736351507,0.04121603739571479,144776.75699877343,1809709.462484668
OBL02773,BBB,consumer,south,1850010.2409554229,2.5671406010526887,1,0.00525,0.35,3399.393817755589,0.04476740311524213,82820.15422417765,1035251.9278022206
OBL02774,BB,financials,east,1216373.0440742308,4.918258056971496,1,0.0135,0.35,5747.362633250741,0.08288142559283068,100814.73194556331,1260184.1493195414
OBL02775,BBB,industrials,east,2973786.8316866052,3.8839441364129366,0,0.005,0.55,8177.913787138165,0.08380397972710923,249215.17135540867,3115189.6419426086
OBL02776,B,real_estate,east,706924.6844996794,2.654950138361197,0,0.056249999999999994,0.5,19882.25675155348,0.14031510227946528,99192.20940945123,1239902.6176181403
OBL02777,BBB,healthcare,north,9892177.75705103,3.4407024245681024,0,0.004,0.55,21762.79106551227,0.07154788878298463,707764.4339830014,8847055.424787518
OBL02778,A,industrials,west,8826038.630215526,3.4036808644064114,1,0.002,0.35,6178.227041150868,0.032511042761340016,286943.7193201758,3586796.491502198
OBL02779,BB,financials,south,4169471.145308736,2.5771863157619874,1,0.0135,0.35,19700.751161583776,0.06419268863107534,267649.5629870568,3345619.53733821
OBL02780,BBB,healthcare,west,508776.2928693254,1.7555999746401088,0,0.004,0.55,1119.307844312516,0.05323355350810957,27083.97001011686,338549.62512646074
OBL02781,A,energy,east,745186.1589261107,3.8087703015367005,1,0.0024,0.39999999999999997,715.3787125690661,0.043511427100262914,32424.1132302384,405301.41537798
OBL02782,BBB,industrials,west,1223911.0857402375,4.340990339271642,1,0.005,0.35,2141.8444000454156,0.05663752535708002,69319.29515342404,866491.1894178005
OBL02783,BB,consumer,south,3371359.8049591715,1.835809596658586,1,0.01575,0.35,18584.620924837433,0.061382945655556104,206943.99569313505,2586799.946164188
OBL02784,A,real_estate,east,652926.6037242415,3.5212801927175703,1,0.0025,0.3,489.69495279318113,0.03176255659303928,20738.618201892154,259232.7275236519
OBL02785,B,financials,west,2292172.594278089,2.0147174430458485,1,0.0405,0.35,32491.54652389191,0.08351665722109879,191434.59284791988,2392932.4105989984
OBL02786,B,technology,south,1760556.6379434315,4.897053702048982,0,0.03825,0.55,37037.71027073494,0.16317932375099364,287286.44160493213,3591080.5200616517
OBL02787,BB,consumer,north,1825113.6165245727,4.414409018559341,1,0.01575,0.35,10060.938811091708,0.08195669213483872,149580.2747806065,1869753.4347575812
OBL02788,BBB,consumer,north,7629037.097877382,1.0841526481861954,0,0.00525,0.55,22028.844620120944,0.053332883843424425,406878.5493782702,5085981.867228378
OBL02789,BBB,industrials,north,1838842.2335830457,4.189286434582741,1,0.005,0.35,3217.9739087703297,0.05553961873836696,102128.59657320948,1276607.4571651185
OBL02790,BBB,real_estate,north,3585827.6432562084,1.1637171733260319,0,0.00625,0.5,11205.711385175651,0.0539116350831457,193317.83137428507,2416472.8921785634
OBL02791,CCC,healthcare,east,3104163.6791641186,2.3491487912689952,1,0.096,0.35,104299.89961991437,0.11724705337197033,363954.0445662872,4549425.55707859
OBL02792,BBB,real_estate,north,14459360.812786922,4.0683612275403425,1,0.00625,0.3,27111.30152397548,0.051051020277757306,738165.1220569945,9227064.02571243
OBL02793,B,industrials,east,2811334.514938462,4.700670802172332,1,0.045,0.35,44278.51861028078,0.10658104674008256,299634.97533866356,3745437.1917332946
OBL02794,BBB,healthcare,east,1616153.1695143608,4.171959848206626,0,0.004,0.55,3555.536972931594,0.07949547299623501,128476.86064490849,1605960.7580613561
OBL02795,BB,energy,west,3924809.0875680465,1.7367171720119385,1,0.018,0.39999999999999997,28258.62543048993,0.07232709987506723,283870.0588671056,3548375.7358388198
OBL02796,BBB,industrials,west,31398190.934056062,4.438330805558788,1,0.005,0.35,54946.8341345981,0.05734199464825901,1800434.8965056574,22505436.206320718
OBL02797,BBB,financials,east,2850425.9471423915,4.116068361808857,1,0.0045000000000000005,0.35,4489.420866749267,0.052722165202946855,150280.62768400743,1878507.846050093
OBL02798,B,healthcare,west,519980.6813882253,4.407612429959495,1,0.036,0.35,6551.756585491637,0.09867785310316078,51310.577294508745,641382.2161813593
OBL02799,BB,technology,north,5144500.160584881,3.084291732581813,0,0.01275,0.55,36075.80737610148,0.1054075524642184,542269.1705790309,6778364.632237886
OBL02800,CCC,real_estate,south,1158012.1737977203,4.230300456870342,1,0.15,0.3,52110.54782089742,0.12826695934061583,148534.70041245036,1856683.7551556295
OBL02801,CCC,industrials,west,2989103.092581984,1.856729875411217,1,0.12,0.35,125542.32988844332,0.12372298803134726,369820.7661479839,4622759.576849799
OBL02802,B,consumer,east,445779.8421881442,1.2771129968797048,1,0.04725,0.35,7372.084140186435,0.08238257806366694,36724.492648273925,459056.15810342407
OBL02803,A,consumer,east,2750977.647554436,1.7328760795199636,1,0.0021000000000000003,0.35,2021.9685709525106,0.02356601156252696,64829.57105052105,810369.6381315131
OBL02804,B,industrials,west,228842.0123891505,2.8045432233318306,1,0.045,0.35,3604.2616951291207,0.09237303710314465,21138.831701181287,264235.3962647661
OBL02805,B,consumer,north,1288281.5797605235,1.3559135201125003,1,0.04725,0.35,21304.95662528966,0.08297133942929487,106890.44823481861,1336130.6029352327
OBL02806,BB,energy,west,3314988.4034409313,4.2065008697362725,0,0.018,0.6000000000000001,35801.87475716206,0.14215540458965992,471243.51770117634,5890543.971264704
OBL02807,BB,consumer,south,546735.3942974074,2.100921060866514,1,0.01575,0.35,3013.8788610644583,0.06349817767144819,34716.70120636605,433958.76507957565
OBL02808,BBB,consumer,south,1326299.1594075377,2.9680553945583212,1,0.00525,0.35,2437.0747054113504,0.04769475241143895,63257.510031442114,790718.8753930264
OBL02809,BBB,energy,west,379635.28983326553,4.066707799805956,0,0.006,0.6000000000000001,1366.6870433997562,0.10053899122787989,38168.14907434032,477101.863429254
OBL02810,CCC,healthcare,east,7844939.122782346,3.4836884928191805,1,0.096,0.35,263589.9545254868,0.12543070279915555,983996.2275871804,12299952.844839755
OBL02811,A,financials,north,2504664.756584047,2.3136732906946964,1,0.0018000000000000002,0.35,1577.9387966479496,0.024741478410970883,61969.10900174384,774613.862521798
OBL02812,BBB,financials,north,9067734.79594859,2.50424996999814,0,0.0045000000000000005,0.55,22442.643619972765,0.06488964151887322,588402.060297317,7355025.753716462
OBL02813,B,technology,south,2504541.6716633784,2.876017938183798,1,0.03825,0.35,33529.55162939347,0.08853473745362875,221738.93934238967,2771736.741779871
OBL02814,B,consumer,east,6357261.359876478,3.535158797757073,1,0.04725,0.35,105133.20973895726,0.09925366057472441,630981.4611979909,7887268.264974887
OBL02815,B,consumer,south,4935267.699332604,4.967846856575226,1,0.04725,0.35,81616.98957771294,0.10995804860951809,542672.405584199,6783405.069802487
OBL02816,BB,healthcare,west,1076969.2157050136,1.1765100589319069,0,0.012,0.55,7107.99682365309,0.07957864249546752,85703.74819521332,1071296.8524401665
OBL02817,BBB,technology,north,4066180.631842068,4.439847283868217,1,0.00425,0.35,6048.4436898650765,0.05376227327598414,218607.1143186071,2732588.928982589
OBL02818,BB,real_estate,north,6912183.5152232535,2.3563520030677347,0,0.01875,0.5,64801.720455218,0.09861622761483045,681653.4628527352,8520668.28565919
OBL02819,BBB,consumer,east,411719.1087064347,4.623242231244687,1,0.00525,0.35,756.5338622480738,0.05978038781311691,24612.72798854151,307659.09985676885
OBL02820,A,energy,south,1491779.6204972155,3.1675909654622663,0,0.0024,0.6000000000000001,2148.1626535159903,0.05859256774013013,87407.19846732872,1092589.980841609
OBL02821,A,financials,east,15150479.876876075,4.439465942244367,1,0.0018000000000000002,0.35,9544.802322431928,0.03657685199469419,554156.8601050888,6926960.75131361
OBL02822,B,consumer,south,10094664.14233055,2.403930007552654,1,0.04725,0.35,166940.50825379146,0.09080163792265643,916612.0384027216,11457650.48003402
OBL02823,BBB,consumer,south,18870472.369197335,3.679076464992873,1,0.00525,0.35,34674.4929784001,0.052886396780352604,997991.2891500507,12474891.114375634
OBL02824,BB,consumer,west,35040093.51946879,4.143400709967203,0,0.01575,0.55,303534.8101123984,0.1253912176815444,4393719.9940813845,54921499.92601731
OBL02825,A,real_estate,east,3310329.347515032,4.526460945532437,0,0.0025,0.5,4137.91168439379,0.06175910455113449,204442.97627186967,2555537.203398371
OBL02826,BB,industrials,west,726121.4631984906,2.2349747374737645,1,0.015,0.35,3812.137681792075,0.0635865720645203,46171.574747265746,577144.6843408218
OBL02827,B,industrials,north,1974741.2418144895,4.113451629689415,1,0.045,0.35,31102.17455857821,0.10218091261686395,201780.86227076376,2522260.7783845467
OBL02828,BB,technology,north,10321761.590048095,2.03672719032064,1,0.01275,0.35,46060.86109558962,0.058721636094502185,606110.7279450145,7576384.099312681
OBL02829,A,consumer,west,2079345.3060645855,3.7695302257864896,0,0.0021000000000000003,0.55,2401.6438285045965,0.05571927544392796,115859.61385165133,1448245.1731456416
OBL02830,B,consumer,south,327772.85070017923,3.0101243281052015,0,0.04725,0.55,8517.99695757091,0.14980561174635135,49102.212412985835,613777.6551623229
OBL02831,CCC,financials,south,20356189.97474403,1.4342507065912211,1,0.108,0.35,769463.9810453244,0.1159592159578572,2360487.8293605107,29506097.867006384
OBL02832,BB,real_estate,west,2046153.824967701,3.4545566568848125,1,0.01875,0.3,11509.615265443317,0.06664277766860585,136361.37443308995,1704517.1804136243
OBL02833,CCC,financials,south,1545714.8480558153,1.8800388093582359,1,0.108,0.35,58428.02125650982,0.11914388081806522,184162.46563547585,2302030.820443448
OBL02834,B,consumer,east,2053655.4838629228,1.150558333159481,0,0.04725,0.55,53369.37188688771,0.1279724594720482,262811.3431781974,3285141.7897274676
OBL02835,BB,healthcare,north,8389251.407118311,4.271957183459806,1,0.012,0.35,35234.855909896905,0.07529506895301205,631669.2631631267,7895865.789539083
OBL02836,BB,industrials,east,621395.094559497,3.5878293437269377,1,0.015,0.35,3262.324246437359,0.07438689294350986,46223.65037461949,577795.6296827436
OBL02837,BB,real_estate,south,580880.3965208387,4.104246526200132,0,0.01875,0.5,5445.753717382863,0.11843962386421764,68799.25567402573,859990.6959253215
OBL02838,BBB,industrials,north,1329776.356724885,2.4004352106397153,0,0.005,0.55,3656.884980993434,0.06693248918342667,89005.2416128649,1112565.5201608113
OBL02839,BB,financials,south,2581529.4669936327,2.6895131183716394,0,0.0135,0.55,19167.856292427725,0.10228332971548644,264047.42964275373,3300592.870534422
OBL02840,BBB,financials,north,13059718.10769873,3.6564393656413143,1,0.0045000000000000005,0.35,20569.0560196255,0.049463120562842924,645974.4112778452,8074680.140973064
OBL02841,BB,financials,north,4922522.089038198,3.319879550391009,0,0.0135,0.55,36549.72651110862,0.1101910801049287,542418.025831489,6780225.322893613
OBL02842,BBB,industrials,south,2386034.2005617153,3.74120075243475,0,0.005,0.55,6561.594051544717,0.08218060314263334,196085.72972111273,2451071.621513909
OBL02843,A,technology,west,2029525.0781322573,1.305300161912605,1,0.0017,0.35,1207.567421488693,0.0184441251008186,37432.81443632,467910.18045399996
OBL02844,A,financials,south,1944381.647124284,2.253773659473895,0,0.0018000000000000002,0.55,1924.9378306530416,0.03835540746112725,74577.55033538965,932219.3791923706
OBL02845,BB,industrials,south,4428217.708600504,1.4961319273998828,1,0.015,0.35,23248.142970152647,0.05768812636972926,255455.58276641884,3193194.7845802354
OBL02846,BBB,industrials,west,4113228.263492943,3.2216150248165474,0,0.005,0.55,11311.377724605594,0.07627151453666227,313722.1492916121,3921526.866145151
OBL02847,A,financials,east,10005647.209030744,4.509454780872664,0,0.0018000000000000002,0.55,9905.590736940438,0.05809023881709178,581230.4358921638,7265380.448652048
OBL02848,BB,real_estate,south,418804.19579089835,3.0687595090328266,1,0.01875,0.3,2355.773601323803,0.06401751294037235,26810.80302352607,335135.0377940759
OBL02849,BB,financials,south,718805.2176895221,2.6012666541643217,1,0.0135,0.35,3396.354653582992,0.06438492157397473,46280.21756790371,578502.7195987963
OBL02850,CCC,financials,east,858741.1990197258,2.9563291296950593,1,0.108,0.35,32460.417322945636,0.1268327893853496,108916.54163179145,1361456.770397393
OBL02851,B,industrials,north,483897.97544381395,2.3620361802274092,1,0.045,0.35,7621.393113240069,0.08905725582186338,43094.6257907815,538682.8223847687
OBL02852,CCC,financials,west,3769311.2998527796,4.292701401468538,1,0.108,0.35,142479.96713443508,0.13637969695793162,514057.5328140294,6425719.160175367
OBL02853,A,industrials,south,7884944.757155193,1.3215941699665277,1,0.002,0.35,5519.461330008635,0.02053269783595201,161899.1881518416,2023739.8518980201
OBL02854,BBB,consumer,north,1814343.641319744,4.882623984437144,1,0.00525,0.35,3333.85644092503,0.061674308927912515,111898.39023614759,1398729.8779518448
OBL02855,CCC,technology,west,4958520.045454937,1.5019241110734827,0,0.102,0.55,278172.974550022,0.1789187713946465,887172.314468524,11089653.93085655
OBL02856,BB,technology,south,1830762.6179528038,1.4395686063478528,0,0.01275,0.55,12838.222858394038,0.08479177359530611,155233.60940820404,1940420.1176025504
OBL02857,A,consumer,south,1031145.6679096428,1.6451189003049613,1,0.0021000000000000003,0.35,757.8920659135875,0.02305361093961614,23771.631050059532,297145.3881257441
OBL02858,BB,financials,north,7843821.043730716,3.3335015435365682,1,0.0135,0.35,37062.054431627635,0.07023034057622532,550874.2233201714,6885927.791502142
OBL02859,BB,industrials,east,830225.7329072243,2.287822549996244,0,0.015,0.55,6849.362296484601,0.10058474643245108,83508.04482616902,1043850.5603271127
OBL02860,CCC,technology,north,1507754.940299817,2.7103750949086423,1,0.102,0.35,53826.85136870346,0.12253399517173333,184751.23657485485,2309390.4571856856
OBL02861,BBB,healthcare,west,11108007.557830239,2.7964721145388585,1,0.004,0.35,15551.210580962334,0.04107482170192135,456259.4299014719,5703242.873768399
OBL02862,BBB,industrials,west,1281433.240122348,2.6712801895275895,0,0.005,0.55,3523.9414103364575,0.07001272579051616,89716.63405953861,1121457.9257442327
OBL02863,B,industrials,south,4025113.240565556,3.282673015726103,1,0.045,0.35,63395.53353890751,0.09595574576360257,386232.74278141896,4827909.284767737
OBL02864,B,consumer,south,500238.76662624243,3.124797890903378,0,0.04725,0.55,12999.954947699476,0.15115199330270077,75612.08670284109,945151.0837855135
OBL02865,BBB,industrials,south,3521725.293750963,1.5014714778874736,0,0.005,0.55,9684.74455781515,0.05670885125800071,199712.9958548622,2496412.4481857778
OBL02866,B,industrials,west,1448749.1707634002,2.9025156570445025,1,0.045,0.35,22817.79943952355,0.09310716137720597,134888.92283736123,1686111.5354670153
OBL02867,BB,real_estate,north,2067686.7199893547,3.9602821578434337,1,0.01875,0.3,11630.73779994012,0.07008412845936975,144912.02169746681,1811400.2712183353
OBL02868,B,consumer,south,4733544.9688700475,1.98004651456717,0,0.04725,0.55,123012.99987851038,0.13771147482489535,651863.4588130575,8148293.235163219
OBL02869,BBB,financials,west,2569164.1278802035,1.4714770627620526,1,0.0045000000000000005,0.35,4046.433501411321,0.033970430281327006,87275.61088744075,1090945.1360930095
OBL02870,BBB,healthcare,west,3572110.3848318355,1.096854764905817,0,0.004,0.55,7858.642846630039,0.04607405965519443,164581.6269656815,2057270.3370710188
OBL02871,BBB,financials,south,1984272.1098625131,2.8556691736976334,1,0.0045000000000000005,0.35,3125.2285730334584,0.04378518069445013,86881.71287728794,1086021.4109660992
OBL02872,BBB,real_estate,west,2944067.143485573,4.296958085934505,1,0.00625,0.3,5520.125894035449,0.0525230369954576,154631.34749440395,1932891.8436800493
OBL02873,CCC,healthcare,east,8416813.171845403,2.98004475534965,1,0.096,0.35,282804.9225740055,0.12179782527356846,1025149.5400646959,12814369.250808699
OBL02874,BBB,energy,south,2370113.7626862978,3.101214925034384,1,0.006,0.39999999999999997,5688.273030447114,0.058787730553698014,139333.60926241343,1741670.115780168
OBL02875,A,energy,south,5363203.882823015,3.6654601010501207,1,0.0024,0.39999999999999997,5148.675727510093,0.042516869802363945,228026.6412095189,2850333.015118986
OBL02876,A,industrials,south,307707.5139404699,2.1598445961605193,1,0.002,0.35,215.3952597583289,0.025355192867315864,7801.983362682899,97524.79203353623
OBL02877,CCC,industrials,east,470286.9730285531,3.581824407320501,0,0.12,0.55,31038.94021988451,0.2135701067016538,100439.23901010587,1255490.4876263235
OBL02878,BBB,consumer,south,778599.0824822482,2.1162556852451364,1,0.00525,0.35,1430.675814061131,0.041475188254788346,32292.543520956722,403656.79401195905
OBL02879,CCC,healthcare,east,19559423.294033162,1.3843834834188953,1,0.096,0.35,657196.6226795142,0.110288018753642,2157170.0430627516,26964625.538284395
OBL02880,B,industrials,south,282370.93453475856,4.998961357282102,0,0.045,0.55,6988.680629735275,0.17099686859427796,48284.545587483575,603556.8198435447
OBL02881,BB,real_estate,west,9238408.517304407,1.664892408844525,0,0.01875,0.5,86610.07984972882,0.09077417688160731,838608.9288543379,10482611.610679224
OBL02882,BBB,healthcare,south,1662616.9356168674,2.3112135558809683,1,0.004,0.35,2327.6637098636143,0.03771865588916504,62711.676070030684,783895.9508753836
OBL02883,B,technology,east,7061188.2887985585,4.957435830549947,1,0.03825,0.35,94531.65821629069,0.10429870193126076,736472.77261391,9205909.657673875
OBL02884,BBB,real_estate,north,5511782.504266314,1.01602611302558,1,0.00625,0.3,10334.59219549934,0.03139594562733456,173047.62381363913,2163095.297670489
OBL02885,BB,healthcare,south,675006.2198851607,3.5708300608215366,1,0.012,0.35,2835.0261235176745,0.0697108454913462,47055.254300112094,588190.6787514011
OBL02886,BBB,industrials,north,4839072.9342166865,1.037973296531037,1,0.005,0.35,8468.3776348792,0.03273303667312938,158397.5518196626,1979969.3977457825
OBL02887,B,financials,north,666468.7053793285,3.2100068501113554,1,0.0405,0.35,9447.19389875198,0.09253389217728662,61670.943323106585,770886.7915388324
OBL02888,BB,healthcare,south,149020.60303397867,2.3222158448556316,1,0.012,0.35,625.8865327427104,0.05976608572634182,8906.378135919922,111329.72669899903
OBL02889,A,industrials,north,1492185.1613756567,2.959552183115161,1,0.002,0.35,1044.5296129629596,0.02995594909018265,44699.822727295155,558747.7840911894
OBL02890,BBB,healthcare,north,827268.0422510018,4.533569843672554,1,0.004,0.35,1158.1752591514025,0.05308901064906634,43918.8419046957,548985.5238086962
OBL02891,BBB,consumer,west,12674731.841242226,1.0780457213961556,0,0.00525,0.55,36598.28819158693,0.0532628126001315,675091.8668170044,8438648.335212555
OBL02892,BB,healthcare,north,2771438.700153024,4.211088809331221,0,0.012,0.55,18291.49542100996,0.11755900264457819,325807.5694805757,4072594.618507196
OBL02893,BBB,healthcare,north,5716341.80679894,4.997746988686037,1,0.004,0.35,8002.878529518515,0.05629937229516639,321826.4555473976,4022830.6943424703
OBL02894,B,real_estate,west,3463800.089450736,4.762976568689054,0,0.056249999999999994,0.5,97419.37751580194,0.16261196057766833,563255.3235946872,7040691.544933589
OBL02895,A,technology,east,9157479.687368799,4.252361301841379,0,0.0017,0.55,8562.243507689827,0.05430151026898163,497264.97728164756,6215812.216020594
OBL02896,CCC,financials,south,787507.4952460927,3.887067444948186,1,0.108,0.35,29767.783320302304,0.13348188923399448,105117.98825137939,1313974.8531422424
OBL02897,BB,industrials,east,578586.6463470733,1.522690967663169,1,0.015,0.35,3037.5798933221345,0.057900156661643574,33500.25746583051,418753.2183228814
OBL02898,BBB,real_estate,south,2798112.097200784,1.4187642856467844,0,0.00625,0.5,8744.10030375245,0.056648867313534926,158509.88092272414,1981373.5115340517
OBL02899,A,energy,east,1220353.670893492,1.5237646199453319,0,0.0024,0.6000000000000001,1757.3092860866286,0.04148060205804787,50621.00499241085,632762.5624051357
OBL02900,BBB,real_estate,north,8853410.158403963,1.2723284902629057,1,0.00625,0.3,16600.14404700743,0.03304636806415186,292573.0507175184,3657163.1339689796
OBL02901,BB,technology,west,1876015.3574527411,3.837583901350366,0,0.01275,0.55,13155.557694137347,0.11484969170778538,215459.7854425181,2693247.3180314763
OBL02902,BBB,industrials,east,975490.487751439,4.108353399517615,0,0.005,0.55,2682.5988413164573,0.08635611722666083,84239.57091375582,1052994.6364219477
OBL02903,BB,healthcare,west,1686338.2532584798,1.733511464350491,1,0.012,0.35,7082.620663685615,0.05507726866670232,92878.90503765478,1160986.3129706848
OBL02904,A,energy,east,1851164.353890094,3.4776996574540324,1,0.0024,0.39999999999999997,1777.11777973449,0.04121383262286657,76293.57783864326,953669.7229830408
OBL02905,BB,healthcare,west,122371.2383835301,2.118362311580977,0,0.012,0.55,807.6501733312988,0.09136673260786145,11180.660216280867,139758.25270351084
OBL02906,BBB,energy,east,4127133.758821583,4.5262518429114,0,0.006,0.6000000000000001,14857.681531757702,0.10642072023026794,439212.5471004458,5490156.838755572
OBL02907,BBB,industrials,west,1849738.6103662138,3.5257614898524414,1,0.005,0.35,3237.0425681408738,0.05073757735390474,93851.25582796003,1173140.6978495005
OBL02908,CCC,industrials,north,2693142.3851970867,2.0504134056343393,1,0.12,0.35,113111.98017827763,0.12509107798627306,336888.0841348262,4211101.051685328
OBL02909,A,industrials,west,11043785.70882773,3.727026436381489,0,0.002,0.55,12148.164279710503,0.054011988475574056,596496.8264319128,7456210.330398911
OBL02910,BBB,real_estate,south,4622144.218967304,1.4730431987740147,1,0.00625,0.3,8666.520410563695,0.03433884167246037,158719.07852239622,1983988.4815299527
OBL02911,B,energy,west,634248.2571526727,2.9505767132976843,0,0.054,0.6000000000000001,20549.6435317466,0.169800814677753,107695.8707724688,1346198.38465586
OBL02912,BBB,industrials,east,2377651.8936482063,4.942509709435976,0,0.005,0.55,6538.542707532568,0.09584272027315449,227880.6253498611,2848507.8168732636
OBL02913,BB,industrials,west,4461656.117078588,2.2346007179779583,1,0.015,0.35,23423.694614662585,0.06358358613347417,283688.09601820837,3546101.2002276047
OBL02914,A,consumer,west,5316257.988415209,3.3248463725442954,1,0.0021000000000000003,0.35,3907.449621485179,0.032861280361022455,174699.04422883745,2183738.052860468
OBL02915,BBB,industrials,south,1103269.2426396501,2.919729281790738,0,0.005,0.55,3033.990417259038,0.07283826087013791,80360.21290538632,1004502.6613173289
OBL02916,BB,industrials,north,8000155.66893999,4.620782570825366,0,0.015,0.55,66001.28426875493,0.1298523710083227,1038839.1820475316,12985489.775594145
OBL02917,B,technology,east,4641912.44611245,1.3279148417284157,1,0.03825,0.35,62143.60287233042,0.07680992125514197,356544.9294591607,4456811.618239509
OBL02918,CCC,energy,east,9291735.271388631,4.359970385331616,1,0.144,0.39999999999999997,535203.9516319851,0.17021683144397035,1581609.7365119527,19770121.706399407
OBL02919,BB,financials,east,1581765.810906872,3.8835684789551195,0,0.0135,0.55,11744.611145983525,0.11726238199849175,185481.6267507157,2318520.334383946
OBL02920,BBB,energy,north,553977.2089642611,3.5075195459806783,1,0.006,0.39999999999999997,1329.5453015142266,0.062254607064126055,34487.63346655133,431095.4183318916
OBL02921,BB,real_estate,south,1195632.19176643,1.4272889839955192,0,0.01875,0.5,11209.05179781028,0.08807944514656396,105310.6200501573,1316382.7506269664
OBL02922,A,financials,north,7630387.184380323,2.9476490300888276,0,0.0018000000000000002,0.55,7554.083312536521,0.04442608531148387,338988.2320129334,4237352.900161668
OBL02923,BBB,energy,west,4798519.76665796,3.7518805025322366,1,0.006,0.39999999999999997,11516.447439979102,0.06433966644238576,308735.1612039679,3859189.515049598
OBL02924,B,industrials,north,3349702.4413752654,4.734295502376483,1,0.045,0.35,52757.81345166043,0.1068330023942648,357858.76893951837,4473234.611743979
OBL02925,BB,industrials,west,2013437.9627929097,2.525695929331078,0,0.015,0.55,16610.863193041507,0.10356893334556055,208529.6221639201,2606620.2770490013
OBL02926,B,industrials,north,254548.56216542906,4.885289145374042,1,0.045,0.35,4009.1398541055078,0.10796442369669508,27482.18881701291,343527.3602126614
OBL02927,BBB,energy,west,2019254.3725007672,2.9232838038112456,0,0.006,0.6000000000000001,7269.315741002763,0.08590424580974518,173462.52396770866,2168281.549596358
OBL02928,BB,real_estate,south,696281.882026235,1.4165079054836358,0,0.01875,0.5,6527.642643995953,0.0879571737002562,61242.986441722845,765537.3305215356
OBL02929,BB,financials,north,1970064.8311211965,1.4068004248885306,1,0.0135,0.35,9308.556327047654,0.05484951743591023,108057.10530445562,1350713.816305695
OBL02930,BBB,financials,south,1232206.6555266825,4.8387554964165,0,0.0045000000000000005,0.55,3049.7114724285398,0.09090156344865992,112009.51147921977,1400118.8934902472
OBL02931,B,consumer,north,1031135.3548833939,3.465956555270401,0,0.04725,0.55,26796.6300350322,0.1551575349662224,159988.41988022832,1999855.248502854
OBL02932,A,energy,south,13307875.766887752,2.1860399280738014,0,0.0024,0.6000000000000001,19163.341104318366,0.04837478061631948,643765.5706924294,8047069.633655368
OBL02933,BBB,technology,east,1383779.2626879676,2.9125456994248626,1,0.00425,0.35,2058.371653248352,0.04306005650989795,59585.61324856881,744820.1656071101
OBL02934,A,real_estate,north,1255279.479300994,2.3185911202194665,0,0.0025,0.5,1569.0993491262425,0.04238274244447332,53202.18686704661,665027.3358380826
OBL02935,BBB,real_estate,south,1288400.6381879924,2.1413220907038384,0,0.00625,0.5,4026.2519943374764,0.06440354641703376,82977.57030527628,1037219.6288159535
OBL02936,BB,real_estate,south,879930.1031117118,2.3704684312733315,0,0.01875,0.5,8249.344716672298,0.09877632626279925,86916.26295342103,1086453.2869177628
OBL02937,BBB,technology,south,1821297.7419123228,1.0968249631127276,1,0.00425,0.35,2709.1803910945805,0.030336808459466305,55252.36074405263,690654.5093006579
OBL02938,BBB,financials,north,1045730.7074427846,2.4080900069452977,1,0.0045000000000000005,0.35,1647.0258642223857,0.04061157655591864,42468.772682187606,530859.658527345
OBL02939,A,consumer,west,688283.488780575,1.2215549393800362,0,0.0021000000000000003,0.55,794.9674295415642,0.03234076427165368,22259.614062723966,278245.17578404956
OBL02940,BB,healthcare,east,3747281.182884648,4.8918333790554325,1,0.012,0.35,15738.58096811552,0.08023215822399606,300652.45677500416,3758155.709687552
OBL02941,BB,financials,north,5961231.585896546,2.641031474470173,1,0.0135,0.35,28166.81924336118,0.06470236347630771,385705.7728371246,4821322.160464058
OBL02942,CCC,real_estate,east,2533958.4313534126,4.173180304253913,0,0.15,0.5,190046.88235150595,0.2132216975165758,540294.9181696143,6753686.477120179
OBL02943,BBB,consumer,east,8614522.896281263,2.6208279636272227,0,0.00525,0.55,24874.43486301215,0.07096478833360147,611327.7939295633,7641597.4241195405
OBL02944,BBB,technology,south,4418498.038184348,1.0233722060682893,0,0.00425,0.55,10328.239164255912,0.046863307940694175,207065.43419878618,2588317.927484827
OBL02945,BB,industrials,north,4753355.914465886,3.3049193004245963,0,0.015,0.55,39215.186294343555,0.11334450467224151,538766.7716560054,6734584.645700067
OBL02946,B,consumer,west,3439877.1123111197,1.9526779974691557,0,0.04725,0.55,89393.80645618524,0.13739014124332474,472605.20232010476,5907565.02900131
OBL02947,B,industrials,east,1000395.6142676822,1.4494993955881315,1,0.045,0.35,15756.230924715994,0.08221946095252047,82251.98814435443,1028149.8518044304
OBL02948,BB,financials,east,2924117.471994103,3.3598248181271395,1,0.0135,0.35,13816.455055172137,0.07044047884159138,205976.23491632828,2574702.9364541033
OBL02949,BBB,industrials,south,3339051.933662607,2.1060321732742575,0,0.005,0.55,9182.39281757217,0.06358433402598204,212311.39348010442,2653892.4185013054
OBL02950,A,technology,south,2872187.080063575,2.1699898014590304,0,0.0017,0.55,2685.4949198594427,0.036412080799784016,104582.30803137062,1307278.8503921328
OBL02951,BBB,real_estate,west,2687095.4860634673,1.4855202265119734,1,0.00625,0.3,5038.304036369001,0.03441918570494842,92487.63854174712,1156095.4817718389
OBL02952,CCC,technology,west,2056554.0017970416,1.1484223666682896,1,0.102,0.35,73418.97786415438,0.11131928169528255,228934.1142476055,2861676.428095069
OBL02953,BB,energy,east,1064371.2786489918,4.734663406097258,1,0.018,0.39999999999999997,7663.47320627274,0.09956973517096587,105979.16633866244,1324739.5792332806
OBL02954,BBB,industrials,west,426793.2219466421,3.420153214649149,0,0.005,0.55,1173.681360353266,0.07852942828030537,33515.82771337929,418947.8464172411
OBL02955,BB,technology,north,6829998.507790994,1.441386477583909,1,0.01275,0.35,30478.868341017307,0.05397290162652515,368634.83757031686,4607935.469628961
OBL02956,CCC,healthcare,east,1495393.0039248902,4.297756894052647,1,0.096,0.35,50245.20493187631,0.13130273213082294,196349.1870246565,2454364.837808206
OBL02957,CCC,industrials,east,2134273.424783577,2.1216254887651678,1,0.12,0.35,89639.48384091024,0.12559408686621443,268052.12190852157,3350651.5238565197
OBL02958,BB,consumer,south,1591467.5563240051,1.0737387057062269,1,0.01575,0.35,8772.964904236078,0.05530264749969221,88012.369274583,1100154.6159322876
OBL02959,BBB,financials,east,2802185.291516362,3.2836549478780976,1,0.0045000000000000005,0.35,4413.441834138271,0.04681985595430936,131197.91170608046,1639973.8963260057
OBL02960,BB,consumer,east,763410.2042700044,2.08078490617648,1,0.01575,0.35,4208.298751038399,0.06333751830801942,48352.50778948025,604406.3473685031
OBL02961,BBB,industrials,west,3605709.5871405057,2.242925065025548,1,0.005,0.35,6309.991777495884,0.04145347484888401,149469.1916829089,1868364.896036361
OBL02962,B,energy,south,919378.027727161,2.953087510439856,1,0.054,0.39999999999999997,19858.565398906674,0.11322183047435691,104093.66319717323,1301170.7899646654
OBL02963,BB,financials,west,5776509.390214262,3.5407472374282207,1,0.0135,0.35,27294.006868762386,0.07188477952032897,415243.10391266213,5190538.7989082765
OBL02964,BB,industrials,north,857267.8488918832,2.164608024641006,1,0.015,0.35,4500.656206682386,0.0630248094964803,54029.1428638684,675364.285798355
OBL02965,BBB,technology,north,5135905.330290866,1.1510288784763976,0,0.00425,0.55,12005.1787095549,0.048268990011451324,247904.96308756943,3098812.038594618
OBL02966,B,energy,north,716219.214991189,4.137595027084835,1,0.054,0.39999999999999997,15470.33504380968,0.12326447095540859,88284.38262398695,1103554.782799837
OBL02967,B,real_estate,north,6185745.5360062495,2.966709366935268,0,0.056249999999999994,0.5,173974.09320017576,0.1436126184977947,888351.113786902,11104388.922336275
OBL02968,BB,real_estate,north,749151.3239592969,3.687833544806896,0,0.01875,0.5,7023.293662118408,0.113716959295904,85191.21061315195,1064890.1326643995
OBL02969,A,technology,north,5470238.014793379,1.9229591682559821,1,0.0017,0.35,3254.7916188020604,0.02182082459052671,119365.10418923738,1492063.8023654672
OBL02970,BB,industrials,north,7909859.112492875,2.009918362665815,0,0.015,0.55,65256.33767806622,0.09709836203227648,768034.3637291343,9600429.54661418
OBL02971,B,consumer,west,3081229.4973749868,2.051090923388721,1,0.04725,0.35,50955.832812838846,0.0881653861248662,271657.78837539314,3395722.3546924144
OBL02972,BB,financials,south,4677069.972888398,4.086499215637693,1,0.0135,0.35,22099.15562189768,0.07624150852934472,356586.87023031287,4457335.877878911
OBL02973,BBB,healthcare,east,516432.5296269439,2.9281755388992337,0,0.004,0.55,1136.1515651792768,0.06597755137001111,34072.95375260648,425911.92190758104
OBL02974,BB,financials,west,1443803.4300110312,2.407893279185032,0,0.0135,0.55,10720.240467831907,0.09875049662050632,142576.30573597978,1782203.8216997474
OBL02975,A,healthcare,north,4751823.733381236,1.7165749932894054,1,0.0016,0.35,2661.021290693492,0.019945622155819735,94778.08073707882,1184726.0092134853
OBL02976,A,financials,north,10005294.761617295,4.30864148334576,1,0.0018000000000000002,0.35,6303.3356998188965,0.03584848540455439,358674.6632301021,4483433.290376277
OBL02977,BBB,energy,south,10062738.618742425,1.301038198958632,1,0.006,0.39999999999999997,24150.572684981817,0.04342735785669088,436998.15101447055,5462476.887680882
OBL02978,BB,industrials,south,4851462.284021208,4.339950752358817,0,0.015,0.55,40024.56384317497,0.1263292586710109,612881.6338107686,7661020.422634607
OBL02979,B,healthcare,west,7151810.238236161,1.580687831733012,0,0.036,0.55,141605.842717076,0.12127472452144868,867333.8164717667,10841672.705897084
OBL02980,BBB,consumer,south,4563804.97163206,1.178150713539667,0,0.00525,0.55,13177.986855587573,0.05441142326806415,248323.12402436748,3104039.0503045935
OBL02981,BBB,industrials,east,374557.3399886724,3.7363014522675,1,0.005,0.35,655.4753449801766,0.052261290396842665,19574.849915416937,244685.6239427117
OBL02982,BBB,industrials,east,4573533.701197558,4.756560964202743,0,0.005,0.55,12577.217678293286,0.09372798240922356,428668.08629383583,5358351.078672948
OBL02983,BBB,technology,south,2061452.1796747735,4.702776865053906,1,0.00425,0.35,3066.410117266226,0.05560469221977845,114626.4139766072,1432830.1747075901
OBL02984,BBB,real_estate,west,5275991.988919863,4.389209156671102,0,0.00625,0.5,16487.47496537457,0.08852845758051528,467075.4329862305,5838442.912327881
OBL02985,B,industrials,north,9792116.928205788,3.7339680667581443,0,0.045,0.55,242354.89397309328,0.1561015925821931,1528565.0472439763,19107063.090549704
OBL02986,BBB,technology,north,2510008.346187752,2.890726672399786,0,0.00425,0.55,5867.144509213871,0.06742554447368837,169238.67937521127,2115483.4921901408
OBL02987,BBB,consumer,east,2768682.952189297,2.1581727820327834,1,0.00525,0.35,5087.454924647833,0.04178125324856665,115679.04359041016,1445988.044880127
OBL02988,BBB,real_estate,east,6070518.553537281,1.5331707851718694,1,0.00625,0.3,11382.222287882401,0.03472602465036464,210804.97693063153,2635062.211632894
OBL02989,B,energy,north,942463.0363736453,2.9893291680804204,0,0.054,0.6000000000000001,30535.802378506112,0.17029364857581492,160495.469111909,2006193.3638988626
OBL02990,CCC,healthcare,north,2462934.214145661,4.868957615833356,1,0.096,0.35,82754.5895952942,0.13542291096037073,333537.7207834985,4169221.509793731
OBL02991,BB,financials,north,2321852.985097477,1.0089228026098755,1,0.0135,0.35,10970.75535458558,0.05167326696274331,119977.72914718441,1499721.6143398052
OBL02992,BB,consumer,south,4082239.5780560556,4.849362293952784,0,0.01575,0.55,35362.40034491058,0.13424248010532422,548009.9653423572,6850124.5667794645
OBL02993,BB,consumer,west,1280754.867534324,2.2029171134522954,1,0.01575,0.35,7060.161207282961,0.06431196864261061,82367.86687973836,1029598.3359967294
OBL02994,B,industrials,east,779449.4593603399,2.1570232631797777,1,0.045,0.35,12276.328984925354,0.08752105882034585,68218.24198016307,852728.0247520384
OBL02995,B,industrials,north,1127742.507105694,1.891447920985894,0,0.045,0.55,27911.627050865925,0.13440594697308722,151575.29960934434,1894691.2451168043
OBL02996,A,financials,west,2851085.2301419796,1.419162527208694,0,0.0018000000000000002,0.55,2822.5743778405604,0.031053440092241986,88536.00439208992,1106700.054901124
OBL02997,BBB,industrials,west,1572986.2296686238,2.275047340842073,1,0.005,0.35,2752.7259019200915,0.04168594915005254,65571.42398369912,819642.799796239
OBL02998,BB,energy,west,1344846.4081414025,1.6742816936364147,1,0.018,0.39999999999999997,9682.894138618096,0.07175974247967074,96505.83192293721,1206322.8990367153
OBL02999,B,industrials,east,4157683.0498430976,3.7492826361989513,0,0.045,0.55,102902.65548361668,0.15628192139542543,649770.6955826717,8122133.694783396
OBL03000,CCC,technology,north,3122541.9225780712,4.813844097749927,1,0.102,0.35,111474.74663603713,0.13763675836485262,429776.54808200034,5372206.851025004
OBL03001,A,consumer,north,2698862.016548661,2.7229101015810167,1,0.0021000000000000003,0.35,1983.663582163266,0.029346667391996293,79202.60593654595,990032.5742068244
OBL03002,BBB,consumer,north,401437.0919505686,1.8037247717069174,1,0.00525,0.35,737.6406564591698,0.03919318927494027,15733.599926800236,196669.99908500296
OBL03003,BB,consumer,south,2340876.424217514,1.6949133483354344,1,0.01575,0.35,12904.081288499046,0.06025878357428726,141058.36582107464,1763229.572763433
OBL03004,BB,energy,north,3311937.0344501208,1.0782984431040394,1,0.018,0.39999999999999997,23845.946648040866,0.06634398346701074,219727.09585733942,2746588.698216743
OBL03005,A,industrials,west,4536558.650289972,1.3830089932554084,1,0.002,0.35,3175.5910552029804,0.020886020269091074,94750.65592187681,1184383.19902346
OBL03006,BB,financials,north,1257635.2831311855,3.244230529646811,1,0.0135,0.35,5942.326712794851,0.06951769154991529,87427.90169500413,1092848.7711875516
OBL03007,BB,real_estate,east,1456189.5945273633,4.700298048201489,1,0.01875,0.3,8191.066469216418,0.07511977381368598,109388.63297073863,1367357.912134233
OBL03008,BB,financials,north,3369308.0772166303,4.515516023179918,1,0.0135,0.35,15919.98066484858,0.07966634260306955,268420.4516148296,3355255.64518537
OBL03009,B,financials,north,1842115.5635109863,1.726219503930111,0,0.0405,0.55,41033.124177207224,0.12782037023859608,235459.8933502543,2943248.6668781787
OBL03010,BB,healthcare,south,777437.4373051781,3.9700205100287547,0,0.012,0.55,5131.087086214176,0.11454182577057666,89049.10349133333,1113113.7936416666
OBL03011,A,real_estate,north,11112909.938029671,4.898747549281021,1,0.0025,0.3,8334.682453522253,0.03901578483635622,433578.9030479704,5419736.28809963
OBL03012,BB,real_estate,west,1396013.2110091916,1.0324882325643423,0,0.01875,0.5,13087.623853211171,0.08360189136308362,116709.34480821996,1458866.8101027496
OBL03013,BB,real_estate,west,3008795.0466352445,1.4735971707332185,1,0.01875,0.3,16924.47213732325,0.05316278411238453,159955.92150268145,1999449.018783518
OBL03014,B,industrials,south,2668152.239054684,3.5668759617920065,1,0.045,0.35,42023.39776511127,0.09808532725464324,261706.58553288778,3271332.319161097
OBL03015,CCC,healthcare,west,397226.4348200126,2.4622366427641853,0,0.096,0.55,20973.555758496666,0.18552722167816021,73696.31682927774,921203.9603659718
OBL03016,BB,healthcare,north,1371886.038927249,1.9081866367274278,1,0.012,0.35,5761.921363494445,0.05646849311696662,77468.33734642595,968354.2168303244
OBL03017,BBB,technology,north,1127968.32869108,4.345087601416371,1,0.00425,0.35,1677.8528889279817,0.05309826645990088,59893.162875168025,748664.5359396003
OBL03018,BB,real_estate,north,4436377.090161577,2.008329796534893,0,0.01875,0.5,41591.035220264785,0.09466920334512628,419988.28486416594,5249853.560802074
OBL03019,BBB,energy,west,5079227.429064416,1.6311983853942844,0,0.006,0.6000000000000001,18285.218744631904,0.06936677482500661,352329.6253569086,4404120.316961357
OBL03020,BB,energy,north,1404911.2549667258,3.5757434585114467,1,0.018,0.39999999999999997,10115.361035760425,0.08903851446051342,125091.21109109287,1563640.138638661
OBL03021,BBB,financials,south,1048000.0246506542,3.814713720861847,1,0.0045000000000000005,0.35,1650.6000388247803,0.05058538045799401,53013.479966940446,662668.4995867555
OBL03022,BBB,industrials,south,1243226.5663352085,1.8651229392214712,0,0.005,0.55,3418.873057421824,0.060844547433805705,75643.55778635,945544.4723293749
OBL03023,B,industrials,north,2740053.1965386183,1.14364763900294,1,0.045,0.35,43155.83784548324,0.07992766120574703,219006.04357866285,2737575.5447332854
OBL03024,B,energy,north,818511.6446365641,4.563451440953998,1,0.054,0.39999999999999997,17679.85152414978,0.12687502031954553,103848.6815450487,1298108.5193131089
OBL03025,BB,real_estate,east,1197647.3227646449,1.2325834129212807,1,0.01875,0.3,6736.766190551127,0.05152273850570875,61706.06983286497,771325.872910812
OBL03026,BBB,financials,west,15516745.402753972,4.15872398320914,1,0.0045000000000000005,0.35,24438.874009337505,0.05302461908521721,822769.5144233246,10284618.930291558
OBL03027,B,technology,north,898051.0258227093,1.4398864173806287,0,0.03825,0.55,18892.748455745248,0.12203393180070937,109592.6976388056,1369908.72048507
OBL03028,BB,industrials,east,952045.1943925117,4.313525172321299,0,0.015,0.55,7854.372853738222,0.1259977425074965,119955.54525856716,1499444.3157320896
OBL03029,A,energy,west,7595580.406440106,2.961916203080345,1,0.0024,0.39999999999999997,7291.7571901825,0.03763435121162587,285854.74067211093,3573184.2584013864
OBL03030,B,industrials,east,1234953.432569834,4.983653531621122,1,0.045,0.35,19450.516562974884,0.10870148493842048,134241.27195014048,1678015.899376756
OBL03031,B,healthcare,east,1595093.6164659227,3.359173008252015,0,0.036,0.55,31582.85360602527,0.14253311102138086,227353.65552523325,2841920.6940654158
OBL03032,BB,consumer,north,6656591.39586163,3.492490706275735,0,0.01575,0.55,57662.722966651374,0.11723018542762172,780353.4436527702,9754418.045659628
OBL03033,BBB,healthcare,north,520377.50976856536,2.037494884486924,1,0.004,0.35,728.5285136759915,0.03582555121155456,18642.811125554974,233035.13906943717
OBL03034,B,industrials,west,37302013.5538368,1.4904675301560784,1,0.045,0.35,587506.7134729296,0.08252644222173691,3078402.46630516,38480030.8288145
OBL03035,CCC,financials,north,1494018.975838654,2.6192338331739182,1,0.108,0.35,56473.91728670112,0.12442461487663381,185892.7356871074,2323659.1960888426
OBL03036,B,industrials,west,1131085.0921068804,3.7557826631864164,1,0.045,0.35,17814.590200683368,0.09950083761578424,112543.91407936106,1406798.9259920132
OBL03037,B,real_estate,south,2920295.970449598,2.987955129849682,1,0.056249999999999994,0.3,49279.99450133696,0.08630240254812865,252028.55840141923,3150356.9800177403
OBL03038,B,real_estate,west,1923071.8184912265,3.9744502525588943,1,0.056249999999999994,0.3,32451.836937039443,0.09256297166997637,178005.24225433334,2225065.528179167
OBL03039,CCC,healthcare,north,726269.1060683447,1.3055640582073837,0,0.096,0.55,38347.00880040861,0.17241632466701742,125220.64998750424,1565258.124843803
OBL03040,BBB,industrials,north,121595348.4033688,2.57751398010507,0,0.005,0.55,334387.20810926426,0.06894635154220183,8383555.636915175,104794445.46143968
OBL03041,BBB,consumer,west,1699161.2283882855,1.6899526501288058,0,0.00525,0.55,4906.328046971174,0.06028386930344374,102432.01341763831,1280400.167720479
OBL03042,CCC,technology,west,851362.4113962528,1.883864950772868,0,0.102,0.55,47761.43127932979,0.1832281141672393,155993.52911300876,1949919.1139126094
OBL03043,BBB,financials,east,2365600.168455741,3.121839269723885,1,0.0045000000000000005,0.35,3725.820265317792,0.04567248596031308,108042.84048150908,1350535.5060188635
OBL03044,BB,real_estate,west,5997680.499099546,2.449673646357894,1,0.01875,0.3,33736.952807434944,0.05980476982374348,358689.90172500326,4483623.771562541
OBL03045,BBB,technology,south,614995.8146208279,4.482550710550159,0,0.00425,0.55,1437.5527166761854,0.08495379793681175,52246.23016728275,653077.8770910344
OBL03046,BBB,energy,south,1969115.5656356742,4.578356975174861,1,0.006,0.39999999999999997,4725.877357525617,0.0713917444196256,140578.59519456857,1757232.439932107
OBL03047,B,real_estate,east,2182226.8352853814,1.7571849763127494,0,0.056249999999999994,0.5,61375.12974240135,0.13081932826293918,285477.4487093932,3568468.108867415
OBL03048,BBB,financials,west,5728231.3084031595,2.260401798814555,0,0.0045000000000000005,0.55,14177.372488297824,0.06217259522372899,356139.0064852411,4451737.581065514
OBL03049,B,real_estate,south,3035096.053671191,3.427268646829047,1,0.056249999999999994,0.3,51217.24590570134,0.08909040684323154,270397.9422298529,3379974.2778731612
OBL03050,A,industrials,north,3900615.7218670445,3.922578435664856,1,0.002,0.35,2730.431005306931,0.035496285453720716,138457.3691086635,1730717.1138582937
OBL03051,A,consumer,east,3318526.837965909,2.669020791853946,0,0.0021000000000000003,0.55,3832.8984978506255,0.04562173947737188,151396.96685034738,1892462.0856293424
OBL03052,B,real_estate,east,20425354.430981312,1.6558927855095207,1,0.056249999999999994,0.3,344677.8560228096,0.07784876888144676,1590088.6964190986,19876108.705238733
OBL03053,CCC,technology,north,1648172.1382365033,4.821000288675188,1,0.102,0.35,58839.74533504316,0.13768813932495375,226933.7550010146,2836671.9375126823
OBL03054,BB,energy,west,494030.8743509301,3.763010173970462,0,0.018,0.6000000000000001,5335.533442990045,0.1361103385652061,67242.7095695699,840533.8696196236
OBL03055,B,real_estate,north,3065668.600803807,2.9591807726130908,1,0.056249999999999994,0.3,51733.15763856423,0.08611979257037054,264014.74399072194,3300184.299884024
OBL03056,BB,consumer,south,1984617.189936826,2.402342411896927,0,0.01575,0.55,17191.746407827755,0.10356203569643198,205530.9962679901,2569137.453349876
OBL03057,B,energy,west,3224920.2416543416,1.8005345890611983,0,0.054,0.6000000000000001,104487.41582960068,0.15517516718779242,500427.5376660084,6255344.220825105
OBL03058,BBB,energy,west,2612342.464504265,3.359671262719254,0,0.006,0.6000000000000001,9404.432872215357,0.0914895924415776,239002.14739532163,2987526.8424415207
OBL03059,A,consumer,east,340410.3733106096,2.4679634092015656,1,0.0021000000000000003,0.35,250.20162438329808,0.027858073009715243,9483.177032951384,118539.7129118923
OBL03060,B,energy,south,3902217.7291624984,1.3661798462001498,1,0.054,0.39999999999999997,84287.90294990996,0.09976751049357332,389314.5482424274,4866431.853030343
OBL03061,BB,industrials,west,5373238.979881005,1.2401486806206576,0,0.015,0.55,44329.2215840183,0.08744138983265047,469843.48430376814,5873043.553797102
OBL03062,BBB,consumer,south,9598404.788031915,2.87554567194596,0,0.00525,0.55,27715.39382544216,0.07388743455554837,709201.5056133703,8865018.82016713
OBL03063,BB,energy,west,1883890.2380846879,2.900409557020002,1,0.018,0.39999999999999997,13564.009714209751,0.08290168819855044,156177.68111798973,1952221.0139748717
OBL03064,BB,industrials,west,2282238.935343079,3.58408730649273,1,0.015,0.35,11981.754410551162,0.074357018925501,169700.4837078206,2121256.0463477573
OBL03065,CCC,technology,north,8480824.666623939,4.113745294445504,1,0.102,0.35,302765.4405984746,0.13261009696703277,1124642.981401404,14058037.267517548
OBL03066,BBB,consumer,west,5253386.763816909,1.3542549594946842,0,0.00525,0.55,15169.154280521327,0.05643205392035153,296459.40512017685,3705742.5640022107
OBL03067,B,financials,north,4876845.964165536,1.4615600590625446,0,0.0405,0.55,108631.74385178732,0.12468288018567665,608059.2010340522,7600740.012925652
OBL03068,B,industrials,south,6448588.6807922525,2.4667690739408563,0,0.045,0.55,159602.56984960826,0.14118034446044905,910413.971238003,11380174.640475037
OBL03069,B,healthcare,west,962583.9800318762,1.4565671478022897,0,0.036,0.55,19059.162804631153,0.11979109929562605,115308.9931323774,1441362.4141547177
OBL03070,CCC,energy,north,7385087.583404746,4.23206506096373,1,0.144,0.39999999999999997,425381.0448041133,0.16921210784558963,1249646.2366122087,15620577.957652608
OBL03071,BB,consumer,north,2363702.43380817,3.958286618902929,0,0.01575,0.55,20475.57233286327,0.12307027921191965,290901.5185026655,3636268.9812833187
OBL03072,A,consumer,south,579286.0676914022,3.1284119000271216,0,0.0021000000000000003,0.55,669.0754081835696,0.049836803968839945,28869.766197416557,360872.077467707
OBL03073,BB,financials,north,3747826.913076324,2.818195325057626,1,0.0135,0.35,17708.48216428563,0.06611665956321448,247793.79611372034,3097422.4514215044
OBL03074,BBB,financials,west,2693196.3568810415,3.100178533586563,1,0.0045000000000000005,0.35,4241.784262087641,0.045518898378594644,122591.33128246944,1532391.641030868
OBL03075,BBB,industrials,south,687663.4254231964,2.6832796685108815,1,0.005,0.35,1203.4109944905936,0.044640395019058685,30697.56695105049,383719.5868881311
OBL03076,BBB,healthcare,north,2176779.1413435084,4.507131826825732,1,0.004,0.35,3047.4907978809115,0.052906158916283336,115165.02317757045,1439562.7897196305
OBL03077,BB,technology,south,1626056.4981970768,3.0652693813770027,0,0.01275,0.55,11402.721193607002,0.10516911683955305,171010.92584660286,2137636.5730825355
OBL03078,BB,technology,east,1007753.5394351647,4.0220355770691825,1,0.01275,0.35,4497.100169729421,0.07455744601648504,75135.53011435902,939194.1264294877
OBL03079,A,real_estate,west,4762305.275472827,1.7961867088827246,0,0.0025,0.5,5952.8815943410345,0.03779809849303791,180006.08385623596,2250076.0482029496
OBL03080,BBB,industrials,north,1283008.6250160635,3.469464318187808,0,0.005,0.55,3528.273718794175,0.07909022828804205,101473.44504804739,1268418.0631005925
OBL03081,BBB,industrials,east,384013.53246767604,2.592781081962782,0,0.005,0.55,1056.0372142861092,0.06911997959400987,26543.00752798941,331787.5940998676
OBL03082,BBB,financials,north,1467818.3210653448,4.721243573502939,0,0.0045000000000000005,0.55,3632.8503446367295,0.08959220224558907,131505.07588066737,1643813.448508342
OBL03083,BB,energy,east,1010029.1643279346,4.5677338921545605,0,0.018,0.6000000000000001,10908.314974741694,0.14707924513824422,148554.32705696425,1856929.088212053
OBL03084,CCC,financials,east,2525404.0527304546,1.880507239086357,1,0.108,0.35,95460.27319321118,0.11914722723239382,300894.89052428375,3761186.131553547
OBL03085,BBB,industrials,east,4708078.347796691,2.582190690625608,1,0.005,0.35,8239.137108644209,0.04390879712033103,206726.0570000282,2584075.7125003524
OBL03086,A,technology,south,4435347.5792556815,2.9175631149134067,0,0.0017,0.55,4147.049986604063,0.04283440268694049,189985.46426638457,2374818.3033298072
OBL03087,BBB,financials,south,3062323.620751002,4.382418214341898,1,0.0045000000000000005,0.35,4823.159702682828,0.05461074505001522,167235.77451347248,2090447.181418406
OBL03088,BBB,industrials,south,500067.9747479153,2.011884265408795,1,0.005,0.35,875.1189558088516,0.039781393806460126,19893.401033445774,248667.51291807217
OBL03089,A,industrials,north,6312750.329312934,1.378274760840457,0,0.002,0.55,6944.025362244228,0.03277808914637231,206919.8930530105,2586498.6631626314
OBL03090,A,real_estate,south,9393141.452760108,1.9286827593752571,0,0.0025,0.5,11741.426815950135,0.03896088962438636,365965.1473672347,4574564.342090433
OBL03091,BB,healthcare,west,3455322.813051746,3.3648519296758947,0,0.012,0.55,22805.130566141528,0.10696762107092828,369607.6613442531,4620095.766803164
OBL03092,B,real_estate,east,1939435.5804877277,3.5974864407932845,0,0.056249999999999994,0.5,54546.62570121734,0.15028442622810856,291466.9634199768,3643337.0427497104
OBL03093,BB,technology,north,2753066.1171549703,1.4724205521807794,0,0.01275,0.55,19305.87614654923,0.08520355624729317,234571.02376553052,2932137.7970691314
OBL03094,B,industrials,south,335500.7783710043,4.505380924358322,1,0.045,0.35,5284.137259343317,0.1051177061416221,35267.07223108871,440838.40288860886
OBL03095,BB,real_estate,east,1771709.3936655198,3.8430492919060475,1,0.01875,0.3,9965.865339368549,0.06928638459410606,122755.33843849966,1534441.7304812458
OBL03096,BB,financials,south,963003.3258435143,1.9935507901918066,1,0.0135,0.35,4550.190714610605,0.059533535890509755,57330.99306178512,716637.413272314
OBL03097,BBB,technology,west,2026797.9827211294,3.313528854006446,1,0.00425,0.35,3014.86199929768,0.045869854315120036,92968.92819359738,1162111.6024199673
OBL03098,BBB,financials,north,2596154.8363735112,4.056752992274733,1,0.0045000000000000005,0.35,4088.94386728828,0.05230158373666029,135783.00956792478,1697287.6195990597
OBL03099,BBB,financials,east,2370390.031019237,4.768831272270448,0,0.0045000000000000005,0.55,5866.715326772613,0.09012244194352535,213625.33795404245,2670316.7244255305
OBL03100,B,technology,east,1497535.954389266,3.2064491852754533,0,0.03825,0.55,31504.412640464183,0.14305863541055638,214235.4501131736,2677943.12641467
OBL03101,CCC,financials,east,22460091.821881205,3.4905704465731078,0,0.108,0.55,1334129.4542197436,0.20530612930084371,4611194.515691965,57639931.44614956
OBL03102,CCC,technology,north,2080773.1951521854,2.0687034774295667,0,0.102,0.55,116731.3762480376,0.18531360093940982,385595.5735318528,4819944.66914816
OBL03103,A,financials,east,1716731.2646808524,3.7192036387883687,0,0.0018000000000000002,0.55,1699.5639520340442,0.05117637458781587,87856.08226792217,1098201.0283490273
OBL03104,A,technology,east,724832.5777975044,1.7747595644870269,0,0.0017,0.55,677.7184602406667,0.033016700365934105,23931.580036607822,299144.7504575978
OBL03105,BBB,technology,north,7873891.197404387,4.766847617369626,1,0.00425,0.35,11712.413156139028,0.05605365337233232,441360.3678707642,5517004.598384553
OBL03106,A,energy,east,2174825.6666761152,2.739504574115541,0,0.0024,0.6000000000000001,3131.748960013606,0.054136257827790836,117736.92302167526,1471711.5377709407
OBL03107,A,healthcare,north,5225504.939188788,3.5015135812599523,1,0.0016,0.35,2926.2827659457207,0.02951375244659168,154224.25918366,1927803.23979575
OBL03108,BBB,consumer,north,3628933.7681463896,4.356299902728541,0,0.00525,0.55,10478.5462555227,0.0908776971752683,329789.1440507129,4122364.300633911
OBL03109,BB,technology,north,4953507.733539779,3.4115559335576675,1,0.01275,0.35,22105.02826092126,0.06968795588567411,345199.82841426565,4314997.855178321
OBL03110,B,financials,south,1082429.5459300003,3.365995623272745,1,0.0405,0.35,15343.438813557754,0.09371066778477483,101435.19557907092,1267939.9447383864
OBL03111,CCC,industrials,west,2800605.1831115913,2.7339495003184116,1,0.12,0.35,117625.41769068682,0.1299192575629733,363852.5461168728,4548156.82646091
OBL03112,A,financials,south,944939.7070200907,2.872982550174544,0,0.0018000000000000002,0.55,935.4903099498899,0.043772832342758326,41362.687369405605,517033.59211757005
OBL03113,BBB,real_estate,south,1865835.080802791,4.936466202533471,0,0.00625,0.5,5830.734627508722,0.09440176314595211,176138.1213673535,2201726.5170919187
OBL03114,B,healthcare,north,1591947.908353323,3.716008552580256,0,0.036,0.55,31520.568585395795,0.1467983970177988,233695.40108210544,2921192.513526318
OBL03115,B,real_estate,west,6156259.117711874,4.577883124960888,0,0.056249999999999994,0.5,173144.78768564644,0.16065420415329015,989028.9091174373,12362861.363967966
OBL03116,A,technology,east,4603643.40619859,2.0350618909407556,0,0.0017,0.55,4304.406584795682,0.03525292964054097,162291.91708885928,2028648.963610741
OBL03117,CCC,financials,south,3128118.1604022114,3.7333663613199146,0,0.108,0.55,185810.21872789136,0.2080317867998293,650748.0102294671,8134350.1278683385
OBL03118,BBB,healthcare,north,3891394.157049614,1.2723427572868284,1,0.004,0.35,5447.9518198694595,0.030533573635787237,118818.1700401466,1485227.1255018325
OBL03119,A,industrials,west,730242.3604968193,1.308117771739333,0,0.002,0.55,803.2665965465012,0.03214383459348518,23472.789648965936,293409.8706120742
OBL03120,BB,financials,west,790921.539782728,3.983420476083161,0,0.0135,0.55,5872.592432886755,0.1185149941762157,93736.06168119355,1171700.7710149193
OBL03121,BB,energy,east,1326879.834545488,1.3417195509819488,1,0.018,0.39999999999999997,9553.534808727512,0.06873771724701262,91206.69088775065,1140083.636096883
OBL03122,BB,industrials,north,1153231.1920681277,3.4416205735878322,1,0.015,0.35,6054.46375835767,0.073219656179466,84439.19137866404,1055489.8922333005
OBL03123,BBB,healthcare,east,2078730.8767519712,3.3205868681705057,1,0.004,0.35,2910.2232274527596,0.04469972637740972,92918.70140308612,1161483.7675385764
OBL03124,A,industrials,south,474492.40701514226,4.484399388555774,1,0.002,0.35,332.1446849105996,0.038728468425740514,18376.364203339555,229704.55254174443
OBL03125,BBB,industrials,west,622203.0291469449,3.128432583222843,0,0.005,0.55,1711.0583301540985,0.0752117793002423,46796.99690814224,584962.461351778
OBL03126,B,consumer,west,602010.4930906238,4.109603162205083,0,0.04725,0.55,15644.747689192587,0.16271458559967067,97955.88790989424,1224448.5988736781
OBL03127,BB,financials,south,495010.88210157724,3.5603724278977715,1,0.0135,0.35,2338.9264179299525,0.07204144709102046,35661.30027240015,445766.2534050019
OBL03128,B,consumer,south,954341.0229879069,4.898068424813696,1,0.04725,0.35,15782.414667662511,0.10943669617313989,104439.92857829109,1305499.1072286386
OBL03129,A,consumer,south,665439.3876077998,4.1807590258751635,0,0.0021000000000000003,0.55,768.582492687009,0.05949243492020884,39588.60946060066,494857.61825750826
OBL03130,A,healthcare,south,7530011.515902665,1.7423074130538572,1,0.0016,0.35,4216.806448905492,0.0200835603160805,151229.44046041192,1890368.005755149
OBL03131,BBB,industrials,south,417503.5908455794,2.510637584873018,1,0.005,0.35,730.6312839797639,0.04339095528523559,18115.87964180583,226448.49552257286
OBL03132,BBB,energy,west,652933.3175346032,3.759635580868582,0,0.006,0.6000000000000001,2350.559943124572,0.09660875732963049,63079.07642613105,788488.4553266381
OBL03133,B,industrials,east,825552.1912565061,3.002236674713071,0,0.045,0.55,20432.41673359853,0.14748546700044876,121756.9504607096,1521961.88075887
OBL03134,A,consumer,east,2761421.1084326115,3.0464769492698265,0,0.0021000000000000003,0.55,3189.4413802396666,0.049085023850760114,135544.42096940716,1694305.2621175896
OBL03135,B,industrials,north,3759455.7398874667,1.3879513177377896,1,0.045,0.35,59211.4279032276,0.08175827063337147,307366.5998159013,3842082.497698766
OBL03136,BBB,financials,north,2587462.576085791,1.7629481395434796,0,0.0045000000000000005,0.55,6403.969875812334,0.0566297830083738,146527.44422602621,1831593.0528253277
OBL03137,BBB,healthcare,south,965906.8982891736,1.2756488813529843,1,0.004,0.35,1352.2696576048431,0.030556439591195115,29514.675788291777,368933.4473536472
OBL03138,BBB,consumer,north,1804825.1513885336,1.3302580311268315,0,0.00525,0.55,5211.432624634392,0.0561567117288111,101353.04574743373,1266913.0718429217
OBL03139,BBB,healthcare,north,1941731.6856344272,3.4895304617714333,1,0.004,0.35,2718.424359888198,0.04586818122073246,89063.70083871823,1113296.2604839779
OBL03140,A,real_estate,west,4145563.537254909,2.485402461310703,0,0.0025,0.5,5181.9544215686365,0.04384668606625066,181769.22298571162,2272115.2873213952
OBL03141,BB,industrials,south,1702009.898660126,4.5378624137067405,0,0.015,0.55,14041.581663946039,0.12881211485020058,219239.49454238638,2740493.68177983
OBL03142,CCC,real_estate,south,26498134.39523892,4.595834738861348,1,0.15,0.3,1192416.0477857513,0.13040397782140098,3455462.129985239,43193276.62481549
OBL03143,BBB,consumer,west,3032841.09749923,3.54468306762582,1,0.00525,0.35,5572.845516654835,0.05190509994728772,157419.9202899393,1967749.0036242413
OBL03144,B,financials,east,12812574.287451504,2.7613543033805845,0,0.0405,0.55,285400.0922529823,0.14009170685509864,1794935.4011368304,22436692.51421038
OBL03145,B,technology,west,1184192.024311331,1.7416056204057937,0,0.03825,0.55,24912.439711449628,0.12562483552193002,148763.9282804923,1859549.103506154
OBL03146,BB,technology,west,1380691.0019364639,3.875297648678865,0,0.01275,0.55,9682.095651079453,0.115322414601287,159224.62016158324,1990307.7520197905
OBL03147,BB,consumer,west,7764415.526159568,3.4236363162198336,0,0.01575,0.55,67259.24949535726,0.11636689726968347,903520.9438917458,11294011.798646823
OBL03148,BB,healthcare,south,2389773.200832247,1.3599546351262526,0,0.012,0.55,15772.50312549283,0.08187460896868738,195661.74634198862,2445771.829274858
OBL03149,CCC,industrials,east,2592295.127404429,3.8696511674938425,1,0.12,0.35,108876.39535098601,0.13794132346018861,357584.6206735652,4469807.758419565
OBL03150,BBB,technology,east,6727245.095372661,1.6086513675851162,0,0.00425,0.55,15724.935410433596,0.053308066434020904,358616.4284620671,4482705.355775839
OBL03151,BB,healthcare,south,5564730.748762834,2.1221780673288397,1,0.012,0.35,23371.869144803903,0.05817285731680427,323716.28785421373,4046453.5981776714
OBL03152,BB,healthcare,west,5757013.203215364,1.9768455111407244,0,0.012,0.55,37996.28714122141,0.08959552826947893,515802.63919644564,6447532.989955571
OBL03153,A,technology,east,1653244.8353088454,3.108769882470534,0,0.0017,0.55,1545.7839210137706,0.044477039450658416,73531.43576162879,919142.9470203598
OBL03154,BBB,technology,south,23022856.237211797,4.24323383895576,0,0.00425,0.55,53815.92645448258,0.08231857778510293,1895208.7819981615,23690109.774977017
OBL03155,BB,financials,east,6162960.599713992,4.187947490915358,0,0.0135,0.55,45759.98245287639,0.12108072182134047,746215.7179698516,9327696.474623144
OBL03156,BB,healthcare,south,2003593.9493882698,4.767576714087994,0,0.012,0.55,13223.720065962583,0.1245239268662696,249495.3864233252,3118692.330291565
OBL03157,BB,consumer,south,12045652.824313074,2.516040908872388,0,0.01575,0.55,104345.46759061201,0.104987573936399,1264643.8665047623,15808048.331309529
OBL03158,BBB,technology,north,8175943.822195953,4.365737746472464,1,0.00425,0.35,12161.71643551648,0.05324296763149167,435311.5122820734,5441393.903525917
OBL03159,BB,consumer,west,2973573.1800558306,3.602029339522289,1,0.01575,0.35,16391.822155057765,0.07547499768494656,224430.428880733,2805380.3610091624
OBL03160,BB,industrials,east,2381605.5556148877,2.8120000271945114,0,0.015,0.55,19648.245833822824,0.10716069693172889,255214.51115616877,3190181.3894521096
OBL03161,BBB,real_estate,south,1346791.8839561446,3.1837041148415484,1,0.00625,0.3,2525.234782417771,0.045354397548674534,61082.93452027532,763536.6815034414
OBL03162,B,industrials,west,4818379.27510215,3.267396011934358,1,0.045,0.35,75889.47358285886,0.09584127255013379,461799.6013549812,5772495.016937265
OBL03163,A,industrials,west,310969.12694241735,2.6101572590219013,0,0.002,0.55,342.0660396366591,0.04391492801451913,13656.186824414119,170702.33530517647
OBL03164,BB,real_estate,east,3580623.478351285,1.18142673561989,1,0.01875,0.3,20141.00706572598,0.051174628569487846,183237.07655181462,2290463.456897683
OBL03165,B,healthcare,north,3785323.995222408,4.073253390067768,1,0.036,0.35,47695.082339802335,0.09613454793765634,363900.4110782694,4548755.138478368
OBL03166,BBB,industrials,north,2337542.482011628,4.393590979718607,0,0.005,0.55,6428.241825531977,0.08960003645994463,209443.89161491132,2618048.6451863917
OBL03167,B,industrials,north,424640.20694273507,1.3018849725671857,1,0.045,0.35,6688.083259348077,0.08111336072580726,34443.994284427514,430549.92855534394
OBL03168,BBB,technology,south,593755.7811072856,3.0840288554484916,0,0.00425,0.55,1387.9041383382803,0.06955407726264523,41298.13547427842,516226.6934284802
OBL03169,BB,financials,south,1305189.6285191488,1.6114989333125687,1,0.0135,0.35,6167.020994752978,0.05648362224058574,73721.83792960603,921522.9741200753
OBL03170,BB,energy,west,1118084.6251197413,2.182057482639705,0,0.018,0.6000000000000001,12075.313951293207,0.11456092728808868,128088.81144027258,1601110.1430034072
OBL03171,BB,technology,west,2849910.9798154766,4.1272995854782515,1,0.01275,0.35,12717.727747426563,0.07539708425098726,214874.97825296115,2685937.2281620144
OBL03172,BBB,real_estate,south,715461.0077895595,1.3728032734690778,0,0.00625,0.5,2235.8156493423735,0.05615560172534856,40177.14340344701,502214.2925430876
OBL03173,B,real_estate,north,1434337.0789099536,4.17288900237498,1,0.056249999999999994,0.3,24204.438206605464,0.09382231850411461,134572.83025975103,1682160.3782468878
OBL03174,A,energy,north,891515.6980644664,1.2416754118996765,0,0.0024,0.6000000000000001,1283.7826052128316,0.038544099147915324,34362.66945811973,429533.3682264966
OBL03175,A,industrials,west,2274795.400534119,1.2964730122770938,1,0.002,0.35,1592.3567803738833,0.020388174607148583,46378.925821628116,579736.5727703514
OBL03176,BBB,energy,north,1869388.077362733,2.185735463987981,0,0.006,0.6000000000000001,6729.797078505841,0.07646432481395443,142941.49715079778,1786768.7143849721
OBL03177,BB,industrials,east,562948.4828728755,2.962945081340106,0,0.015,0.55,4644.324983701224,0.10905434411679628,61391.97757124696,767399.719640587
OBL03178,CCC,consumer,east,1147469.0651814209,4.774749301898219,0,0.126,0.55,79519.60621707246,0.23003639531607464,263959.64749103994,3299495.593637999
OBL03179,B,technology,west,190336.0979570382,4.6998155390840015,0,0.03825,0.55,4004.1956607711913,0.16083189857468297,30612.116001727292,382651.45002159115
OBL03180,A,industrials,south,633493.0563571719,2.691214874786931,0,0.002,0.55,696.8423619928891,0.04464772972827343,28284.0267649729,353550.33456216124
OBL03181,BB,consumer,west,1673913.922969087,3.1684957252823227,1,0.01575,0.35,9227.450500367093,0.07201598400726356,120548.55830607757,1506856.9788259696
OBL03182,B,real_estate,east,1274354.5438962723,4.958456645158614,0,0.056249999999999994,0.5,35841.221547082656,0.16467957771114317,209860.16814311457,2623252.101788932
OBL03183,B,healthcare,east,2984057.2341530295,4.797977917489062,0,0.036,0.55,59084.33323622999,0.15973127002905257,476647.25185064535,5958090.6481330665
OBL03184,BB,technology,west,9206947.39084943,2.721777032170406,0,0.01275,0.55,64563.71857833163,0.10086361264771919,928645.9752985658,11608074.691232072
OBL03185,BBB,healthcare,west,1974580.6874680622,1.8397520904986635,1,0.004,0.35,2764.412962455287,0.03445791411775897,68039.93174735995,850499.1468419994
OBL03186,B,financials,north,767860.824850306,2.1884000025159236,1,0.0405,0.35,10884.427192253088,0.08482691433312212,65135.2644093374,814190.8051167175
OBL03187,BB,industrials,south,1375822.6221312317,4.020080762223349,1,0.015,0.35,7223.068766188966,0.07783771019954099,107090.8825474234,1338636.0318427926
OBL03188,BBB,industrials,south,2605263.573796304,4.566443110263903,1,0.005,0.35,4559.211254143532,0.05826916489850913,151806.53278561606,1897581.6598202006
OBL03189,BB,consumer,north,1285994.3565183266,4.608879581359179,0,0.01575,0.55,11139.926113340003,0.1312273364405212,168757.61408344202,2109470.176043025
OBL03190,A,consumer,west,12203403.102363577,4.694537330579243,1,0.0021000000000000003,0.35,8969.50128023723,0.04085869443438233,498615.11841906677,6232688.980238334
OBL03191,B,industrials,east,324999.7911234757,2.987995183175317,0,0.045,0.55,8043.744830306024,0.14731777366257284,47878.245669111646,598478.0708638956
OBL03192,B,energy,north,675988.1608971831,2.6952651819256004,1,0.054,0.39999999999999997,14601.344275379153,0.11103592880900486,75058.97330910974,938237.1663638718
OBL03193,BBB,consumer,west,12462155.94223386,2.67888778004705,0,0.00525,0.55,35984.47528320028,0.07163097014022327,892676.3201809597,11158454.002261996
OBL03194,BBB,industrials,south,529424.7793525592,3.1289885789856657,0,0.005,0.55,1455.918143219538,0.07521810246897542,39822.327302955506,497779.0912869438
OBL03195,BB,real_estate,south,3696972.0164070963,3.7936799027447234,1,0.01875,0.3,20795.467592289915,0.06895043676053268,254907.8352227365,3186347.940284206
OBL03196,BB,consumer,west,2351051.3010966894,4.819478530238827,1,0.01575,0.35,12960.1702972955,0.08518860065424633,200282.77040677212,2503534.6300846515
OBL03197,BBB,technology,west,129847.65178553306,2.126927770860741,1,0.00425,0.35,193.14838203098043,0.037555018439842394,4876.430957175929,60955.38696469911
OBL03198,BB,industrials,north,1823270.5867043866,3.8582880995616344,1,0.015,0.35,9572.17058019803,0.07654606166278342,139564.18275781328,1744552.284472666
OBL03199,BBB,industrials,east,542367.5976738195,1.7071188087783495,0,0.005,0.55,1491.5108936030038,0.059047615075448326,32025.513136839316,400318.91421049146
OBL03200,CCC,technology,west,674405.5947733201,1.1095359029398972,0,0.102,0.55,37834.153866783265,0.1744915535823224,117678.07997660681,1470975.9997075852
OBL03201,BBB,industrials,west,2290409.759234249,3.490954676020184,1,0.005,0.35,4008.2170786599354,0.0504856746005701,115632.88180667041,1445411.02258338
OBL03202,BBB,real_estate,north,3324018.904210423,4.592926355875425,1,0.00625,0.3,6232.535445394543,0.054428882265258535,180922.6335847628,2261532.919809535
OBL03203,CCC,technology,south,2387133.476266359,4.159708468319029,1,0.102,0.35,85220.66510270901,0.13294010940347864,317345.785495556,3966822.3186944504
OBL03204,CCC,industrials,south,1255521.607918472,1.9034756769143435,0,0.12,0.55,82864.42612261916,0.19494070911894618,244752.27256178643,3059403.4070223304
OBL03205,B,industrials,south,750000.7892303424,4.660605120133442,1,0.045,0.35,11812.512430377892,0.10628082770267626,79710.70465706123,996383.8082132654
OBL03206,A,industrials,north,908343.8636995355,3.8691953753409583,1,0.002,0.35,635.8407045896748,0.03518917013933921,31963.8667647477,399548.33455934626
OBL03207,BBB,industrials,south,5906303.964587645,3.1593396753088983,0,0.005,0.55,16242.335902616025,0.07556327614856143,446299.67749347934,5578745.968668492
OBL03208,A,energy,east,1283240.1402037975,2.24892437540116,0,0.0024,0.6000000000000001,1847.8658018934684,0.049029397515201266,62916.490941514596,786456.1367689325
OBL03209,B,healthcare,east,6354014.542031597,3.787553446400857,0,0.036,0.55,125809.48793222563,0.14765357929596196,938192.9900295578,11727412.375369472
OBL03210,BB,technology,east,4083733.5141010643,3.807382520394563,1,0.01275,0.35,18223.660806675998,0.0728452661721038,297480.6548106328,3718508.18513291
OBL03211,BBB,financials,north,4571832.431731038,1.6344532613067577,1,0.0045000000000000005,0.35,7200.636079976384,0.035126029059385874,160590.3188516272,2007378.98564534
OBL03212,B,industrials,north,2357218.3908822723,3.042124357763436,1,0.045,0.35,37126.189656395785,0.09415327335160589,221939.82750617116,2774247.8438271396
OBL03213,CCC,real_estate,south,1101450.8552530827,2.9410656018737362,0,0.15,0.5,82608.8141439812,0.2012162030064041,221629.7588921817,2770371.9861522713
OBL03214,CCC,industrials,east,3611579.329261379,4.133363506418041,1,0.12,0.35,151686.33182897788,0.1398040641973931,504913.46840203577,6311418.355025447
OBL03215,BBB,consumer,south,1563523.9963479848,1.4326811250458409,0,0.00525,0.55,4514.675539454806,0.05733192043517996,89639.83335711727,1120497.9169639659
OBL03216,BBB,real_estate,west,2300389.5508860536,4.198395393237157,1,0.00625,0.3,4313.23040791135,0.051888356657279526,119363.43346705462,1492042.9183381828
OBL03217,BB,consumer,south,951745.0619227536,2.1116092200329346,1,0.01575,0.35,5246.4946538491795,0.06358345476999734,60515.239097333724,756440.4887166716
OBL03218,BB,technology,north,1396816.124872869,3.913032919899305,0,0.01275,0.55,9795.173075670995,0.11579540728597086,161744.8920832654,2021811.1510408176
OBL03219,B,industrials,west,9846388.40476487,2.221940320106109,1,0.045,0.35,155080.6173750467,0.0880074934783845,866555.9633179851,10831949.541474814
OBL03220,BBB,technology,east,2311024.130586942,1.125053589290903,1,0.00425,0.35,3437.648394248077,0.030534614105348454,70566.23001562069,882077.8751952586
OBL03221,BB,industrials,north,8626062.669877788,2.4585821429507484,1,0.015,0.35,45286.829016858384,0.06537170974221825,563900.4650734349,7048755.813417936
OBL03222,CCC,energy,west,1206110.5513434275,2.430060765111473,0,0.144,0.6000000000000001,104207.95163607215,0.23258546974355518,280523.7891468694,3506547.364335867
OBL03223,BBB,industrials,south,3287022.600487089,1.7509419468288914,0,0.005,0.55,9039.312151339494,0.05954600214031134,195729.05480385592,2446613.185048199
OBL03224,A,technology,east,6216348.409179865,2.055855293780141,0,0.0017,0.55,5812.285762583175,0.03543156352669024,220254.9435638962,2753186.7945487024
OBL03225,BB,energy,east,2720383.826480334,1.412318549056684,1,0.018,0.39999999999999997,19586.763550658405,0.06937925735701819,188738.20960724904,2359227.620090613
OBL03226,A,financials,east,8307939.3517473815,1.2576393059674031,1,0.0018000000000000002,0.35,5234.001791600851,0.01886199777712627,156704.33358515898,1958804.1698144872
OBL03227,CCC,energy,south,9041217.16387323,4.66169317170193,1,0.144,0.39999999999999997,520774.10863909795,0.17258692827249253,1560395.8981574173,19504948.726967715
OBL03228,CCC,financials,south,748154.1649410988,2.046325364362287,1,0.108,0.35,28280.227434773533,0.12033181505219893,90026.74860622463,1125334.357577808
OBL03229,BB,energy,north,3332479.1922825174,2.0331729674721504,0,0.018,0.6000000000000001,35990.77527665119,0.11253153471503248,375008.9979134635,4687612.473918294
OBL03230,BB,healthcare,north,517536.6548241829,4.63503654557706,0,0.012,0.55,3415.7419218396076,0.1228650727885474,63587.17876571456,794839.734571432
OBL03231,BBB,financials,north,6970066.806444186,1.9584630959680611,0,0.0045000000000000005,0.55,17250.915345949365,0.05880828279133403,409897.65982786013,5123720.747848252
OBL03232,A,real_estate,east,2030604.5989240569,2.4681169807319736,0,0.0025,0.5,2538.2557486550713,0.043694987933035924,88727.24344675391,1109090.543084424
OBL03233,BBB,real_estate,east,3247638.5293102046,3.1143210403183437,0,0.00625,0.5,10148.87040409439,0.07484602530175928,243072.83553571987,3038410.4441964985
OBL03234,B,financials,east,1326288.5327271007,3.1515987403074517,1,0.0405,0.35,18800.13995140665,0.09209326278131326,122142.23836827927,1526777.9796034908
OBL03235,B,consumer,south,1319117.4536429006,4.698528832781909,1,0.04725,0.35,21814.90488961947,0.10794582786564898,142393.22558550973,1779915.3198188716
OBL03236,BB,industrials,north,3523756.449362422,1.2898186602996695,0,0.015,0.55,29070.99070723998,0.08806451337739936,310317.89697357424,3878973.712169678
OBL03237,B,healthcare,west,2622264.4109850354,3.497771446529127,0,0.036,0.55,51920.835337503704,0.14418979009190802,378103.75498541305,4726296.937317663
OBL03238,BB,financials,north,2713160.53178333,2.417638058369158,0,0.0135,0.55,20145.216948491223,0.09887274183769125,268257.6208232263,3353220.2602903284
OBL03239,A,consumer,east,1557747.5948095869,4.169426616859212,1,0.0021000000000000003,0.35,1144.9444821850466,0.03779265403501987,58871.41592452303,735892.6990565379
OBL03240,BBB,financials,west,1573986.6024686738,4.767268779892564,1,0.0045000000000000005,0.35,2479.028898888161,0.0573395658671459,90251.70846625771,1128146.3558282214
OBL03241,BB,industrials,east,2736810.1647818103,2.36622524538649,1,0.015,0.35,14368.253365104501,0.0646343916856648,176892.06015981635,2211150.751997704
OBL03242,A,technology,west,1404740.7338988613,3.9383054769382944,1,0.0017,0.35,835.8207366698224,0.03283858484695118,46129.69777810623,576621.2222263279
OBL03243,BBB,consumer,north,3862117.483251944,3.3647625215593204,0,0.00525,0.55,11151.86423288999,0.07950073795197367,307041.1899757489,3838014.874696861
OBL03244,B,real_estate,south,2049057.9468436462,3.566181100791934,0,0.056249999999999994,0.5,57629.75475497755,0.14995330574501356,307263.012792295,3840787.659903688
OBL03245,BB,healthcare,north,549696.8984291016,3.3920807747270545,0,0.012,0.55,3627.999529632071,0.10730841345977343,58987.10205418511,737338.7756773139
OBL03246,BB,industrials,north,2864796.109817397,3.9409199269204684,1,0.015,0.35,15040.179576541332,0.07720574101499733,221178.7065153338,2764733.8314416725
OBL03247,A,healthcare,south,1012204.2538038263,4.48922438295534,0,0.0016,0.55,890.7397433473673,0.05469884817994747,55366.406805912506,692080.0850739063
OBL03248,BB,financials,north,1827594.064389342,1.7166643786732299,1,0.0135,0.35,8635.381954239641,0.05732315625025083,104763.46011502123,1309543.2514377653
OBL03249,BBB,industrials,east,1061001.0173854274,3.558386441483523,1,0.005,0.35,1856.7517804244976,0.05097368960430733,54083.13653005906,676039.2066257383
OBL03250,BB,industrials,south,2297022.1233175118,3.4542599537403627,1,0.015,0.35,12059.366147416935,0.0733205608596348,168418.95038862916,2105236.8798578647
OBL03251,BBB,real_estate,south,2434301.098680644,2.7664540941335973,1,0.00625,0.3,4564.314560026207,0.04266757582130043,103865.72669983131,1298321.5837478915
OBL03252,BB,industrials,south,31531710.32071491,1.8527352654059825,0,0.015,0.55,260136.610145898,0.09512645688208082,2999499.8822417497,37493748.52802187
OBL03253,B,real_estate,south,3539144.0776741873,4.983225492179911,1,0.056249999999999994,0.3,59723.056310751905,0.09896493653596738,350251.1690386708,4378139.612983385
OBL03254,BB,real_estate,north,3236859.285378696,2.3725240943879973,0,0.01875,0.5,30345.555800425274,0.0987996401549924,319800.532627761,3997506.657847013
OBL03255,A,industrials,west,3058638.7395395436,3.756757338869627,1,0.002,0.35,2141.0471176776805,0.03454230870595914,105652.44356118067,1320655.5445147583
OBL03256,BB,consumer,north,1079333.6862966798,4.711341252425713,0,0.01575,0.55,9349.72805754499,0.13251198869294098,143024.65323445594,1787808.1654306992
OBL03257,A,consumer,north,5527095.19310789,2.136020602356135,0,0.0021000000000000003,0.55,6383.794948039614,0.040731287457889,225125.703117594,2814071.288969925
OBL03258,BBB,industrials,south,2230146.010607317,4.919699071616933,0,0.005,0.55,6132.901529170123,0.09558330190797092,213164.7194307361,2664558.992884201
OBL03259,BBB,financials,south,1484339.0491860425,4.927706216646028,0,0.0045000000000000005,0.55,3673.739146735456,0.09189268519329703,136399.90096697083,1704998.7620871353
OBL03260,BBB,real_estate,north,4595462.709757546,2.2535434829567826,1,0.00625,0.3,8616.492580795399,0.039364761427253495,180899.29321744567,2261241.1652180706
OBL03261,BBB,energy,east,2480791.1045989012,4.453909872311852,1,0.006,0.39999999999999997,5953.8986510373625,0.07032987429690403,174473.72654331842,2180921.58179148
OBL03262,BBB,financials,west,687851.6821816355,4.402567181088761,1,0.0045000000000000005,0.35,1083.3663994360759,0.05475361328206222,37662.36500158924,470779.5625198655
OBL03263,CCC,consumer,east,5748580.488053781,4.4672696506382525,0,0.126,0.55,398376.627822127,0.22664474058263848,1302885.5334333666,16286069.167917082
OBL03264,CCC,industrials,west,3502204.6105577014,4.767468633472522,0,0.12,0.55,231145.5042968083,0.22673056452574525,794056.8284364154,9925710.355455192
OBL03265,CCC,healthcare,east,1382097.161252738,2.513017602099069,1,0.096,0.35,46438.464618091995,0.11842907009474407,163680.48158774732,2046006.0198468415
OBL03266,A,consumer,west,2544064.71288406,1.2012467298725347,1,0.0021000000000000003,0.35,1869.8875639697844,0.020461909854225382,52056.42281834941,650705.2852293677
OBL03267,B,consumer,east,1145642.665252708,2.7435341814925938,0,0.04725,0.55,29772.388763254752,0.14667557856568342,168037.8007554725,2100472.5094434065
OBL03268,BBB,real_estate,west,3625372.378183018,4.094338658850422,0,0.00625,0.5,11329.288681821932,0.08536383037465767,309475.67273618444,3868445.9092023056
OBL03269,CCC,industrials,north,3245008.949223757,3.1750532079532334,1,0.12,0.35,136290.37586739776,0.1330350080390232,431699.79164668475,5396247.39558356
OBL03270,BB,industrials,west,654497.6919837651,4.730852680147817,1,0.015,0.35,3436.1128829147665,0.08351205594953985,54658.447871792894,683230.5983974112
OBL03271,A,real_estate,north,4487841.990748874,3.3763286811350417,0,0.0025,0.5,5609.802488436092,0.05166549351935227,231866.57128891294,2898332.1411114116
OBL03272,B,financials,east,663948.3545934331,4.96305976918347,0,0.0405,0.55,14789.449598568724,0.16619252861821968,110343.255921789,1379290.6990223625
OBL03273,BBB,industrials,north,705514.2745533801,1.9467245177648076,1,0.005,0.35,1234.649980468415,0.039309821776994484,27733.640393818925,346670.50492273655
OBL03274,BB,technology,west,2783722.5180404964,2.8642660463261325,0,0.01275,0.55,19520.854157758982,0.10264964092216197,285748.11690379353,3571851.461297419
OBL03275,BB,energy,west,1137540.5788215403,2.904878641646308,0,0.018,0.6000000000000001,12285.438251272637,0.12441344882187644,141525.34658602142,1769066.8323252678
OBL03276,BBB,industrials,west,921202.793745624,4.29512662233175,0,0.005,0.55,2533.3076828004664,0.08848023162043125,81508.23656000117,1018852.9570000146
OBL03277,B,healthcare,west,1749697.2594747627,3.4788913910944568,1,0.036,0.35,22046.185469382006,0.09161352783107314,160295.9385768436,2003699.2322105449
OBL03278,BBB,industrials,west,4924542.138499907,2.6141059181579567,1,0.005,0.35,8617.948742374836,0.04413977297831804,217368.17201554673,2717102.1501943343
OBL03279,A,consumer,west,829009.8297737398,2.4760061938171156,0,0.0021000000000000003,0.55,957.5063533886696,0.04385076706618332,36352.71694098455,454408.9617623069
OBL03280,BB,financials,south,11464314.158301271,2.1277189323366956,1,0.0135,0.35,54168.88439797351,0.06060459794856433,694790.1503198822,8684876.878998527
OBL03281,BBB,technology,north,441507.04483893793,3.3085141546508323,0,0.00425,0.55,1032.0227173110175,0.07202598064446364,31799.977865963683,397499.72332454607
OBL03282,A,real_estate,west,10676634.467887284,4.627802005019082,1,0.0025,0.3,8007.4758509154635,0.03758908687166217,401324.9405103977,5016561.756379971
OBL03283,BB,consumer,south,161618.2178052481,2.5166805502636653,0,0.01575,0.55,1400.0178117379617,0.10499559368412995,16969.200728633044,212115.00910791307
OBL03284,BBB,financials,north,1155093.056258572,4.637907381999083,1,0.0045000000000000005,0.35,1819.271563607251,0.056422316141918755,65173.0255935563,814662.8199194537
OBL03285,BB,technology,south,7157673.774305144,1.1003578146053998,1,0.01275,0.35,31941.119217836702,0.05125268691281999,366850.01297856413,4585625.162232052
OBL03286,BB,financials,east,1734135.2076069831,4.93247896029626,1,0.0135,0.35,8193.788855942996,0.08299495082869456,143924.4662856496,1799055.82857062
OBL03287,BB,technology,west,1749556.795719398,2.469643358440091,0,0.01275,0.55,12268.767029982278,0.09770324359828973,170937.37380121555,2136717.1725151944
OBL03288,BB,industrials,south,1272765.0524701949,2.440483712847334,0,0.015,0.55,10500.311682879108,0.10249992267282823,130458.31945887314,1630728.9932359143
OBL03289,BB,consumer,east,1157553.0948828992,2.2132239391487643,1,0.01575,0.35,6381.011435541982,0.06439420321424835,74539.70922317152,931746.365289644
OBL03290,BBB,technology,north,1095319.9863081644,4.653401494392449,1,0.00425,0.35,1629.2884796333947,0.05525870559532447,60525.96465607769,756574.5582009711
OBL03291,BB,consumer,west,2416148.0015509445,4.348642542229145,1,0.01575,0.35,13319.015858549581,0.08143196433130273,196751.6778814449,2459395.973518061
OBL03292,BB,financials,east,1468221.9872872885,1.7851378600629233,1,0.0135,0.35,6937.348889932438,0.057869778918843845,84965.68180810094,1062071.0226012617
OBL03293,B,consumer,north,1990024.116882997,2.31804996098997,1,0.04725,0.35,32910.02383295257,0.09015998160592029,179420.53777350878,2242756.7221688596
OBL03294,A,consumer,south,1438768.945691467,3.4277175808859077,0,0.0021000000000000003,0.55,1661.7781322736448,0.05258303201948599,75654.83353993652,945685.4192492064
OBL03295,B,financials,south,4612430.5561323445,2.770591146939909,0,0.0405,0.55,102741.89063784799,0.14020120797191035,646668.335656305,8083354.195703812
OBL03296,BB,real_estate,west,7710606.807002623,4.4666136919014185,0,0.01875,0.5,72286.93881564958,0.12254933862011187,944929.764557904,11811622.0569738
OBL03297,BB,healthcare,north,1844944.4715679477,3.241683797715128,0,0.012,0.55,12176.633512348457,0.10542606608239896,194505.23777787908,2431315.4722234886
OBL03298,B,technology,north,821250.8267737699,1.37533722071282,0,0.03825,0.55,17277.064268253187,0.12126570111405698,99589.55729922016,1244869.4662402521
OBL03299,BBB,healthcare,east,817559.2599889782,1.2899489543143976,0,0.004,0.55,1798.630371975752,0.048172680854522754,39384.02131110884,492300.2663888605
OBL03300,BBB,real_estate,south,3965968.881113855,4.199434905984871,1,0.00625,0.3,7436.191652088478,0.051895050450683544,205814.1551712445,2572676.939640556
OBL03301,BB,technology,west,1065721.5013453942,3.305119241801006,1,0.01275,0.35,4755.782199753821,0.06883896374388215,73363.16379219125,917039.5474023906
OBL03302,B,consumer,south,892835.5715510079,2.108745945569527,1,0.04725,0.35,14765.268264524793,0.08859615800558326,79101.80137013835,988772.5171267294
OBL03303,BBB,healthcare,west,1559965.0799086166,1.2712684194698838,1,0.004,0.35,2183.9511118720634,0.03052614325503815,47619.71750214746,595246.4687768433
OBL03304,BB,consumer,west,1463044.48920779,3.547488491625366,1,0.01575,0.35,8065.032746757943,0.07503983526000144,109786.6174482055,1372332.7181025688
OBL03305,BB,industrials,south,4527505.40172315,1.0364863932181176,0,0.015,0.55,37351.91956421599,0.08488639046929129,384323.5913824969,4804044.892281211
OBL03306,BB,financials,north,4135466.3875900195,4.217106473428357,1,0.0135,0.35,19540.078681362844,0.0772841441065376,319605.9802462495,3995074.753078119
OBL03307,BB,technology,south,3343544.5024876613,4.546218573061002,0,0.01275,0.55,23446.60582369473,0.1237320716401951,413703.6879139838,5171296.098924798
OBL03308,BBB,consumer,east,836045.7804196283,1.6734541092064572,0,0.00525,0.55,2414.082190961677,0.06009456405799139,50241.806706840754,628022.5838355094
OBL03309,BB,financials,east,1204188.7639970512,1.91026706043538,1,0.0135,0.35,5689.791909886067,0.058868683254337396,70889.00692617445,886112.5865771807
OBL03310,BB,industrials,east,627847.6093912945,4.591113295488648,1,0.015,0.35,3296.199949304296,0.0823964665973836,51732.42457545695,646655.3071932119
OBL03311,BB,financials,west,6687131.535413384,1.1489340403133776,1,0.0135,0.35,31596.69650482824,0.052790974355930095,353020.18940073944,4412752.367509243
OBL03312,B,industrials,north,7216841.985134789,3.7209753966460966,0,0.045,0.55,178616.83913208602,0.1559486040968765,1125456.4335695014,14068205.419618767
OBL03313,BB,industrials,west,4592820.314600847,3.430350301468497,1,0.015,0.35,24112.306651654442,0.073129681577081,335871.4871475089,4198393.589343861
OBL03314,BBB,consumer,west,1754301.9004302586,3.542845749532901,1,0.00525,0.35,3223.5297420406,0.05189168444874956,91033.68064496864,1137921.008062108
OBL03315,A,real_estate,north,1991279.6204962367,3.9344563394356844,1,0.0025,0.3,1493.4597153721775,0.03393818774869683,67580.42162055505,844755.2702569381
OBL03316,B,consumer,south,798736.1319974349,2.25104069611309,0,0.04725,0.55,20757.15523028334,0.14089321575112418,112536.502173733,1406706.2771716625
OBL03317,B,consumer,north,2648655.9154265965,2.197786824945803,1,0.04725,0.35,43802.14720136734,0.08926143061530206,236422.8162186605,2955285.2027332564
OBL03318,BBB,financials,north,1827197.5724599396,1.6889931493256882,1,0.0045000000000000005,0.35,2877.8361766244047,0.03551274950392278,64888.809684945634,811110.1210618204
OBL03319,CCC,consumer,north,1616195.6379618403,4.70803232797585,1,0.126,0.35,71274.22763411715,0.14591848322526768,235832.81608668558,2947910.20108357
OBL03320,BBB,healthcare,east,8827955.309727086,4.1007992549364705,1,0.004,0.35,12359.13743361792,0.05009586435876783,442244.05176135234,5528050.647016904
OBL03321,BB,consumer,west,2927533.1856954615,2.4751283948058256,1,0.01575,0.35,16138.026686146231,0.06648384762614036,194633.67023824633,2432920.877978079
OBL03322,A,industrials,east,223866.78168824964,2.956075780097254,1,0.002,0.35,156.70674718177474,0.029935949176365724,6701.664598896002,83770.80748620002
OBL03323,BB,consumer,north,5394984.803989707,2.7186274486409623,0,0.01575,0.55,46734.05586456083,0.1075275798909635,580109.6595215373,7251370.744019216
OBL03324,BB,healthcare,south,1471692.861628746,1.9623591501272357,0,0.012,0.55,9713.172886749724,0.08941421901577448,131590.26785362457,1644878.348170307
OBL03325,BBB,financials,south,37304.905916373275,3.040358371756896,1,0.0045000000000000005,0.35,58.75522681828791,0.04509473763284817,1682.2549447169383,21028.186808961727
OBL03326,CCC,technology,north,1052963.7629773722,1.3153599867419241,1,0.102,0.35,37590.80633829218,0.11251788235951363,118477.25281151875,1480965.6601439842
OBL03327,BBB,real_estate,east,815357.6657968258,3.1330344522637166,1,0.00625,0.3,1528.7956233690484,0.045028117516137105,36714.02079318272,458925.259914784
OBL03328,A,financials,west,4868975.777178101,2.486211619785013,0,0.0018000000000000002,0.55,4820.286019406321,0.04038899452445284,196653.03600413984,2458162.950051748
OBL03329,BBB,healthcare,east,2578955.298727698,4.305437276777574,1,0.004,0.35,3610.5374182187775,0.05151119051971739,132845.05773459715,1660563.2216824645
OBL03330,B,healthcare,north,986555.4348588808,4.330332764345831,1,0.036,0.35,12430.598479221897,0.09809002460357143,96771.24687809472,1209640.585976184
OBL03331,A,healthcare,south,949347.0630136044,4.29529089441891,0,0.0016,0.55,835.425415451972,0.053065227370467656,50377.3177523026,629716.4719037826
OBL03332,BBB,consumer,west,1927269.3252462575,1.970102478620146,1,0.00525,0.35,3541.357385139998,0.04040802512316755,77877.14731366096,973464.341420762
OBL03333,B,financials,west,3920504.7617075094,2.854728293327759,1,0.0405,0.35,55573.15499720394,0.08985367916571305,352271.77702611685,4403397.212826461
OBL03334,BBB,consumer,west,946768.6942908432,1.5302988509457882,0,0.00525,0.55,2733.79460476481,0.05845199206145071,55340.51620271842,691756.4525339802
OBL03335,BBB,industrials,south,872664.3526452511,4.956888729593529,0,0.005,0.55,2399.826969774441,0.09600624844504543,83781.23064919472,1047265.3831149341
OBL03336,BB,technology,south,2256811.9690013183,2.356960846240712,0,0.01275,0.55,15825.893932621746,0.09629082486540844,217310.28606126353,2716378.575765794
OBL03337,B,energy,south,1672122.9369910145,1.6655577442989218,1,0.054,0.39999999999999997,36117.85543900591,0.102305733811138,171067.764091301,2138347.0511412625
OBL03338,A,industrials,south,916242.1861661923,1.8670504526725886,1,0.002,0.35,641.3695303163346,0.0236707340730698,21688.12513526805,271101.5641908506
OBL03339,BB,industrials,west,3191863.027008577,4.949017058566811,0,0.015,0.55,26332.86997282076,0.1339701628582902,427614.40954969416,5345180.119371177
OBL03340,B,industrials,south,2036664.6029478742,2.360137151383165,1,0.045,0.35,32077.46749642902,0.08904302607254644,181350.77934132,2266884.7417665003
OBL03341,BBB,consumer,north,2631813.2596069067,4.982926531928247,1,0.00525,0.35,4835.95686452769,0.06240668547415413,164242.74231899658,2053034.2789874573
OBL03342,BB,healthcare,south,4877360.225428824,1.1201123040731047,1,0.012,0.35,20484.91294680106,0.05019176663491976,244803.32622916318,3060041.57786454
OBL03343,BB,technology,north,3773550.8832770307,1.9677871563493974,1,0.01275,0.35,16839.470816623747,0.05817173599773604,219514.00575601507,2743925.0719501884
OBL03344,BB,industrials,south,2345138.4846745213,3.604602213203492,0,0.015,0.55,19347.3924985648,0.11710410916812104,274625.3531236871,3432816.9140460887
OBL03345,BB,healthcare,north,2484480.2577204406,4.847818205477269,1,0.012,0.35,10434.81708242585,0.07988159331639472,198464.24154983577,2480803.019372947
OBL03346,BB,consumer,north,1386690.1244126009,2.783368589665319,1,0.01575,0.35,7644.129310824463,0.06894318875912227,95602.83899778868,1195035.4874723586
OBL03347,B,financials,east,3948047.3781223176,4.428332561599394,0,0.0405,0.55,87942.75534767464,0.15985343387833637,631108.9305072151,7888861.631340189
OBL03348,BBB,financials,north,12351427.252191458,4.1461204052614855,1,0.0045000000000000005,0.35,19453.497922201546,0.05293525217516816,653825.9163179991,8172823.953974989
OBL03349,A,industrials,east,958242.1846372732,4.744119579316985,1,0.002,0.35,670.7695292460912,0.0402226511787129,38543.04113739284,481788.01421741047
OBL03350,BBB,real_estate,south,1233382.9187981156,4.1663578602366265,0,0.00625,0.5,3854.321621244111,0.08613675925610013,106239.60754709938,1327995.0943387423
OBL03351,BBB,industrials,north,1314568.8031266225,2.553032360061994,0,0.005,0.55,3615.064208598212,0.06866792961033817,90268.7180410454,1128358.9755130676
OBL03352,BB,industrials,east,7702545.4203983825,3.526981368167637,0,0.015,0.55,63545.99971828666,0.1161303343363672,894499.1749119182,11181239.686398977
OBL03353,B,industrials,north,597933.7796721976,4.350737419143018,1,0.045,0.35,9417.457029837113,0.10395893579467502,62160.559410409354,777006.9926301169
OBL03354,B,consumer,east,991134.8147602223,2.6353295622718904,0,0.04725,0.55,25757.11599858128,0.14540514883388056,144116.10525465076,1801451.3156831344
OBL03355,BBB,financials,west,2598070.0348274834,1.0212642822925075,1,0.0045000000000000005,0.35,4091.9603048532863,0.030778152245498475,79963.7950763878,999547.4384548476
OBL03356,B,technology,south,13091928.342458319,2.2754241086794926,1,0.03825,0.35,175268.19068466072,0.08398604022732213,1099539.220422923,13744240.255286539
OBL03357,BB,industrials,south,1440561.840717985,4.002467617718034,1,0.015,0.35,7562.949663769421,0.0776970981844241,111927.47477899998,1399093.4347374998
OBL03358,BBB,real_estate,south,2038687.3403550568,1.8701498549334916,1,0.00625,0.3,3822.5387631657313,0.03689595308983994,75219.31247459074,940241.4059323843
OBL03359,A,real_estate,north,2198772.923753535,4.21583171169897,1,0.0025,0.3,1649.0796928151512,0.035419805289286344,77880.10883470505,973501.3604338132
OBL03360,BB,industrials,north,6324295.60652881,1.748993601210361,1,0.015,0.35,33202.55193427625,0.05970681130640196,377603.5244249226,4720044.055311533
OBL03361,BBB,real_estate,north,3198607.3789747125,1.6688169500113927,0,0.00625,0.5,9995.648059295978,0.05933249782385696,189781.36535238993,2372267.066904874
OBL03362,B,healthcare,west,2523372.512605488,3.2250650137606236,0,0.036,0.55,49962.77574958866,0.1409301066121966,355619.1572237778,4445239.465297222
OBL03363,A,industrials,west,1443736.4574349853,3.4349464924382795,1,0.002,0.35,1010.6155202044897,0.03269091542364303,47197.06642403711,589963.330300464
OBL03364,BB,financials,south,5414060.117805238,1.8878472424473465,1,0.0135,0.35,25581.43405662975,0.05868970621842122,317749.5977628604,3971869.9720357554
OBL03365,BB,consumer,east,580347.2917099706,2.9533315490342407,0,0.01575,0.55,5027.25841443762,0.11047027200289081,64111.12317134147,801389.0396417683
OBL03366,BBB,real_estate,west,6048068.473187267,3.742255278353471,0,0.00625,0.5,18900.21397871021,0.08158517956731727,493432.75242041354,6167909.40525517
OBL03367,BB,technology,north,756133.7677213007,1.8429834384900996,0,0.01275,0.55,5302.388046145622,0.08984837603448217,67937.39109459323,849217.3886824154
OBL03368,BB,industrials,north,783324.8543827855,2.8848642546312337,0,0.015,0.55,6462.4300486579805,0.10807479868854811,84657.6759451558,1058220.9493144476
OBL03369,A,financials,north,1196771.538663356,2.726460297548092,0,0.0018000000000000002,0.55,1184.8038232767228,0.04249091712963372,50851.9202724489,635649.0034056113
OBL03370,CCC,consumer,west,3124473.7576231123,3.078326551621543,0,0.126,0.55,216526.0314032817,0.21132400174040966,660276.297793811,8253453.722422637
OBL03371,BBB,consumer,north,7887891.233947117,2.436882967952823,1,0.00525,0.35,14494.000142377827,0.0438163042863739,345618.2424844481,4320228.031055601
OBL03372,BB,healthcare,east,716310.6579723121,1.6682287854169062,1,0.012,0.35,3008.5047634837106,0.054557315785733244,39079.98676768179,488499.8345960224
OBL03373,B,real_estate,east,380274.9541031276,1.6617485983798783,1,0.056249999999999994,0.3,6417.139850490277,0.07788593147900609,29618.06901845838,370225.86273072974
OBL03374,BB,technology,east,1117473.8463116444,1.8417542468786579,1,0.01275,0.35,4986.727039165713,0.05716643464928318,63881.995607457735,798524.9450932217
OBL03375,B,technology,north,1310966.9305163377,1.9661263590897837,0,0.03825,0.55,27579.466800737457,0.12829696360641357,168193.0765736663,2102413.4571708287
OBL03376,B,energy,south,4125775.9028268335,1.1661847821560065,1,0.054,0.39999999999999997,89116.7595010596,0.09807188720882705,404622.6289909298,5057782.8623866225
OBL03377,A,industrials,west,1145623.294416306,1.4438550606289384,0,0.002,0.55,1260.1856238579367,0.033370968120419967,38230.55843597705,477881.9804497131
OBL03378,BBB,real_estate,east,1105320.9877077197,1.7617587380962205,0,0.00625,0.5,3454.1280865866242,0.06032997337094669,66683.98575475522,833549.8219344403
OBL03379,BB,industrials,west,779081.0067970545,3.5957965693352163,0,0.015,0.55,6427.4183060757005,0.11699363994593784,91147.52279793334,1139344.034974167
OBL03380,BB,energy,south,1608473.9297013874,4.836120796905555,0,0.018,0.6000000000000001,17371.518440774984,0.1507375328426052,242457.39180483713,3030717.397560464
OBL03381,BBB,financials,north,619705.9436803795,3.5720941966026496,1,0.0045000000000000005,0.35,976.0368612965977,0.048865062839404776,30281.969879894383,378524.6234986798
OBL03382,BBB,financials,south,1727595.1613217585,3.118654295275805,0,0.0045000000000000005,0.55,4275.798024271354,0.07173556120575676,123930.00843376624,1549125.105422078
OBL03383,BB,healthcare,east,1577992.808875506,3.5210271377923448,1,0.012,0.35,6627.569797277125,0.06931418325669657,109377.2827321462,1367216.0341518275
OBL03384,BB,consumer,south,2012008.944167184,1.9025586425045455,1,0.01575,0.35,11091.199304721602,0.06191551303896011,124574.56601708765,1557182.0752135955
OBL03385,BB,energy,north,2757431.334243799,1.275977431235114,0,0.018,0.6000000000000001,29780.258409833034,0.10221046810940589,281838.34745260235,3522979.3431575294
OBL03386,B,consumer,north,3597345.8761403863,3.904691009221431,0,0.04725,0.55,93486.0259561983,0.16030871334178506,576685.8888494418,7208573.610618022
OBL03387,B,consumer,north,6647138.043115714,2.582941485603221,0,0.04725,0.55,172742.49989546963,0.14479006076581857,962439.5211815085,12030494.014768858
OBL03388,BB,technology,south,2704987.6210982045,2.7187719247466475,1,0.01275,0.35,12071.007259150736,0.06416196508558075,173557.32130183114,2169466.516272889
OBL03389,B,financials,south,2987665.7513834094,2.4128809978083945,0,0.0405,0.55,66550.25461206546,0.13596061857866176,406204.88366437063,5077561.045804633
OBL03390,CCC,industrials,south,660115.0000682824,4.132369257497377,1,0.12,0.35,27724.830002867857,0.13979704128760057,92282.12391911012,1153526.5489888764
OBL03391,B,financials,west,1961863.7756864883,3.467157495179107,1,0.0405,0.35,27809.41902035597,0.09447383054870072,185344.78590383948,2316809.8237979934
OBL03392,BBB,real_estate,north,2090205.4463324845,4.352351550240572,1,0.00625,0.3,3919.1352118734085,0.052879735272427224,110529.51066704736,1381618.8833380921
OBL03393,BBB,healthcare,south,30322718.83382993,1.9266940203227256,0,0.004,0.55,66709.98143442585,0.05509306876565378,1670571.6338737772,20882145.423422214
OBL03394,B,healthcare,north,753392.7361312018,3.002172044990232,1,0.036,0.35,9492.748475253142,0.08798735766431058,66289.03613566962,828612.9516958703
OBL03395,A,financials,west,14507311.339183517,3.8447018323497026,0,0.0018000000000000002,0.55,14362.238225791685,0.05227435145250466,758360.2915753853,9479503.644692317
OBL03396,A,financials,north,757955.5080459787,3.58917693233138,1,0.0018000000000000002,0.35,477.5119700689666,0.03184285873381887,24135.47016922801,301693.37711535016
OBL03397,CCC,technology,east,1152524.8732696227,1.9527153008969744,1,0.102,0.35,41145.13797572553,0.11709404980793227,134953.80491551402,1686922.5614439251
OBL03398,B,consumer,north,992429.2703209169,2.0890698711305205,0,0.04725,0.55,25790.75566246483,0.13899151734652296,137939.25014100684,1724240.6267625855
OBL03399,BB,technology,north,2483738.1313590426,1.8788058467657178,1,0.01275,0.35,11083.681411189726,0.05746197669052634,142720.50260952476,1784006.2826190596
OBL03400,A,healthcare,north,1914999.2272206952,2.030771366136896,1,0.0016,0.35,1072.3995672435892,0.02162986600182838,41421.17667838853,517764.70847985666
OBL03401,BB,industrials,south,1781873.5353424007,2.3071968969033323,1,0.015,0.35,9354.836060547603,0.06416314732457222,114330.6141619308,1429132.6770241351
OBL03402,BBB,technology,east,3766749.975175185,2.138332119466508,1,0.00425,0.35,5603.040588073089,0.037634931806068236,141761.37844622732,1772017.2305778414
OBL03403,CCC,real_estate,south,3756873.1034464245,4.345286599305876,0,0.15,0.5,281765.4827584818,0.2148986689677084,807347.0294112205,10091837.867640255
OBL03404,BB,healthcare,west,1150722.4759700962,1.1931436306305558,0,0.012,0.55,7594.768341402636,0.07978682593562296,91812.49389043514,1147656.1736304392
OBL03405,BBB,real_estate,west,2433507.7257081284,2.0693096235546484,1,0.00625,0.3,4562.826985702741,0.03817841388550918,92907.46514566908,1161343.3143208635
OBL03406,A,real_estate,north,1454129.1202345488,3.275151022075234,0,0.0025,0.5,1817.661400293186,0.05077755396033897,73837.11986801004,922963.9983501254
OBL03407,BBB,real_estate,west,1175862.817642428,2.824352525506416,0,0.00625,0.5,3674.5713051325874,0.07173400745800063,84349.35213034756,1054366.9016293446
OBL03408,B,consumer,east,2839993.636633751,1.7809433678961848,1,0.04725,0.35,46966.39476583066,0.08614696750062742,244656.8395170764,3058210.4939634553
OBL03409,BBB,industrials,west,1736594.293428805,4.464975553550424,0,0.005,0.55,4775.634306929214,0.09041187125341618,157008.73967690236,1962609.2459612796
OBL03410,BBB,consumer,south,6359198.427108483,1.836382831696803,0,0.00525,0.55,18362.185458275748,0.061964017965911986,394041.4855861493,4925518.5698268665
OBL03411,BB,energy,east,3993766.887707062,2.6050049716492825,0,0.018,0.6000000000000001,43132.68238723627,0.12032597607118642,480553.8989641366,6006923.737051708
OBL03412,BB,energy,east,1048839.9577415655,4.263597093832426,1,0.018,0.39999999999999997,7551.647695739271,0.09528910878770781,99943.0248341309,1249287.8104266364
OBL03413,BB,real_estate,east,1230794.6582762434,3.4975880513962547,0,0.01875,0.5,11538.699921339781,0.11155932807123448,137306.62507096236,1716332.8133870293
OBL03414,BBB,real_estate,south,4743074.21686205,1.4765937010102665,1,0.00625,0.3,8893.264156616344,0.034361704622916954,162980.11524438692,2037251.4405548365
OBL03415,A,healthcare,east,3787261.489748384,1.7240037027366149,1,0.0016,0.35,2120.8664342590946,0.01998544361542749,75690.10096024624,946126.262003078
OBL03416,B,real_estate,south,915899.2866581558,4.103305323322923,1,0.056249999999999994,0.3,15455.800462356377,0.09338072135636441,85527.33607791818,1069091.7009739773
OBL03417,BBB,healthcare,west,1854378.1044663012,4.979721357101364,0,0.004,0.55,4079.631829825863,0.08827453274816247,163694.36071018595,2046179.5088773244
OBL03418,BBB,industrials,north,2133926.400103063,1.309940176704631,1,0.005,0.35,3734.3712001803597,0.03470130662917077,74050.03433405893,925625.4291757366
OBL03419,A,financials,north,1742189.2827856643,1.6019060423733285,1,0.0018000000000000002,0.35,1097.5792481549686,0.020778706556245936,36200.439872439885,452505.49840549857
OBL03420,BBB,energy,west,94839.70044384905,2.218882856809996,1,0.006,0.39999999999999997,227.61528106523772,0.05125905338876647,4861.393268425878,60767.415855323474
OBL03421,BBB,healthcare,north,373021.44743122265,3.9918601776459783,0,0.004,0.55,820.6471843486898,0.0775380811773084,28923.36727179922,361542.09089749027
OBL03422,BB,industrials,west,2043886.0436249047,4.671121855146845,1,0.015,0.35,10730.40172903075,0.08303520346783529,169714.49349746283,2121431.1687182854
OBL03423,BB,healthcare,north,6855656.700434095,3.10038556542923,1,0.012,0.35,28793.758141823197,0.06596392556233832,452226.0282683806,5652825.353354758
OBL03424,A,financials,south,1781654.252522092,3.9586632714267034,1,0.0018000000000000002,0.35,1122.442179088918,0.03389997792373024,60398.03982821903,754975.4978527379
OBL03425,A,industrials,west,930885.6214640208,3.2407579283846517,1,0.002,0.35,651.6199350248146,0.03157373927194301,29391.539904105633,367394.24880132044
OBL03426,A,industrials,north,20947097.109678105,1.2946412878777998,1,0.002,0.35,14662.967976774673,0.02037763660855247,426852.33290508017,5335654.161313502
OBL03427,B,consumer,south,3928459.8960628766,1.926323150544289,1,0.04725,0.35,64966.90553113982,0.08723317855424854,342692.0435564576,4283650.54445572
OBL03428,BBB,financials,east,176757.2964008277,3.327153452148952,0,0.0045000000000000005,0.55,437.47430859204866,0.07405873574085046,13090.421904416078,163630.27380520097
OBL03429,BB,industrials,north,3175955.37018275,1.2330766623652907,0,0.015,0.55,26201.631804007688,0.08735266942019425,277428.1795448644,3467852.244310805
OBL03430,BBB,financials,north,1081586.049910226,1.5334451464346999,0,0.0045000000000000005,0.55,2676.92547352781,0.054072575980229826,58484.14386292734,731051.7982865918
OBL03431,BBB,industrials,west,2733302.9363390645,1.72964794691483,1,0.005,0.35,4783.280138593363,0.03773880220177348,103151.57887202661,1289394.7359003327
OBL03432,A,consumer,east,1241076.4403108035,3.0109542250969685,0,0.0021000000000000003,0.55,1433.4432885589783,0.04875909117457782,60513.75930773496,756421.991346687
OBL03433,BB,financials,north,5903221.263083637,1.3238040360344394,0,0.0135,0.55,43831.417878396,0.0851509350016369,502664.81007311563,6283310.125913945
OBL03434,BBB,technology,south,1447119.6966300597,1.927989663871096,1,0.00425,0.35,2152.590548737214,0.0361610051252985,52329.302766759996,654116.2845844999
OBL03435,BB,financials,west,641405.6887564699,2.7704460086233302,0,0.0135,0.55,4762.437239016789,0.10329860759498309,66256.31455204444,828203.9319005555
OBL03436,BB,consumer,east,1598800.422415371,3.402222106584959,1,0.01575,0.35,8813.387328564733,0.0738808053802925,118120.66285039947,1476508.2856299933
OBL03437,B,technology,south,2899873.4942046013,4.401620633884134,0,0.03825,0.55,61006.0886343293,0.15728293919790132,456100.6264705879,5701257.830882349
OBL03438,CCC,technology,north,2995765.782937077,4.458455630498948,0,0.102,0.55,168062.46042277003,0.2122765755645461,635930.901595324,7949136.269941551
OBL03439,BBB,energy,north,2224809.28918649,2.1702210340858534,1,0.006,0.39999999999999997,5339.542294047575,0.0508438365257044,113117.83980026649,1413972.9975033312
OBL03440,B,financials,west,4946943.167862816,1.4735100913635657,1,0.0405,0.35,70122.91940445542,0.07943380178768836,392954.50305097405,4911931.288137175
OBL03441,CCC,energy,east,802773.7615050917,1.832370727290109,1,0.144,0.39999999999999997,46239.76866269328,0.1503619971261357,120706.66602036575,1508833.3252545719
OBL03442,B,technology,north,6390664.135723422,2.2833639148983464,1,0.03825,0.35,85555.0161169973,0.08404617366984336,537110.8678166502,6713885.847708127
OBL03443,BB,energy,south,2270644.7262660535,1.4762962693850863,1,0.018,0.39999999999999997,16348.642029115583,0.06996062925827291,158855.73387155196,1985696.6733943995
OBL03444,BBB,consumer,south,2240911.795109045,1.2767087828538042,0,0.00525,0.55,6470.632808377369,0.05554228445091876,124465.36035336557,1555817.0044170697
OBL03445,BB,healthcare,east,3544022.540140581,1.660471583895856,1,0.012,0.35,14884.89466859044,0.054495532486625205,193133.395469563,2414167.4433695376
OBL03446,A,industrials,west,1215718.1833897368,1.7668119405149265,1,0.002,0.35,851.0027283728158,0.02309405709000345,28075.865132557865,350948.3141569733
OBL03447,A,energy,south,1679000.4831967377,1.7682476806354397,0,0.0024,0.6000000000000001,2417.7606958033025,0.04402563107269355,73919.05584409377,923988.1980511722
OBL03448,A,financials,north,469980.66925120604,4.863533853367984,0,0.0018000000000000002,0.55,465.2808625586941,0.06118805735007588,28757.20414356984,359465.051794623
OBL03449,BBB,industrials,east,901016.0010438688,4.825442226787317,1,0.005,0.35,1576.7780018267704,0.06014358497263328,54190.33242048416,677379.155256052
OBL03450,BB,industrials,north,2255000.624877018,3.833389049424321,0,0.015,0.55,18603.755155235398,0.11997430290081644,270542.1280105257,3381776.6001315713
OBL03451,BB,industrials,south,838205.7272951769,1.6317638730730106,1,0.015,0.35,4400.580068299679,0.05877092457135457,49262.12557414224,615776.569676778
OBL03452,BBB,real_estate,south,72876.32823905181,3.230880616968206,1,0.00625,0.3,136.64311544822215,0.04565818387496482,3327.400794870919,41592.50993588649
OBL03453,BB,financials,south,1302230.6053419963,4.963491085404151,0,0.0135,0.55,9669.062244664323,0.13080967445878003,170344.36155504658,2129304.5194380824
OBL03454,BB,industrials,north,1153630.2760029372,1.2383777197510124,1,0.015,0.35,6056.55894901542,0.05563038259027943,64176.89362177305,802211.1702721631
OBL03455,B,industrials,east,6714044.671803176,4.155710803505614,0,0.045,0.55,166172.60562712862,0.16106760664487924,1081415.1061941413,13517688.827426767
OBL03456,B,healthcare,south,692322.9733202663,3.2635926889825564,0,0.036,0.55,13707.994871741275,0.14139063123260123,97887.9822145838,1223599.7776822974
OBL03457,BB,financials,north,1477102.8944785309,1.876530730863489,0,0.0135,0.55,10967.488991503093,0.0920847190901831,136018.6051053519,1700232.5638168985
OBL03458,BB,industrials,east,560864.6057575253,2.1392114454044493,0,0.015,0.55,4627.132997499584,0.09872037928592259,55368.76660843234,692109.5826054043
OBL03459,BB,technology,east,3031174.43704424,1.6490185514702005,0,0.01275,0.55,21256.110739772736,0.08741712353042576,264976.5502053651,3312206.877567064
OBL03460,A,real_estate,west,4248548.526695702,3.8813085273604897,0,0.0025,0.5,5310.685658369628,0.05609721872563491,238331.75596852275,2979146.949606534
OBL03461,BB,real_estate,south,1782309.2854420228,4.148282947544114,1,0.01875,0.3,10025.489730611378,0.07136343247918742,127191.70834867057,1589896.354358382
OBL03462,BBB,financials,south,2048807.785737679,2.9627036051754505,0,0.0045000000000000005,0.55,5070.799269700757,0.06999790107607162,143412.2447099514,1792653.0588743924
OBL03463,BBB,real_estate,south,2560107.23989668,2.7538375452706183,1,0.00625,0.3,4800.201074806275,0.04258633336251753,109025.58036203466,1362819.7545254333
OBL03464,BBB,consumer,south,3311276.4920495376,3.0607118102077804,1,0.00525,0.35,6084.470554141025,0.04837129939232693,160170.74656770224,2002134.332096278
OBL03465,BBB,industrials,east,3160202.933058972,3.63141801943174,1,0.005,0.35,5530.3551328532,0.05150223139081464,162757.5027003343,2034468.7837541788
OBL03466,BBB,energy,south,559968.689787471,2.464469835512659,0,0.006,0.6000000000000001,2015.887283234896,0.08003186107420125,44815.33638697337,560191.7048371672
OBL03467,A,real_estate,east,5843953.551940854,3.276979315778463,0,0.0025,0.5,7304.941939926067,0.0507935991458046,296835.4341439847,3710442.9267998086
OBL03468,BBB,industrials,west,7366946.280164328,4.885316304440684,0,0.005,0.55,20259.102270451905,0.09519227727630085,701276.3929810158,8765954.912262699
OBL03469,BB,healthcare,east,5983815.125832896,3.177165381541508,0,0.012,0.55,39493.179830497116,0.10461856267448712,626018.1377744928,7825226.722181161
OBL03470,BB,real_estate,east,3763201.4505443093,1.0655272906445061,1,0.01875,0.3,21168.00815931174,0.050385958340561095,189612.51151426465,2370156.393928308
OBL03471,A,financials,south,1267713.772721681,1.0164972333404911,1,0.0018000000000000002,0.35,798.6596768146591,0.01751943667916956,22209.631168508644,277620.3896063581
OBL03472,BB,technology,north,1943884.6505493426,4.880017385718224,1,0.01275,0.35,8674.58525307644,0.08140113686520868,158234.4204895454,1977930.2561193174
OBL03473,A,financials,south,1291960.6682793547,1.5843507667815864,1,0.0018000000000000002,0.35,813.9352210159935,0.02068096736948093,26718.99642333811,333987.4552917264
OBL03474,A,consumer,south,7041885.577802474,1.0058895318480188,0,0.0021000000000000003,0.55,8133.377842361859,0.03036196323446965,213805.47101458078,2672568.3876822595
OBL03475,BBB,consumer,west,1407938.0530847649,1.1261579654756013,0,0.00525,0.55,4065.421128282259,0.05381485536667612,75767.98269199619,947099.7836499524
OBL03476,B,financials,north,8933210.790018206,2.513351066511618,1,0.0405,0.35,126628.26294850808,0.08727833745792508,779675.7859139866,9745947.323924832
OBL03477,BBB,consumer,west,246947.16771733636,3.6149542627439972,1,0.00525,0.35,453.76542068060553,0.05241819733582101,12944.525368929424,161806.5671116178
OBL03478,BBB,financials,east,402923.77544035646,2.41623248567936,1,0.0045000000000000005,0.35,634.6049463185615,0.040669311602873195,16386.632575589963,204832.90719487454
OBL03479,BBB,consumer,east,703844.6642737704,4.4437701083816,1,0.00525,0.35,1293.3145706030532,0.058469940802777724,41153.755854438314,514421.94818047894
OBL03480,BB,consumer,north,7860948.522058347,3.5740317113138587,1,0.01575,0.35,43333.47872784664,0.07525161436302023,591549.0667094886,7394363.333868608
OBL03481,B,consumer,west,942691.6060979563,3.48500287086945,0,0.04725,0.55,24498.198113470644,0.15538115763402163,146476.51304737557,1830956.4130921946
OBL03482,B,consumer,north,1378271.0153743774,1.4432382734514508,1,0.04725,0.35,22793.156916753767,0.08362378993240989,115256.24585959621,1440703.0732449526
OBL03483,BBB,energy,east,901644.2340916742,3.641279170657036,1,0.006,0.39999999999999997,2163.946161820018,0.06339593816627818,57160.58211245703,714507.2764057128
OBL03484,A,industrials,east,420820.0142028616,4.662863593117079,1,0.002,0.35,294.5740099420031,0.03975518158075896,16729.776077452327,209122.2009681541
OBL03485,BB,real_estate,south,1917142.3273250398,4.3884013560622055,1,0.01875,0.3,10783.925591203348,0.07299738543086645,139946.37739357425,1749329.717419678
OBL03486,CCC,real_estate,west,2214300.381302153,3.0404060000945483,0,0.15,0.5,166072.5285976615,0.20218415720999755,447696.4564033521,5596205.705041901
OBL03487,CCC,consumer,east,793316.5446923279,3.04164474739544,1,0.126,0.35,34985.25962093166,0.13422142557496708,106480.07756081133,1331000.9695101418
OBL03488,BBB,financials,east,1998136.3923846069,1.7048773095853873,1,0.0045000000000000005,0.35,3147.064818005756,0.035625377705773766,71184.3636863538,889804.5460794225
OBL03489,BBB,industrials,east,242204.28214783102,2.4121272648999312,1,0.005,0.35,423.85749375870427,0.04267801956659481,10336.799092618183,129209.98865772728
OBL03490,BBB,healthcare,east,394833.5150883397,3.378202562139447,0,0.004,0.55,868.6337331943473,0.0708686164721522,27981.304951147264,349766.3118893408
OBL03491,BB,industrials,north,1153367.0427844238,2.7251180450956154,1,0.015,0.35,6055.176974618224,0.0674995609212213,77851.76896895606,973147.1121119508
OBL03492,BB,consumer,east,6869287.410977397,2.411574623133519,0,0.01575,0.55,59505.2021975917,0.103677788063502,712192.524342597,8902406.554282462
OBL03493,BB,financials,east,1215316.865289729,2.105446244665723,1,0.0135,0.35,5742.37218849397,0.06042679545153401,73437.70362766198,917971.2953457747
OBL03494,BBB,industrials,east,1264559.5947054052,4.393365634823317,0,0.005,0.55,3477.5388854398648,0.08959747368178812,113301.3450056702,1416266.8125708774
OBL03495,CCC,real_estate,east,2485854.6113282656,4.687653210867474,1,0.15,0.3,111863.45750977195,0.13094077500082227,325499.72934669093,4068746.6168336365
OBL03496,BB,industrials,west,3108089.2733842884,1.7695976907169495,1,0.015,0.35,16317.468685267513,0.05987130110232089,186085.34873968447,2326066.859246056
OBL03497,BB,industrials,south,5516984.118110848,4.8760833692661,0,0.015,0.55,45515.118974414494,0.1330551896832986,734063.3683149847,9175792.10393731
OBL03498,BBB,industrials,north,1436729.166082541,4.284811357895357,1,0.005,0.35,2514.2760406444463,0.05623094864033653,80788.6439480609,1009858.0493507612
OBL03499,BBB,real_estate,north,4282783.201800549,1.0226495693423998,1,0.00625,0.3,8030.21850337603,0.03143859642531931,134644.6926585443,1683058.658231804
OBL03500,BB,healthcare,west,948518.5528929657,1.1068533430286602,0,0.012,0.55,6260.222449093575,0.07870682885198851,74654.88740548247,933186.0925685309
OBL03501,BB,financials,west,20367675.19879755,1.1189667802286731,0,0.0135,0.55,151229.9883510718,0.08258131548020818,1681989.4111903124,21024867.639878906
OBL03502,BBB,technology,west,3270973.025122225,3.4771663925865113,0,0.00425,0.55,7645.899446223201,0.07388308237355583,241669.56945678443,3020869.6182098053
OBL03503,CCC,technology,north,3277381.3667726475,4.7806958392527035,1,0.102,0.35,117002.5147937835,0.13739875614201422,450308.12319757626,5628851.539969703
OBL03504,BBB,real_estate,east,1467207.7405900224,2.1918325183786704,1,0.00625,0.3,2751.014513606292,0.038967382512413995,57173.24525274609,714665.5656593262
OBL03505,CCC,consumer,north,532210.6820386755,3.5832129891434468,0,0.126,0.55,36882.20026528021,0.21689315231233186,115432.85252166448,1442910.656520806
OBL03506,BB,healthcare,south,4800907.55546532,4.895943340463219,1,0.012,0.35,20163.811732954342,0.08026489257726645,385344.3292128108,4816804.115160135
OBL03507,BB,industrials,west,7303428.135900327,4.216925213185593,0,0.015,0.55,60253.2821211777,0.12478586947375993,911364.630077444,11392057.87596805
OBL03508,BBB,consumer,north,779706.3663914544,3.48532672869764,1,0.00525,0.35,1432.7104482442974,0.0514716992850999,40132.81162157886,501660.1452697358
OBL03509,BBB,technology,south,1083165.0558519713,1.314528031026573,0,0.00425,0.55,2531.898318053983,0.05006934891935885,54233.36911870917,677917.1139838645
OBL03510,BBB,industrials,east,1050429.8853696291,2.778572348011807,0,0.005,0.55,2888.6821847664805,0.07123292649563445,74825.19481335251,935314.9351669064
OBL03511,CCC,industrials,south,1009279.5142236302,2.375806785138889,0,0.12,0.55,66612.4479387596,0.2001835074995107,202041.1132046886,2525513.9150586072
OBL03512,BB,energy,south,2641983.724468352,4.102500684072986,1,0.018,0.39999999999999997,19022.28281617213,0.0938252097061774,247884.67698855072,3098558.462356884
OBL03513,CCC,healthcare,south,766957.5824371348,3.958831972890771,0,0.096,0.55,40495.36035268072,0.20249114690870887,155302.12049802605,1941276.5062253256
OBL03514,B,consumer,west,8709873.141270781,4.931058607939761,0,0.04725,0.55,226347.82825877445,0.17235928865512978,1501227.5389058525,18765344.236323155
OBL03515,BBB,industrials,north,9706877.930475386,2.7353869043379717,0,0.005,0.55,26693.914308807314,0.07074179173270198,686681.936932451,8583524.211655637
OBL03516,B,industrials,west,864651.2041659157,2.8643206336080738,1,0.045,0.35,13618.256465613173,0.0928209595060219,80257.75440871753,1003221.9301089692
OBL03517,CCC,technology,south,6969096.275723361,3.4656848695755698,0,0.102,0.55,390966.3010680806,0.20107539187653325,1401313.7646663634,17516422.05832954
OBL03518,B,industrials,west,689127.4487447815,4.8583465715364,1,0.045,0.35,10853.75731773031,0.10776253836313371,74262.12313244797,928276.5391555997
OBL03519,BBB,healthcare,north,4619141.776789347,2.9688775490106467,1,0.004,0.35,6466.798487505085,0.042267219475817276,195238.27926947188,2440478.4908683985
OBL03520,BB,technology,east,568564.4695276567,1.0038080052107907,1,0.01275,0.35,2537.218945267168,0.050482557476112806,28702.588511805516,358782.35639756895
OBL03521,BB,financials,west,2000503.0963549821,2.8003073756573738,1,0.0135,0.35,9452.377130277291,0.0659738603592252,131980.91192712123,1649761.3990890153
OBL03522,BB,technology,south,1172131.7662194704,1.1884853557268773,1,0.01275,0.35,5230.638006754386,0.05195563613693376,60898.85155024032,761235.644378004
OBL03523,B,real_estate,north,400435.25468553096,2.143479058257932,0,0.056249999999999994,0.5,11262.241538030557,0.13490520891540642,54020.80169044553,675260.0211305692
OBL03524,A,real_estate,west,2147348.852492502,4.2716861082524975,0,0.0025,0.5,2684.1860656156273,0.059523189441373886,127817.05254362803,1597713.1567953504
OBL03525,CCC,industrials,south,2875443.4363204422,2.8641375157071978,0,0.12,0.55,189779.2667971492,0.2056038990824981,591202.3820986598,7390029.776233247
OBL03526,A,healthcare,north,556513.265272388,4.36792975200505,1,0.0016,0.35,311.64742855253724,0.034158160306666255,19009.469327960513,237618.3665995064
OBL03527,A,energy,south,749662.0559884593,3.357607774145563,0,0.0024,0.6000000000000001,1079.5133606233815,0.0605706119040256,45407.48945245088,567593.618155636
OBL03528,BBB,consumer,north,833750.7040049954,1.347282981375785,0,0.00525,0.55,2407.4551578144246,0.05635205702636565,46983.56721786201,587294.5902232751
OBL03529,BB,healthcare,west,7726836.876494444,4.496955700047855,0,0.012,0.55,50997.123384863335,0.12113687237779752,936004.8525919671,11700060.65739959
OBL03530,BB,financials,south,1587178.1519017406,1.1659381160450688,0,0.0135,0.55,11784.797777870424,0.08317055624594,132006.4897550708,1650081.121938385
OBL03531,A,consumer,west,10286938.4897881,1.6469121348340554,0,0.0021000000000000003,0.55,11881.413955705259,0.036243556421633245,372835.2355605057,4660440.444506321
OBL03532,BB,technology,west,3602366.61326808,4.78570391042458,1,0.01275,0.35,16075.561011708805,0.08064884554472632,290526.70858893625,3631583.857361703
OBL03533,BBB,energy,west,3098881.357779324,2.1433250508683668,0,0.006,0.6000000000000001,11155.972888005568,0.07592151164818425,235271.757100984,2940896.9637623
OBL03534,BB,real_estate,east,229348.5341224919,1.970080715222824,1,0.01875,0.3,1290.0855044390169,0.05654124542230839,12967.651755066483,162095.64693833105
OBL03535,B,financials,north,1074435.3332721472,3.8520608875659974,1,0.0405,0.35,15230.120849132687,0.09737753261789853,104625.8617115312,1307823.2713941399
OBL03536,B,healthcare,west,1479924.047829594,4.859439862445674,1,0.036,0.35,18647.04300265288,0.10211468269607628,151121.9745584118,1889024.6819801475
OBL03537,B,technology,west,1292900.4397739605,4.42890681211928,1,0.03825,0.35,17308.704637473893,0.10029579953357487,129672.48332443993,1620906.0415554992
OBL03538,A,real_estate,east,1853121.3330414216,4.301605320950296,0,0.0025,0.5,2316.401666301777,0.05978576175996452,110790.2705295223,1384878.3816190287
OBL03539,BBB,industrials,east,7560709.141685746,3.252863397217995,0,0.005,0.55,20791.950139635803,0.07662689266099793,579353.6478409794,7241920.5980122425
OBL03540,B,financials,south,3837557.1131628365,4.229323329686825,0,0.0405,0.55,85481.5846957022,0.15749421527619178,604393.0461151488,7554913.07643936
OBL03541,B,healthcare,south,885756.0684619735,1.8461995632204466,1,0.036,0.35,11160.526462620865,0.07919444216539631,70146.95773646058,876836.9717057572
OBL03542,B,technology,east,1195555.6786056554,2.3198868662152545,1,0.03825,0.35,16005.50164733321,0.08432278631418051,100812.58601376976,1260157.325172122
OBL03543,BBB,financials,north,1517807.8014677302,1.3460855569346077,1,0.0045000000000000005,0.35,2390.547287311675,0.033081329466563496,50211.09994727438,627638.7493409298
OBL03544,BBB,energy,east,1519008.5647463528,4.232213911113609,0,0.006,0.6000000000000001,5468.430833086872,0.10265731287638252,155937.3374930711,1949216.7186633889
OBL03545,BB,real_estate,south,1648997.3024666563,4.36718381251567,1,0.01875,0.3,9275.60982637494,0.07285300471420587,120134.40825031608,1501680.103128951
OBL03546,BB,real_estate,south,1488472.251403892,2.769828496878091,0,0.01875,0.5,13954.427356911487,0.10330558859636212,153767.50204063134,1922093.7755078918
OBL03547,BB,real_estate,north,2952494.6963303485,1.9462011061516655,1,0.01875,0.3,16607.78266685821,0.05637874993532109,166457.9601697705,2080724.5021221312
OBL03548,A,energy,east,336230.31332763075,2.9299570453622206,0,0.0024,0.6000000000000001,484.1716511917883,0.05611883716832092,18868.85420468683,235860.6775585854
OBL03549,BB,industrials,east,1617293.442335464,1.607821014444788,0,0.015,0.55,13342.67089926758,0.09205394029953538,148878.2339875789,1860977.9248447362
OBL03550,B,industrials,west,1811807.2577924363,1.5627374403557623,0,0.045,0.55,44842.2296303628,0.13053538625649808,236504.96021826225,2956312.0027282783
OBL03551,A,energy,east,7354603.083313032,1.7500847067265615,1,0.0024,0.39999999999999997,7060.4189599805095,0.029224371639827402,214933.65377016054,2686670.6721270066
OBL03552,BBB,industrials,south,1012938.2670869326,4.7850471903793945,1,0.005,0.35,1772.6419674021317,0.05985123931464668,60625.61063438349,757820.1329297937
OBL03553,BB,healthcare,north,2291186.3877044115,2.8531570206734402,1,0.012,0.35,9622.982828358528,0.06399483979252268,146624.1058159526,1832801.3226994073
OBL03554,BB,industrials,north,2392945.821287222,4.50690890339475,0,0.015,0.55,19741.803025619585,0.1284237945570844,307311.1825392238,3841389.7817402976
OBL03555,B,technology,south,5448920.886589257,4.8312110135638555,1,0.03825,0.35,72947.42836921367,0.1033427172928745,563106.2907340326,7038828.634175408
OBL03556,BB,industrials,south,3337208.6599507486,4.8227704682507255,1,0.015,0.35,17520.34546474143,0.08424586843863492,281146.0417184839,3514325.521481049
OBL03557,B,consumer,north,2230334.4245864884,4.583853009776407,1,0.04725,0.35,36884.15554659905,0.10708902271528509,238844.33385722476,2985554.1732153096
OBL03558,BB,financials,south,3475409.2573323124,3.466712041935598,0,0.0135,0.55,25804.913735692422,0.11203304794016841,389360.69193841604,4867008.649230201
OBL03559,B,technology,east,379259.1943058662,3.821824731644533,0,0.03825,0.55,7978.66530020966,0.1503825124367747,57033.95050446307,712924.3813057884
OBL03560,B,industrials,north,451131.21464709146,1.710113062398837,1,0.045,0.35,7105.316630691691,0.08417228392228526,37972.7446854804,474659.308568505
OBL03561,B,financials,north,2361035.820482728,4.611317573632123,1,0.0405,0.35,33467.68275534267,0.10310534706170174,243435.4176959814,3042942.721199767
OBL03562,BBB,financials,south,1170431.4573193674,1.7034355051680365,1,0.0045000000000000005,0.35,1843.4295452780038,0.035615154449631044,41685.09712513602,521063.71406420023
OBL03563,BBB,industrials,west,865160.6846625615,4.9684697896832795,0,0.005,0.55,2379.1918828220446,0.09613795627800517,83174.78007553837,1039684.7509442295
OBL03564,BB,energy,north,4029349.527186327,1.3488831935679912,0,0.018,0.6000000000000001,43516.974893612336,0.10320422096842441,415845.8789627541,5198073.487034426
OBL03565,A,healthcare,east,1916537.394305909,2.431222351660198,0,0.0016,0.55,1686.5529069892002,0.03736303387759232,71607.65159112419,895095.6448890524
OBL03566,BBB,industrials,north,8332130.95754295,2.108087259988157,0,0.005,0.55,22913.360133243117,0.06360770589483813,529987.7354246681,6624846.692808351
OBL03567,BB,healthcare,east,397656.2072149995,3.7468492593907734,1,0.012,0.35,1670.1560703029977,0.07111277462319218,28278.436241193667,353480.4530149208
OBL03568,BB,healthcare,west,3591980.117836553,2.8289496216944134,1,0.012,0.35,15086.316494913523,0.06380203663178355,229175.64705884596,2864695.588235575
OBL03569,CCC,financials,south,2052849.354100254,4.573231575508718,0,0.108,0.55,121939.25163355509,0.21746021940578197,446413.07094965904,5580163.386870738
OBL03570,B,industrials,north,1273745.983177722,4.384403974241428,1,0.045,0.35,20061.49923504912,0.10421120507476916,132738.60386609705,1659232.5483262131
OBL03571,BB,technology,east,633405.6367310458,2.9124961360008723,1,0.01275,0.35,2826.5726539122916,0.06570720602002936,41619.3146669347,520241.4333366837
OBL03572,B,consumer,east,1593679.1252891559,2.2043136062712487,1,0.04725,0.35,26355.468534469415,0.08931019573168299,142331.79461307183,1779147.4326633979
OBL03573,A,consumer,north,378222.2874352069,1.47290369746786,1,0.0021000000000000003,0.35,277.9933812648771,0.022048072954031498,8339.072586212113,104238.40732765141
OBL03574,B,consumer,south,5883023.447898156,1.8715978311189918,1,0.04725,0.35,97290.50026961576,0.08682429606873411,510789.36961961444,6384867.120245181
OBL03575,B,technology,north,783297.8613271156,3.735657609594124,1,0.03825,0.35,10486.400118516758,0.09504536143422235,74448.82834048907,930610.3542561133
OBL03576,CCC,energy,east,1839391.9631167657,4.892935500247846,1,0.144,0.39999999999999997,105948.97707552569,0.17440338607503353,320796.18668676715,4009952.3335845894
OBL03577,BBB,healthcare,south,4077811.234978989,3.288550323987965,1,0.004,0.35,5708.935728970585,0.044478153872554424,181373.51557262667,2267168.9446578333
OBL03578,BBB,financials,south,971178.3501275216,1.5959350099906762,1,0.0045000000000000005,0.35,1529.6059014508464,0.034852911606952364,33848.39319158034,423104.91489475424
OBL03579,BB,healthcare,east,1363037.1740215842,1.4072622075646888,1,0.012,0.35,5724.756130890653,0.05247881156060878,71530.57100558344,894132.1375697929
OBL03580,BB,financials,south,1800396.3736092541,1.9089733858107216,1,0.0135,0.35,8506.872865303725,0.05885835587122104,105968.37046714932,1324604.6308393665
OBL03581,CCC,industrials,south,547426.4351860353,2.345736674652236,0,0.12,0.55,36130.14472227833,0.19984973417012863,109403.02754963032,1367537.844370379
OBL03582,B,healthcare,east,12880651.995049503,2.7004228056678867,0,0.036,0.55,255036.90950198018,0.13465901311022943,1734495.885869674,21681198.573370922
OBL03583,BBB,energy,south,9464341.92572902,3.7490793657015122,1,0.006,0.39999999999999997,22714.420621749647,0.06431576517476463,608706.3928288673,7608829.910360841
OBL03584,B,consumer,north,1222994.461387826,3.9764149089941982,1,0.04725,0.35,20225.27090520117,0.10255052384397136,125418.72267359715,1567734.0334199644
OBL03585,CCC,energy,north,1642840.3048109664,1.662197356271033,1,0.144,0.39999999999999997,94627.60155711164,0.14902524900776118,244824.68550444054,3060308.568805507
OBL03586,CCC,financials,south,24345483.14730014,4.630192231310879,1,0.108,0.35,920259.2629679453,0.13879069711646003,3378926.5776508157,42236582.2206352
OBL03587,BB,healthcare,north,999959.2829750609,2.1110887906244646,0,0.012,0.55,6599.731267635402,0.09127569824421407,91271.98176933233,1140899.772116654
OBL03588,CCC,real_estate,west,1593203.5373840597,1.9635899649039539,0,0.15,0.5,119490.26530380448,0.19169186377824798,305404.155459248,3817551.9432405997
OBL03589,CCC,technology,north,3186633.5049687945,3.9412873866584106,0,0.102,0.55,178770.1396287494,0.20644149588162225,657853.3875922549,8223167.344903186
OBL03590,BB,industrials,north,2047401.886442062,3.568348835882392,0,0.015,0.55,16891.06556314701,0.11664930058693315,238827.99807383405,2985349.975922926
OBL03591,BB,consumer,south,7003277.47234745,3.062437104694843,1,0.01575,0.35,38605.56706631532,0.07116977922129458,498421.71153243404,6230271.394155426
OBL03592,BBB,healthcare,south,3537563.798862953,1.3844947876357283,0,0.004,0.55,7782.640357498498,0.04920024098320412,174048.99139751634,2175612.3924689544
OBL03593,BB,healthcare,west,614799.7307213007,2.985746648547098,1,0.012,0.35,2582.158869029463,0.06505086813151996,39993.25621044531,499915.7026305664
OBL03594,BBB,financials,north,1581848.8770366334,4.8663852907448995,0,0.0045000000000000005,0.55,3915.0759706656686,0.09120942481153664,144279.52621328647,1803494.077666081
OBL03595,B,industrials,south,4149830.39916022,2.0542923156925794,1,0.045,0.35,65359.82878677346,0.08675127818522506,360003.0913790518,4500038.642238148
OBL03596,BBB,real_estate,south,1342904.8012337007,2.0509926645453107,1,0.00625,0.3,2517.946502313189,0.03806046445230794,51111.58045018893,638894.7556273616
OBL03597,B,industrials,south,3379190.5362380138,1.7793451459297485,0,0.045,0.55,83634.96577189084,0.13308593856775386,449722.7441145075,5621534.301431344
OBL03598,BBB,industrials,north,173748.3603215809,2.316145478940696,1,0.005,0.35,304.05963056276653,0.04198338327297636,7294.544004432129,91181.80005540162
OBL03599,B,technology,south,3779248.543494606,3.760056329637889,1,0.03825,0.35,50594.689876034034,0.0952301491971604,359898.40265014244,4498730.033126781
OBL03600,BB,healthcare,west,7046290.079648021,1.2770658282012644,1,0.012,0.35,29594.418334521684,0.051441844578744796,362474.1591340048,4530926.98917506
OBL03601,BBB,industrials,south,4347615.763726411,3.7936818611089076,0,0.005,0.55,11955.943350247633,0.08277745464337948,359884.56668870465,4498557.083608808
OBL03602,BB,real_estate,east,2467444.5914273285,3.207190374559683,1,0.01875,0.3,13879.375826778722,0.06495950452996782,160283.97811426816,2003549.726428352
OBL03603,BBB,industrials,east,4410766.052007728,1.916312656077909,1,0.005,0.35,7718.840591013523,0.03908972602994102,172415.6365551467,2155195.4569393336
OBL03604,B,financials,east,3056985.0379299344,1.6817655203130775,0,0.0405,0.55,68094.3417198893,0.12729337626911624,389133.94668227376,4864174.333528422
OBL03605,BB,energy,north,1733577.7210777183,1.210387265294628,0,0.018,0.6000000000000001,18722.63938763936,0.10131643157729679,175639.90856149676,2195498.8570187096
OBL03606,A,technology,west,618072.3976211589,4.550967891642946,1,0.0017,0.35,367.7530765845895,0.03618796831234249,22366.784339848047,279584.8042481006
OBL03607,BB,financials,north,4522006.522110298,4.357208014479424,1,0.0135,0.35,21366.480816971158,0.07840257238985332,354536.9436971415,4431711.796214269
OBL03608,B,real_estate,east,662610.0597238528,1.679098419285895,1,0.056249999999999994,0.3,11181.544757840014,0.0779960382099299,51680.95953650555,646011.9942063193
OBL03609,BB,financials,west,2371800.2566764164,2.625739022040295,1,0.0135,0.35,11206.756212796068,0.06458028408167349,153171.53436114907,1914644.1795143634
OBL03610,B,technology,west,973661.8077389818,2.3621699915725465,1,0.03825,0.35,13034.897451105617,0.08464302459433572,82413.680339016,1030171.0042377
OBL03611,BBB,healthcare,west,1349540.3604740142,2.2780775198203287,1,0.004,0.35,1889.35650466362,0.037489479031976664,50593.565046796786,632419.5630849599
OBL03612,BBB,consumer,south,24403811.973424975,2.04231454585136,1,0.00525,0.35,44842.00450116839,0.04093529412797977,998977.2209760657,12487215.262200821
OBL03613,B,technology,east,1094828.0027749962,1.1219979396320405,0,0.03825,0.55,23032.444108378982,0.11825058985152173,129464.05711410678,1618300.7139263346
OBL03614,BB,financials,south,4506607.300523257,1.5232401912278184,1,0.0135,0.35,21293.71949497239,0.05577905416334043,251374.29270879217,3142178.658859902
OBL03615,B,consumer,east,5490103.901004361,2.017045315127369,1,0.04725,0.35,90792.59326285962,0.08791101295586616,482640.59517024574,6033007.439628072
OBL03616,BB,energy,north,2454595.54728051,2.3602674997597908,0,0.018,0.6000000000000001,26509.63191062951,0.1169900454860471,287163.2447261955,3589540.559077444
OBL03617,BB,healthcare,east,2029605.6621317426,1.3145750352567815,0,0.012,0.55,13395.397370069502,0.08130664428949153,165020.4256188835,2062755.320236044
OBL03618,BBB,technology,south,7003344.452788936,1.8907119596332143,1,0.00425,0.35,10417.474873523543,0.035899790133210825,251418.596085709,3142732.4510713625
OBL03619,BBB,industrials,west,1377558.8127718207,3.7323962284314574,1,0.005,0.35,2410.727922350686,0.05223302763652717,71954.06753845207,899425.8442306509
OBL03620,BBB,energy,south,2912527.2631736835,2.458165991495887,1,0.006,0.39999999999999997,6990.06543161684,0.05330078522300461,155239.99011056594,1940499.8763820743
OBL03621,A,industrials,south,1248049.3981676716,3.666089457361947,0,0.002,0.55,1372.8543379844389,0.05346108746232472,66722.07803274362,834025.9754092953
OBL03622,BB,real_estate,north,8910466.811340867,2.745868318374065,1,0.01875,0.3,50121.37581379237,0.06182030941356197,550847.8152963673,6885597.691204591
OBL03623,B,consumer,south,3389737.443733432,1.9557751970618145,0,0.04725,0.55,88090.80181902257,0.13742650544363505,465839.77126372606,5822997.140796576
OBL03624,B,industrials,north,1317984.3391655441,1.3056857766566288,0,0.045,0.55,32620.11239434722,0.12750860697723543,168054.34710481073,2100679.338810134
OBL03625,A,energy,east,5992239.293863808,4.681232135520387,1,0.0024,0.39999999999999997,5752.549722109255,0.04956621790496944,297012.6385783737,3712657.9822296714
OBL03626,A,financials,north,180874.78197806654,2.000014005752651,1,0.0018000000000000002,0.35,113.95111264618193,0.02299517694897907,4159.247617193651,51990.59521492064
OBL03627,A,real_estate,north,3474613.284354511,4.573580997975466,0,0.0025,0.5,4343.266605443139,0.0621726321912849,216025.85373512545,2700323.171689068
OBL03628,A,financials,south,1192006.0564180366,4.004822732987092,0,0.0018000000000000002,0.55,1180.0859958538565,0.05367524049691202,63981.21175201379,799765.1469001723
OBL03629,CCC,industrials,south,3956430.317539002,3.809589888758198,1,0.12,0.35,166170.07333663804,0.1375170786520546,544076.7391583843,6800959.2394798035
OBL03630,B,real_estate,west,2608552.3165221284,4.076540412940499,1,0.056249999999999994,0.3,44019.32034131091,0.09321086388050681,243145.41490052483,3039317.6862565605
OBL03631,BBB,consumer,east,2608552.5192905474,3.753955167181545,0,0.00525,0.55,7532.195399451456,0.08396635764855932,219030.65377980054,2737883.1722475067
OBL03632,BB,technology,north,700094.9672693165,2.877398062678962,1,0.01275,0.35,3124.1737914393248,0.065427246281047,45805.28584365111,572566.0730456389
OBL03633,BBB,healthcare,south,1655329.475377891,4.3150350325048334,0,0.004,0.55,3641.72484583136,0.08105046859597667,134165.2296601103,1677065.3707513786
OBL03634,BB,healthcare,south,7624310.313492574,4.8963398409367755,0,0.012,0.55,50320.448069050995,0.12613550802263235,961696.2547145811,12021203.183932263
OBL03635,CCC,financials,north,7348479.241046288,4.053202873542261,0,0.108,0.55,436499.6669181495,0.2116223117429584,1555102.1647853558,19438777.05981695
OBL03636,BB,industrials,west,433426.2764676585,2.7189039364171745,0,0.015,0.55,3575.7667808581828,0.10599278088943681,45940.05635336099,574250.7044170124
OBL03637,A,consumer,north,2554793.1519864146,2.6447087866257832,0,0.0021000000000000003,0.55,2950.7860905443094,0.0453986688342305,115984.20824699114,1449802.6030873891
OBL03638,BB,real_estate,east,367019.0802907518,2.683737165238714,0,0.01875,0.5,3440.8038777257984,0.10232920097220141,37556.76922770487,469459.6153463109
OBL03639,B,healthcare,north,5978261.522837095,3.165920013875821,1,0.036,0.35,75326.09518774739,0.08923290812181407,533457.6611954988,6668220.764943735
OBL03640,B,financials,south,3059911.1457447093,2.7194818888582484,0,0.0405,0.55,68159.52077146342,0.1395953169222879,427149.2661442738,5339365.8268034225
OBL03641,BBB,healthcare,west,14998080.586167,3.3241265996901426,1,0.004,0.35,20997.3128206338,0.044724208018589624,670777.2760153036,8384715.950191295
OBL03642,B,industrials,south,1678393.7678032462,4.255224057899783,0,0.045,0.55,41540.245753130344,0.16223937364330185,272301.55361522007,3403769.420190251
OBL03643,BB,financials,south,5113555.707773035,2.311448613699838,1,0.0135,0.35,24161.55071922759,0.06207130895387888,317405.0961900508,3967563.7023756355
OBL03644,BB,energy,south,2671366.8399409093,2.477477986628793,1,0.018,0.39999999999999997,19233.841247574543,0.0790584669972187,211194.1671529328,2639927.0894116596
OBL03645,BBB,healthcare,south,8249219.563277523,1.327231663678437,0,0.004,0.55,18148.283039210553,0.048577883540732066,400729.62724682415,5009120.340585302
OBL03646,B,energy,north,2674886.8249348323,3.9494591985618213,0,0.054,0.6000000000000001,86666.33312788857,0.18250409119735705,488177.7890405155,6102222.363006444
OBL03647,BB,healthcare,west,605921.3992339754,3.773012590464851,1,0.012,0.35,2544.869876782697,0.07132115607428971,43215.01468351837,540187.6835439797
OBL03648,BB,financials,north,15816925.60241113,2.2516026085114254,0,0.0135,0.55,117440.67259790265,0.09678987887643294,1530918.3132549243,19136478.91568655
OBL03649,BB,energy,east,472710.9083393124,1.8649792037953676,0,0.018,0.6000000000000001,5105.277810064575,0.11023894455240947,52111.151613736576,651389.3951717071
OBL03650,BB,financials,south,1870534.2895761256,3.090757685783164,0,0.0135,0.55,13888.717100102733,0.10731681773616929,200739.78742369596,2509247.3427961995
OBL03651,BBB,real_estate,south,1000910.0192222288,2.9655994452607453,1,0.00625,0.3,1876.7062860416788,0.043949943777582635,43989.93907123611,549874.2383904514
OBL03652,CCC,real_estate,east,2542354.3923706803,2.238300304270827,1,0.15,0.3,114405.94765668061,0.11662115387294487,296492.3027922184,3706153.78490273
OBL03653,BB,energy,north,1594792.199775602,4.184623527772358,1,0.018,0.39999999999999997,11482.503838384333,0.09457146814634808,150821.83972112273,1885272.996514034
OBL03654,BB,healthcare,west,424568.8755583611,1.3451690484937653,1,0.012,0.35,1783.1892773451166,0.05198426204954715,22070.89968510742,275886.24606384273
OBL03655,CCC,industrials,south,2447067.05366907,1.0257157516291864,0,0.12,0.55,161506.42554215863,0.185197716894471,453191.2314271917,5664890.3928398965
OBL03656,CCC,financials,west,1235967.7369196047,2.168761465027081,1,0.108,0.35,46719.58045556106,0.12120648610103993,149807.30632627985,1872591.329078498
OBL03657,B,technology,west,2952322.7947897026,3.2575334349786123,0,0.03825,0.55,62109.490795388374,0.1436666133599729,424150.21747288684,5301877.718411085
OBL03658,CCC,consumer,west,879860.2741671863,3.1619097706527195,1,0.126,0.35,38801.838090772915,0.13506561508210754,118838.8691167028,1485485.863958785
OBL03659,A,industrials,north,868524.4699138075,4.464747524584938,0,0.002,0.55,955.3769169051883,0.060681359053599455,52703.24520567689,658790.5650709611
OBL03660,A,financials,west,7987396.713555087,3.07195953854518,1,0.0018000000000000002,0.35,5032.059929539705,0.028963245298803487,231340.93031355282,2891761.62891941
OBL03661,BBB,energy,north,366727.0800101147,4.972899769229665,0,0.006,0.6000000000000001,1320.2174880364132,0.11213739113808738,41123.8180120229,514047.7251502863
OBL03662,A,consumer,north,1237097.3108509902,3.690972899853702,0,0.0021000000000000003,0.55,1428.847394032894,0.05499848614436852,68038.47931007374,850480.9913759218
OBL03663,A,energy,north,649148.2472385871,1.067137502430707,0,0.0024,0.6000000000000001,934.7734760235655,0.03672718781467096,23841.389595896046,298017.3699487006
OBL03664,BBB,industrials,south,275038.13119050575,1.8205251564134102,1,0.005,0.35,481.31672958338504,0.03839649581884466,10560.500454279103,132006.2556784888
OBL03665,BBB,industrials,south,1048464.2335383262,2.738972570504797,1,0.005,0.35,1834.8124086920707,0.045043453897733225,47226.4503668058,590330.6295850725
OBL03666,BBB,industrials,east,1739765.9642097296,2.2181939695071127,0,0.005,0.55,4784.356401576757,0.0648599156228496,112841.07364214864,1410513.420526858
OBL03667,BB,financials,south,981652.3577429074,2.2968566842529983,0,0.0135,0.55,7288.768756241087,0.09735757714983698,95571.29515327448,1194641.189415931
OBL03668,BBB,consumer,east,3033726.336212339,4.2013309516605695,0,0.00525,0.55,8759.88479581313,0.08909957416078546,270303.72467687924,3378796.5584609904
OBL03669,BBB,healthcare,east,1186203.4784324123,1.8856963650004723,1,0.004,0.35,1660.684869805377,0.03477567585657577,41251.02766590823,515637.84582385287
OBL03670,BBB,energy,south,1668956.117410644,4.815113660900559,0,0.006,0.6000000000000001,6008.24202267832,0.11011787822423963,183781.90649862506,2297273.831232813
OBL03671,BB,financials,east,3034476.477498375,1.7165668835144148,1,0.0135,0.35,14337.901356179822,0.0573223779480117,173943.40751751306,2174292.5939689134
OBL03672,BB,real_estate,west,865822.9965277738,2.1474765413232384,1,0.01875,0.3,4870.254355468727,0.05774838499757537,49999.87974324024,624998.496790503
OBL03673,B,consumer,north,1831558.3802848356,4.116946578237715,0,0.04725,0.55,47597.62340765217,0.16280080459963617,298179.17798157764,3727239.7247697203
OBL03674,BB,consumer,north,8998968.305046057,1.2569815083379048,0,0.01575,0.55,77953.56294246147,0.08920163683435235,802722.7026305657,10034033.782882072
OBL03675,BBB,industrials,south,1223724.8883874037,1.7642596143459217,1,0.005,0.35,2141.518554677956,0.03798929264785143,46488.44290540841,581105.5363176052
OBL03676,CCC,healthcare,west,1442481.612055076,3.6025974496643203,0,0.096,0.55,76163.02911650803,0.19845322450249467,286265.1271978864,3578314.08997358
OBL03677,BBB,technology,south,402154.4105741039,2.7481223947437683,0,0.00425,0.55,940.0359347169679,0.06585526794577219,26483.98646393169,331049.83079914615
OBL03678,A,real_estate,east,1961955.7154102826,3.196504097266942,0,0.0025,0.5,2452.444644262853,0.05008734511007545,98269.1530084398,1228364.4126054975
OBL03679,A,real_estate,south,538238.2960722392,1.4216866366820904,1,0.0025,0.3,403.6787220541794,0.02070688169260742,11145.236719198461,139315.45898998078
OBL03680,BB,real_estate,south,1903546.7735091664,4.54673730054533,0,0.01875,0.5,17845.751001648434,0.12345804450714255,235008.16228532227,2937602.028566528
OBL03681,BB,technology,west,4260503.8235546565,1.9748845709336433,1,0.01275,0.35,19012.498312612654,0.05822834851649828,248082.10149381403,3101026.2686726754
OBL03682,BB,consumer,south,13416745.666879222,3.5763528072436035,1,0.01575,0.35,73959.8104886717,0.07527013357884224,1009880.2385393518,12623502.981741898
OBL03683,CCC,financials,west,3277651.9928298467,2.3126128950880265,0,0.108,0.55,194692.5283740929,0.19208222956167276,629578.7025100169,7869733.781375211
OBL03684,B,consumer,east,3328654.105112536,1.5294160760993827,0,0.04725,0.55,86503.39855661204,0.1324206257723505,440782.45957870537,5509780.744733817
OBL03685,A,energy,south,530096.1027483329,2.0705150807458046,1,0.0024,0.39999999999999997,508.8922586383995,0.03144812379331892,16670.527861585477,208381.59826981847
OBL03686,BBB,industrials,north,280425.8436630323,1.3082555879171727,0,0.005,0.55,771.1710700733389,0.054511466393043405,15286.423952578229,191080.29940722787
OBL03687,B,real_estate,east,1838177.3652497001,2.8802297983530223,0,0.056249999999999994,0.5,51698.73839764781,0.14269791332207818,262304.07433700777,3278800.929212597
OBL03688,A,industrials,west,1790268.0910502402,4.378769747653543,1,0.002,0.35,1253.1876637351681,0.03812077601963147,68246.40891401941,853080.1114252426
OBL03689,BB,consumer,north,11155944.07180237,4.218466766103896,1,0.01575,0.35,61497.14169581057,0.08039333716300431,896863.5731360272,11210794.66420034
OBL03690,BB,industrials,east,1803639.8739923548,2.369651303319091,1,0.015,0.35,9469.109338459863,0.06466174312820051,116626.49822787358,1457831.22784842
OBL03691,A,financials,west,7704673.70186024,1.9715867482683387,0,0.0018000000000000002,0.55,7627.626964841639,0.035886569534226996,276494.3085403376,3456178.85675422
OBL03692,B,industrials,west,1961519.9442968788,3.1307424356583415,1,0.045,0.35,30893.93912267584,0.09481730383077211,185986.03252851634,2324825.4066064544
OBL03693,BB,healthcare,west,2378124.749258029,1.672305635548144,0,0.012,0.55,15695.623345102993,0.08578395008807582,204004.93479356857,2550061.684919607
OBL03694,BBB,technology,west,6260463.820047876,3.4292291758611158,1,0.00425,0.35,9312.439932321216,0.046680597875532116,292242.19409797253,3653027.426224657
OBL03695,BBB,healthcare,north,982285.1414030753,1.2500324466595223,1,0.004,0.35,1375.1991979643053,0.030379270119726787,29841.105645278047,373013.82056597556
OBL03696,BB,real_estate,west,383167.6378394043,3.9953244019916494,1,0.01875,0.3,2155.317962846649,0.0703225832226376,26945.33810018297,336816.7262522871
OBL03697,BBB,real_estate,east,720699.1135786134,2.4291242623914826,0,0.00625,0.5,2252.184729933167,0.06749231450051123,48641.65123388744,608020.640423593
OBL03698,BBB,financials,south,8422297.838982534,3.3156138463741454,0,0.0045000000000000005,0.55,20845.187151481776,0.07393015719557912,622661.803183965,7783272.539799563
OBL03699,BB,industrials,south,3045368.0630865176,3.081635674490202,1,0.015,0.35,15988.182331204216,0.07034576832494405,214228.75623006775,2677859.452875847
OBL03700,BB,financials,south,1184515.7428132792,2.20306923146713,0,0.0135,0.55,8795.029390388598,0.09618104279042258,113927.9593454532,1424099.491818165
OBL03701,CCC,financials,north,3637219.3864887776,3.1619689217813134,0,0.108,0.55,216050.83155743338,0.20161720722338256,733326.0147626122,9166575.184532652
OBL03702,BB,technology,south,1566284.663552746,4.928085073286992,1,0.01275,0.35,6989.545311104128,0.0817845487163896,128097.88437006345,1601223.5546257931
OBL03703,BBB,consumer,south,366656.45633096644,4.900874963232685,0,0.00525,0.55,1058.7205176556656,0.09712618399487061,35611.94244050868,445149.28050635854
OBL03704,B,consumer,south,9217746.14628659,3.8003722442133254,1,0.04725,0.35,152438.4768942145,0.10123521379940514,933160.5018679658,11664506.273349572
OBL03705,BB,financials,west,643296.6766883422,2.0852896825344027,1,0.0135,0.35,3039.576797352417,0.06026588594966164,38768.84414909599,484610.55186369986
OBL03706,B,industrials,east,253145.2235176549,1.139358893983113,0,0.045,0.55,6265.344282061959,0.1255501105613173,31782.41080071095,397280.13500888686
OBL03707,BB,healthcare,west,1432045.2247301764,4.233959460912281,1,0.012,0.35,6014.58994386674,0.07499243086230274,107392.55250726854,1342406.9063408568
OBL03708,BBB,energy,east,1791979.5064935286,3.1940189008590134,1,0.006,0.39999999999999997,4300.750815584468,0.05957959928290763,106765.42092006702,1334567.7615008377
OBL03709,BBB,consumer,south,205256.73104692512,3.9043546196333443,0,0.00525,0.55,592.6788108979964,0.08569204996258205,17588.870052029375,219860.87565036718
OBL03710,A,financials,south,1619182.395136482,3.2693702227758266,0,0.0018000000000000002,0.55,1602.9905711851177,0.047240806515241845,76491.48224152841,956143.5280191052
OBL03711,BBB,technology,north,830761.3291750284,1.7899965875016446,0,0.00425,0.55,1941.904606946629,0.055304936001788096,45945.20214278536,574315.026784817
OBL03712,BB,energy,east,1838878.3973558585,3.7500001548476587,0,0.018,0.6000000000000001,19859.886691443273,0.13593300356059917,249964.26373528282,3124553.2966910354
OBL03713,CCC,consumer,east,1739726.5605197833,4.845045923072844,1,0.126,0.35,76721.94131892244,0.14688023782509868,255531.4509597867,3194143.1369973337
OBL03714,BB,consumer,north,1117354.9964184884,3.217650954972043,0,0.01575,0.55,9679.087656475156,0.11378427729542363,127137.43074990837,1589217.8843738546
OBL03715,B,energy,north,682339.3942034193,3.16286218973619,1,0.054,0.39999999999999997,14738.530914793855,0.11500036852210864,78469.28179054559,980866.0223818199
OBL03716,BB,financials,east,1329078.376308132,4.169015805152053,0,0.0135,0.55,9868.40694408788,0.12084322972489746,160610.1235505973,2007626.544382466
OBL03717,BB,consumer,east,2299542.4842690546,2.293444319311216,1,0.01575,0.35,12676.227944533164,0.06503425368114768,149549.02927253026,1869362.8659066283
OBL03718,BB,technology,north,264708.7131869139,4.7776690713918,0,0.01275,0.55,1856.2698512232341,0.12663318746727842,33520.908101220506,419011.35126525635
OBL03719,BBB,healthcare,north,1739273.66908336,1.7131550391580652,0,0.004,0.55,3826.402071983392,0.05277224578217765,91785.37754733699,1147317.2193417123
OBL03720,CCC,technology,south,15049190.95521302,2.6555428360299347,0,0.102,0.55,844259.6125874504,0.19193476234924478,2888462.889537215,36105786.11921518
OBL03721,BB,industrials,south,6308771.751411038,3.986411552496207,1,0.015,0.35,33121.05169490795,0.0775689168886306,489364.59165454336,6117057.395681792
OBL03722,BB,financials,west,1014537.5718923567,1.5895458594468073,1,0.0135,0.35,4793.6900271913855,0.05630837121527233,57126.95820995586,714086.9776244482
OBL03723,A,financials,north,2755730.8008284164,3.34511597367113,1,0.0018000000000000002,0.35,1736.1104045219024,0.03048404670629587,84005.82644243157,1050072.8305303946
OBL03724,BBB,technology,east,1338047.780122232,3.4677749810779805,1,0.00425,0.35,1990.3460729318201,0.04695069879538716,62822.27829835533,785278.4787294416
OBL03725,B,financials,south,2403656.1738934354,4.858114263093702,1,0.0405,0.35,34071.826264939446,0.10496717543743204,252304.9992963389,3153812.491204236
OBL03726,A,real_estate,west,9394570.625886187,4.865766923561818,0,0.0025,0.5,11743.213282357734,0.06473686864749381,608175.0846075978,7602188.557594973
OBL03727,BB,technology,east,3042449.708442761,2.901319233573246,1,0.01275,0.35,13576.93182392582,0.06561805347146721,199639.62765284692,2495495.3456605864
OBL03728,B,energy,north,550823.9572903397,2.7461055065686,1,0.054,0.39999999999999997,11897.797477471337,0.11146696963834103,61398.67732335316,767483.4665419145
OBL03729,BBB,industrials,west,943552.7765840997,1.318047787170714,1,0.005,0.35,1651.2173590221744,0.03475998276681479,32797.87825364355,409973.4781705443
OBL03730,BBB,energy,west,11642344.935327599,1.9399984153571679,1,0.006,0.39999999999999997,27941.627844786235,0.04887941537986366,569071.0140895296,7113387.676119121
OBL03731,BB,healthcare,east,2423470.7106779334,3.0151903484365192,0,0.012,0.55,15994.906690474363,0.10259130597808995,248627.02520809896,3107837.815101237
OBL03732,BB,industrials,north,373241.41637503536,4.433156407273776,1,0.015,0.35,1959.5174359689354,0.08113544041623902,30283.10669916934,378538.83373961673
OBL03733,CCC,healthcare,south,3929810.5981068667,1.8679897286328546,1,0.096,0.35,132041.63609639072,0.11377636205817407,447119.55343025643,5588994.417878205
OBL03734,BBB,technology,east,2175764.1983226268,4.3319631934014176,1,0.00425,0.35,3236.4492450049074,0.053006300170509654,115329.21019653745,1441615.1274567181
OBL03735,BB,energy,north,452442.90395596606,1.772929887444846,0,0.018,0.6000000000000001,4886.383362724434,0.10898425262728602,49309.151744159906,616364.3968019988
OBL03736,BBB,real_estate,west,1861803.7872536243,1.1627839145529975,0,0.00625,0.5,5818.1368351675765,0.05390161910621659,100354.23859105636,1254427.9823882044
OBL03737,BB,healthcare,north,7149170.273147508,4.499306567034875,1,0.012,0.35,30026.51514721953,0.07710582440771178,551242.6677421447,6890533.346776809
OBL03738,A,technology,west,2820107.7445174213,4.4247721533401645,1,0.0017,0.35,1677.9641079878654,0.03549806485306477,100108.36760750963,1251354.5950938703
OBL03739,BB,real_estate,east,2002361.1537074037,3.711220779699599,0,0.01875,0.5,18772.13581600691,0.11398220094425283,228233.53138484323,2852919.14231054
OBL03740,BB,energy,east,6614337.747055846,3.004529453413846,1,0.018,0.39999999999999997,47623.23177880209,0.08384783604211565,554597.9069423153,6932473.836778941
OBL03741,B,real_estate,south,3594209.387689509,4.3063218196580815,1,0.056249999999999994,0.3,60652.283417260456,0.09466911982780443,340260.6392093977,4253257.990117472
OBL03742,BBB,healthcare,north,4666957.7937042415,2.227394325093255,0,0.004,0.55,10267.307146149333,0.05836119421349222,272369.2301845444,3404615.377306805
OBL03743,CCC,consumer,east,8729737.884844746,2.4206643145534166,1,0.126,0.35,384981.44072165334,0.12986250931364224,1133665.6673763064,14170820.84220383
OBL03744,CCC,real_estate,east,3467808.1211322425,3.6656358466989336,1,0.15,0.3,156051.3654509509,0.12496576772376132,433357.304175985,5416966.302199813
OBL03745,B,financials,north,6851209.74654626,3.0043202443531403,0,0.0405,0.55,152610.69710431795,0.14297202432640996,979531.3265485489,12244141.581856862
OBL03746,B,financials,south,4586564.042655722,3.572989838587947,0,0.0405,0.55,102165.71405015622,0.14971349994690875,686670.5555566311,8583381.944457889
OBL03747,BB,real_estate,east,10231777.883626996,3.9703739011020796,0,0.01875,0.5,95922.91765900308,0.11692133425397931,1196313.121944025,14953914.02430031
OBL03748,BBB,real_estate,east,5432374.976360161,3.0170299195117436,1,0.00625,0.3,10185.703080675301,0.04428112294788509,240551.66422721863,3006895.802840233
OBL03749,BBB,energy,south,1935462.0134439243,1.7831745624459314,1,0.006,0.39999999999999997,4645.108832265418,0.04754128407663968,92014.34940068261,1150179.3675085325
OBL03750,BBB,healthcare,east,1452162.8239104021,1.9816171217335463,0,0.004,0.55,3194.7582126028847,0.055689993951785165,80870.93888057757,1010886.7360072196
OBL03751,A,consumer,west,1334928.5013368619,1.2068414176119213,0,0.0021000000000000003,0.55,1541.8424190440758,0.03220576287078668,42992.39076350961,537404.8845438701
OBL03752,B,energy,north,3147392.756242937,2.175207572466273,1,0.054,0.39999999999999997,67983.68353484743,0.10662671103043961,335596.1379192145,4194951.723990181
OBL03753,B,technology,west,4322245.1504142005,2.4022382935460143,1,0.03825,0.35,57864.0569511701,0.08494648854134289,367159.54814253474,4589494.351781684
OBL03754,BBB,healthcare,east,923646.4066523709,3.151168795021386,1,0.004,0.35,1293.1049693133193,0.0435279899185233,40204.47147704467,502555.8934630584
OBL03755,BB,consumer,south,4934352.834831774,3.021738766315233,0,0.01575,0.55,42743.83143173024,0.11132795356173175,549331.4032533512,6866642.54066689
OBL03756,BB,real_estate,south,5481479.372648606,2.4170199907162595,1,0.01875,0.3,30833.321471148407,0.05958256887985065,326600.6222843161,4082507.7785539515
OBL03757,BB,technology,west,1342739.8143225217,2.5525734735786547,1,0.01275,0.35,5991.976421414252,0.06283628334283917,84372.77942848123,1054659.7428560152
OBL03758,CCC,technology,north,5521897.538562106,2.3801398504392015,0,0.102,0.55,309778.45191333414,0.18882745948412036,1042685.8837383,13033573.546728749
OBL03759,B,financials,north,1355702.7696799,3.1926189534250913,0,0.0405,0.55,30198.279194619776,0.14520427160927737,196853.8331900498,2460672.9148756224
OBL03760,B,energy,south,1508382.3579454878,3.900900753975635,0,0.054,0.6000000000000001,48871.588397433814,0.1818865497367346,274354.462770465,3429430.7846308127
OBL03761,A,financials,west,1223710.8101310027,2.0852490084379496,0,0.0018000000000000002,0.55,1211.473702029693,0.03688099446189322,45131.67161140037,564145.8951425046
OBL03762,A,energy,north,1237177.1601613823,3.9777931992379814,1,0.0024,0.39999999999999997,1187.6900737549267,0.044684427736994145,55282.55341109092,691031.9176386365
OBL03763,CCC,financials,south,5637500.293012854,2.149666816814695,0,0.108,0.55,334867.5174049635,0.1902529763774124,1072551.2100742299,13406890.125927873
OBL03764,CCC,energy,west,2724855.6802529185,1.8042374694324064,1,0.144,0.39999999999999997,156951.68718256807,0.1501410043863209,409112.56864094484,5113907.10801181
OBL03765,BBB,real_estate,east,12689714.630072579,1.2721814706416863,1,0.00625,0.3,23793.214931386083,0.033045421352365066,419336.9667920198,5241712.084900247
OBL03766,BBB,real_estate,south,21806825.62241257,1.622636893611392,0,0.00625,0.5,68146.33007003929,0.0588368813958603,1283045.612766096,16038070.159576198
OBL03767,BBB,industrials,east,3750718.147816986,2.98221572222007,1,0.005,0.35,6563.756758679725,0.04680384541021592,175548.0323677176,2194350.40459647
OBL03768,CCC,consumer,north,1598910.9761833756,4.692624556737467,0,0.126,0.55,110804.53064950793,0.22913051819700242,366359.30052377185,4579491.256547148
OBL03769,B,real_estate,west,7848304.352170617,3.8731661730598486,1,0.056249999999999994,0.3,132440.13594287916,0.09192019507022485,721417.6670220178,9017720.837775223
OBL03770,BB,technology,west,7031153.211284556,1.8107670497021116,0,0.01275,0.55,49305.96189413295,0.08944455977105499,628898.4036661867,7861230.045827334
OBL03771,BBB,real_estate,east,10279903.893393595,1.8303573014144963,1,0.00625,0.3,19274.81980011299,0.036639714642682696,376652.74520814413,4708159.315101801
OBL03772,B,financials,west,7190966.346297978,2.1173172313987103,0,0.0405,0.55,160178.77536378748,0.13245676335982456,952492.1276600535,11906151.595750669
OBL03773,BBB,financials,east,311415.5026192465,4.009337100702222,1,0.0045000000000000005,0.35,490.4794166253132,0.05196537669016488,16182.82390076617,202285.29875957713
OBL03774,BBB,technology,north,2114894.7841743166,1.304123810506634,1,0.00425,0.35,3145.9059914592963,0.031789407751424734,67231.25264547876,840390.6580684845
OBL03775,B,energy,north,2958533.955841682,3.2411589357718484,1,0.054,0.39999999999999997,63904.333446180324,0.11566419383366043,342196.4449319385,4277455.561649231
OBL03776,A,energy,south,7153139.276359437,4.492159608140604,0,0.0024,0.6000000000000001,10300.52055795759,0.07238111250879682,517752.1787532659,6471902.234415824
OBL03777,BBB,technology,north,1776570.059451739,1.9611049020197604,1,0.00425,0.35,2642.647963434462,0.0363930525876579,64654.807599285654,808185.0949910707
OBL03778,BB,real_estate,west,4906396.7674149275,1.4954807150321594,1,0.01875,0.3,27598.481816708965,0.05331169681766659,261568.33693160405,3269604.2116450504
OBL03779,BB,industrials,west,452824.81912334944,1.683753417821606,1,0.015,0.35,2377.3303003975843,0.05918597565152389,26800.87871904027,335010.98398800334
OBL03780,B,industrials,south,2207610.713482826,4.266996340891969,1,0.045,0.35,34769.86873735451,0.10333144951153894,228115.61498138309,2851445.1872672886
OBL03781,BBB,real_estate,south,2532707.0401818524,4.399040058158693,1,0.00625,0.3,4748.8257003409735,0.053180379229928396,134690.32087518042,1683629.0109397552
OBL03782,B,industrials,north,2497316.2101434423,4.16081908970517,1,0.045,0.35,39332.730309759216,0.10253584513084207,256064.42816600946,3200805.352075118
OBL03783,A,energy,south,15259778.572451217,3.5709756706947324,0,0.0024,0.6000000000000001,21974.081144329753,0.06279173710582377,958188.0044144396,11977350.055180494
OBL03784,BBB,industrials,north,3016955.271139955,4.572988777258488,0,0.005,0.55,8296.626995634877,0.0916402724114567,276474.6029004457,3455932.536255571
OBL03785,BB,energy,east,287656.6000784342,4.0907645449679055,0,0.018,0.6000000000000001,3106.6912808470897,0.140577843366094,40438.144469049264,505476.8058631158
OBL03786,BBB,financials,east,686155.2971152278,1.3372158992657455,1,0.0045000000000000005,0.35,1080.6945929564838,0.033018438285793164,22655.776332269223,283197.2041533653
OBL03787,BB,industrials,east,4012402.274704793,4.939877301452421,0,0.015,0.55,33102.31876631454,0.1338555020936177,537082.1210821839,6713526.513527298
OBL03788,BBB,consumer,east,6782692.298772571,1.2391816781338654,1,0.00525,0.35,12463.197098994598,0.03507107940417883,237876.34018436505,2973454.2523045633
OBL03789,BB,financials,north,794502.0541408549,4.567857382412,1,0.0135,0.35,3754.022205815539,0.08008418280748968,63627.04774474228,795338.0968092785
OBL03790,A,real_estate,south,1658693.8728289849,4.605242990092517,1,0.0025,0.3,1244.0204046217386,0.03747029953094797,62151.75624505019,776896.9530631274
OBL03791,BBB,consumer,south,1259887.5879376405,4.008970214610057,1,0.00525,0.35,2315.043442835414,0.05529517353642416,69665.70281139869,870821.2851424837
OBL03792,CCC,technology,north,528307.8345545843,4.713136288003934,1,0.102,0.35,18860.58969359866,0.13691368319700514,72332.57149070216,904157.143633777
OBL03793,CCC,real_estate,north,1043065.2947266274,1.9630227868771728,0,0.15,0.5,78229.89710449705,0.19168633730196,199941.36591293663,2499267.073911708
OBL03794,A,consumer,south,2188902.0229655537,4.708211420321772,1,0.0021000000000000003,0.35,1608.842986879682,0.040938535333605454,89610.44280897577,1120130.535112197
OBL03795,BB,consumer,north,2539539.6715722303,4.246525798673444,1,0.01575,0.35,13999.21243954192,0.0806172104089365,204730.60404498,2559132.55056225
OBL03796,B,real_estate,west,1282815.5020684595,2.5023355571306785,0,0.056249999999999994,0.5,36079.18599567542,0.13870087883189341,177927.63751607193,2224095.4689508993
OBL03797,BB,consumer,east,871865.8487337695,2.547175646720271,0,0.01575,0.55,7552.537914656278,0.1053779375786122,91875.42498479091,1148442.8123098863
OBL03798,B,technology,north,1137265.4632889077,2.0416097531625543,0,0.03825,0.55,23925.222183940397,0.12919532737626507,146929.3838433302,1836617.2980416275
OBL03799,BB,real_estate,east,1690580.6818538713,2.330081034726813,0,0.01875,0.5,15849.193892380043,0.09831828068016993,166214.98599098198,2077687.3248872748
OBL03800,B,technology,north,2315231.0795931667,2.264579679699853,0,0.03825,0.55,48706.67383694125,0.13184899850788442,305260.8991586871,3815761.239483589
OBL03801,BB,technology,east,4651035.048409566,3.37944482005023,1,0.01275,0.35,20755.243903527688,0.06943182162800353,322929.83586676576,4036622.948334572
OBL03802,CCC,real_estate,south,433809.5186619946,3.29580879106205,1,0.15,0.3,19521.428339789756,0.12280365245433816,53273.39336115131,665917.4170143914
OBL03803,BB,consumer,west,975401.9898411529,3.982518255916347,1,0.01575,0.35,5376.903468999355,0.07851078619772689,76579.57708125614,957244.7135157017
OBL03804,B,real_estate,west,1283861.50484471,1.475104976023757,0,0.056249999999999994,0.5,36108.604823757465,0.12783573294140305,164123.3764670762,2051542.2058384523
OBL03805,BBB,consumer,west,1112878.3992791749,1.5689913975756022,1,0.00525,0.35,2044.9140586754838,0.03747924259926701,41709.83951006813,521372.9938758516
OBL03806,BBB,consumer,west,3459580.248209958,3.6018860710517053,0,0.00525,0.55,9989.537966706255,0.08222150774310003,284451.904166071,3555648.802075887
OBL03807,BBB,consumer,west,1134903.633495549,2.8882565178066733,1,0.00525,0.35,2085.3854265480713,0.04711208699354897,53467.67871053712,668345.9838817139
OBL03808,B,technology,north,959755.9734671566,1.892523375387814,0,0.03825,0.55,20190.86629181531,0.12742097949463566,122293.04621501266,1528663.0776876581
OBL03809,BBB,healthcare,east,8856129.376560722,2.753060736073346,0,0.004,0.55,19483.484628433587,0.06407433699234288,567450.6181215391,7093132.726519239
OBL03810,BBB,real_estate,south,1089969.732234246,4.871279478262185,1,0.00625,0.3,2043.6932479392115,0.05622129731617268,61279.512381570676,765993.9047696334
OBL03811,B,healthcare,east,1517805.7834729522,4.840515015985559,1,0.036,0.35,19124.352871759194,0.10197073067439928,154771.764762566,1934647.059532075
OBL03812,B,industrials,west,2568827.4428841313,4.3095317520715675,0,0.045,0.55,63578.479211382255,0.16287884588424437,418407.649172742,5230095.614659275
OBL03813,BB,consumer,west,4543814.869865184,1.9202028992904316,0,0.01575,0.55,39360.79631020715,0.09751702779832438,443099.3209750828,5538741.512188535
OBL03814,CCC,healthcare,south,1953663.4205120914,1.7611159143571724,1,0.096,0.35,65643.09092920627,0.11300546102422766,220774.63552113844,2759682.9440142303
OBL03815,BBB,industrials,east,1022891.8169989991,2.1996894349340588,0,0.005,0.55,2812.952496747248,0.0646494692449137,66129.41306395069,826617.6632993836
OBL03816,BB,healthcare,west,2576872.848485406,1.6248096078730114,1,0.012,0.35,10822.865963638704,0.054211497770571465,139696.13668071272,1746201.708508909
OBL03817,BB,real_estate,south,1363075.022328479,4.637227002224651,1,0.01875,0.3,7667.297000597694,0.07469058921940455,101808.8765679671,1272610.9570995888
OBL03818,CCC,energy,west,9883338.606028596,4.3088877205888245,0,0.144,0.6000000000000001,853920.4555608707,0.25472334932875956,2517517.1122778375,31468963.903472967
OBL03819,BBB,financials,east,660045.2533628584,1.0337426491641262,1,0.0045000000000000005,0.35,1039.5712740465021,0.03086663133408796,20373.373499366033,254667.16874207542
OBL03820,BB,financials,north,8677901.89521672,3.9499810458710867,0,0.0135,0.55,64433.42157198415,0.11809550694807261,1024821.2235612586,12810265.294515733
OBL03821,A,consumer,south,12058926.346227761,3.3338111275264164,1,0.0021000000000000003,0.35,8863.310864477406,0.032913624181530036,396902.9697924917,4961287.1224061465
OBL03822,A,healthcare,north,3010274.862969643,2.376710461501647,1,0.0016,0.35,1685.753923263,0.023484266124851733,70694.09599093068,883676.1998866335
OBL03823,A,healthcare,south,1019117.5101551223,2.1696640056920367,1,0.0016,0.35,570.7058056868684,0.022374397427530703,22802.140197566263,285026.7524695783
OBL03824,B,financials,west,1976581.9882882743,3.5408664034928043,1,0.0405,0.35,28018.049683986286,0.09502988880597286,187834.36656292347,2347929.5820365436
OBL03825,BB,consumer,east,3506779.1265529795,1.5253655920981624,1,0.01575,0.35,19331.1199351233,0.05890602109271285,206570.40519621494,2582130.064952687
OBL03826,BBB,healthcare,west,664075.459847107,1.4070266798231383,0,0.004,0.55,1460.9660116636353,0.04944512616980817,32835.29489841359,410441.18623016984
OBL03827,BB,industrials,north,15431101.744691772,2.516607356993106,0,0.015,0.55,127306.58939370712,0.10345491470797415,1596423.3148471583,19955291.435589477
OBL03828,B,technology,south,1683768.368484209,2.451074043168813,0,0.03825,0.55,35422.27705198655,0.13406855661705622,225740.39484013355,2821754.9355016695
OBL03829,BB,consumer,north,6968144.394505167,3.329414386252307,1,0.01575,0.35,38411.89597470973,0.07329989794382284,510764.27297505,6384553.412188125
OBL03830,BBB,technology,south,3268794.4753193855,4.408543469861908,1,0.00425,0.35,4862.331782037586,0.05354291895427506,175020.79767020792,2187759.970877599
OBL03831,BBB,industrials,east,2171854.3305841377,1.1796646229413486,1,0.005,0.35,3800.7450785222404,0.033758480582428405,73318.50224688766,916481.2780860957
OBL03832,BBB,technology,east,22676156.819041517,3.9876412607959124,0,0.00425,0.55,53005.51656450955,0.07950413888613729,1802848.3211449059,22535604.014311325
OBL03833,BBB,consumer,east,7172235.122564796,1.4682272678384707,1,0.00525,0.35,13178.982037712813,0.036743495729742386,263532.99059866794,3294162.382483349
OBL03834,BB,financials,south,1013215.3593161234,2.4665770082815506,1,0.0135,0.35,4787.442572768683,0.06330969636021234,64146.35674580722,801829.4593225903
OBL03835,BBB,financials,east,2792085.6982766264,2.1053590136146036,1,0.0045000000000000005,0.35,4397.534974785686,0.03846503264891043,107397.66754276631,1342470.844284579
OBL03836,CCC,financials,west,591956.6519791968,3.068390567761562,1,0.108,0.35,22375.961444813638,0.12763334489990824,75553.40752785577,944417.5940981972
OBL03837,BB,industrials,north,2277868.783778062,4.036108356475912,1,0.015,0.35,11958.811114834825,0.07796566420143136,177595.55269096326,2219944.4086370408
OBL03838,B,consumer,south,1894815.1587872258,2.134448953936121,1,0.04725,0.35,31335.505688443747,0.08878819909472624,168237.2255661055,2102965.319576319
OBL03839,BBB,industrials,west,3089613.928632277,1.3622990070162708,1,0.005,0.35,5406.824375106485,0.035080236271523145,108384.38660420912,1354804.8325526142
OBL03840,A,industrials,north,435814.0923481077,3.035693658113552,0,0.002,0.55,479.39550158291854,0.047761991607200446,20815.34902103,260191.862762875
OBL03841,BB,healthcare,east,1491106.0543491242,4.526784915084665,0,0.012,0.55,9841.299958704221,0.12151021063106057,181184.61073721174,2264807.634215147
OBL03842,BBB,industrials,south,1906985.2617606341,4.958365320415417,1,0.005,0.35,3337.2242080811093,0.06110557170971418,116527.4246618825,1456592.8082735313
OBL03843,BB,real_estate,west,3631331.9175666254,3.6033308221887417,1,0.01875,0.3,20426.242036312266,0.06765515313799277,245678.31697785098,3070978.9622231373
OBL03844,BB,technology,east,2764873.6993474057,4.833763682061029,1,0.01275,0.35,12338.248883337796,0.08103219425448277,224043.78269462936,2800547.283682867
OBL03845,BBB,real_estate,east,882066.8724575116,1.8974748038230866,1,0.00625,0.3,1653.875385857834,0.037071908183266625,32699.902107246024,408748.7763405753
OBL03846,BBB,industrials,south,6037448.468661058,4.253797346871838,0,0.005,0.55,16602.98328881791,0.08801020648746098,531357.0863842648,6641963.579803309
OBL03847,BBB,energy,east,2972024.228267202,4.361500041484113,1,0.006,0.39999999999999997,7132.858147841284,0.06954136868974857,206678.63261279496,2583482.907659937
OBL03848,BBB,healthcare,east,2202418.547286742,2.930495636852147,1,0.004,0.35,3083.385966201439,0.042001760867996236,92505.4571543774,1156318.2144297175
OBL03849,BB,industrials,west,2774943.431432348,4.667923324426782,0,0.015,0.55,22893.283309316874,0.1304437647168782,361974.0680724079,4524675.850905099
OBL03850,BBB,consumer,north,1960764.5197859562,1.1765102919395214,0,0.00525,0.55,5661.707550881949,0.05439260097249738,106651.08212574797,1333138.5265718496
OBL03851,BBB,financials,north,2657301.3748076423,4.133209549085035,1,0.0045000000000000005,0.35,4185.249665322037,0.05284370647859145,140421.65387549257,1755270.673443657
OBL03852,BB,technology,west,9616913.343966443,2.412367207280084,0,0.01275,0.55,67438.60482456468,0.09698531579150996,932699.3776041715,11658742.220052144
OBL03853,A,industrials,north,1117255.7392612647,4.87849389735846,0,0.002,0.55,1228.9813131873912,0.06442183486412618,71975.66473568641,899695.8091960802
OBL03854,BB,financials,west,1966801.197539106,2.262273089823224,0,0.0135,0.55,14603.498891727862,0.09692373673824611,190629.7214867475,2382871.5185843436
OBL03855,B,financials,north,897500.3785731868,1.5157816245401956,1,0.0405,0.35,12722.067866274923,0.07975269723205423,71578.07595800143,894725.9494750178
OBL03856,A,real_estate,west,1117689.615954456,2.471627342894493,1,0.0025,0.3,838.267211965842,0.026235477014900366,29323.120229165947,366539.0028645743
OBL03857,B,industrials,south,10184083.798396386,2.275572867266604,1,0.045,0.35,160399.31982474308,0.08840937136646196,900368.4465595946,11254605.581994932
OBL03858,A,technology,south,5358411.330612097,4.017358265555709,1,0.0017,0.35,3188.2547417141973,0.03327076102870029,178278.422874275,2228480.2859284375
OBL03859,A,industrials,west,1536043.372725521,3.6269528620856186,0,0.002,0.55,1689.6477099980732,0.05310727290932654,81575.07459589663,1019688.4324487079
OBL03860,BB,industrials,south,1987855.0905190182,3.7282292669141768,0,0.015,0.55,16399.8044967819,0.11865504453054511,235869.0342858049,2948362.928572561
OBL03861,BBB,consumer,south,2064862.2904190405,2.512140333396819,1,0.00525,0.35,3794.1844586449865,0.04436580906727696,91609.28612695134,1145116.0765868917
OBL03862,B,industrials,north,2784452.092509763,4.191909000185902,1,0.045,0.35,43855.12045702877,0.10276880717023813,286154.8201699019,3576935.2521237736
OBL03863,B,real_estate,west,2221348.764663625,1.627951428020431,1,0.056249999999999994,0.3,37485.26040369867,0.07767144534898134,172535.36917559797,2156692.1146949744
OBL03864,BBB,energy,north,222247.8802456021,3.048005465715032,0,0.006,0.6000000000000001,800.0923688841677,0.08750056508980426,19446.81511150133,243085.18889376664
OBL03865,B,real_estate,west,5671745.421509224,3.28506232193306,1,0.056249999999999994,0.3,95710.70398796814,0.08818792642941028,500179.4679584001,6252243.349480001
OBL03866,BB,real_estate,east,481097.2674037447,1.1803928289694192,1,0.01875,0.3,2706.1721291460635,0.051167593062157436,24616.589201830746,307707.36502288433
OBL03867,BB,consumer,north,839896.6257313602,1.969436570727503,0,0.01575,0.55,7275.604520397907,0.09813431371849503,82422.6789606267,1030283.4870078337
OBL03868,B,real_estate,south,1014289.2092004832,3.6680973868738214,0,0.056249999999999994,0.5,28526.884008763587,0.15103128700575777,153189.40466160126,1914867.5582700158
OBL03869,BBB,consumer,north,5266175.13066569,1.7281037696825892,0,0.00525,0.55,15206.080689797182,0.0607216175313266,319770.6721372659,3997133.401715824
OBL03870,BBB,industrials,north,1444411.2582333703,3.7016200716835193,1,0.005,0.35,2527.719701908398,0.05201029542497729,75124.25625588074,939053.2031985093
OBL03871,B,industrials,west,12036040.52999528,3.8098186589421834,1,0.045,0.35,189567.63834742564,0.0999057386134845,1202469.5191310137,15030868.98913767
OBL03872,BB,real_estate,north,3446245.973440834,1.4696306410909434,1,0.01875,0.3,19385.13360060469,0.05313579275067713,183119.01181260773,2288987.6476575965
OBL03873,B,real_estate,south,1158557.4581690268,3.9140003650163733,1,0.056249999999999994,0.3,19550.657106602324,0.092179340072966,106795.0619306338,1334938.2741329225
OBL03874,A,industrials,north,1532797.6318120912,2.064310107818167,0,0.002,0.55,1686.0773949933005,0.03898019456504887,59748.74991688146,746859.3739610183
OBL03875,BBB,technology,west,2785650.9802804473,2.659492171607645,1,0.00425,0.35,4143.655833167166,0.04128684175276815,115010.7312012823,1437634.1400160287
OBL03876,BBB,financials,east,718324.0636284885,2.014431346803293,0,0.0045000000000000005,0.55,1777.8520574805093,0.0594319016925522,42691.365132962936,533642.0641620366
OBL03877,BB,financials,east,416773.982168723,1.7141341957225156,0,0.0135,0.55,3094.5468176027684,0.0900475051797101,37529.45731810649,469118.2164763311
OBL03878,A,financials,east,1036065.2549639357,4.5693314362839,0,0.0018000000000000002,0.55,1025.7046024142965,0.05861409641624001,60728.02874797242,759100.3593496552
OBL03879,BBB,consumer,north,377870.81707256247,1.4850180464568674,1,0.00525,0.35,694.3376263708335,0.036866096528633756,13930.622017550797,174132.77521938496
OBL03880,A,consumer,west,4490935.053300399,4.606051926643072,1,0.0021000000000000003,0.35,3300.8372641757937,0.040342041819736094,181173.48972996345,2264668.621624543
OBL03881,BB,healthcare,east,1065838.1772424192,1.228356841428317,1,0.012,0.35,4476.520344418161,0.05105389514996225,54415.190547761355,680189.881847017
OBL03882,BB,consumer,east,5544325.122870647,1.4247876380089668,1,0.01575,0.35,30563.092239824444,0.05810354463543096,322144.9422500559,4026811.7781256987
OBL03883,BB,industrials,west,4295444.878081033,3.451631340979218,1,0.015,0.35,22551.08560992542,0.07329957570634801,314854.2870333455,3935678.5879168184
OBL03884,CCC,technology,north,3833049.67480307,4.011466037831242,1,0.102,0.35,136839.87339046958,0.1318757389184345,505486.2581757198,6318578.227196498
OBL03885,BB,energy,north,1300930.2703889762,1.5493406750669738,0,0.018,0.6000000000000001,14050.046920200944,0.10593658654525935,137816.1121784094,1722701.4022301177
OBL03886,BB,technology,east,4759784.748965504,3.9106121117446517,0,0.01275,0.55,33377.990552120595,0.11576506367080285,551016.7845233078,6887709.806541348
OBL03887,BBB,healthcare,east,1492641.032449092,3.0607101071344087,0,0.004,0.55,3283.8102713880025,0.06741798753949953,100630.85452659859,1257885.6815824823
OBL03888,BBB,energy,south,4099088.4546263483,2.9278472679020804,1,0.006,0.39999999999999997,9837.812291103235,0.057308435888576856,234912.34790355965,2936404.3487944957
OBL03889,CCC,consumer,south,604479.6022559251,3.807244002846842,0,0.126,0.55,41890.43643633561,0.2193643267297284,132601.260970725,1657515.7621340626
OBL03890,BBB,financials,south,1127601.6291961842,2.2761763248910833,0,0.0045000000000000005,0.55,2790.814032260557,0.06234836081354603,70304.11323106603,878801.4153883255
OBL03891,B,healthcare,north,729006.8033372171,1.9744080744182968,0,0.036,0.55,14434.3347060769,0.12598089649429192,91840.93063486058,1148011.6329357573
OBL03892,BBB,technology,west,1419643.3794428695,3.036051481369841,0,0.00425,0.55,3318.4163994477076,0.06902577793232301,97991.98865251607,1224899.8581564508
OBL03893,CCC,financials,west,858291.4174180803,3.192660803641293,0,0.108,0.55,50982.51019463397,0.20196175815224346,173342.04366873656,2166775.545859207
OBL03894,BBB,healthcare,east,2672335.2260151855,2.8812068551100736,0,0.004,0.55,5879.137497233409,0.06546707782439909,174949.97821441927,2186874.7276802408
OBL03895,BBB,industrials,east,3055795.950845275,3.2350991650847845,1,0.005,0.35,5347.642913979231,0.04863400532767801,148615.596553706,1857694.956921325
OBL03896,BBB,consumer,north,889758.5059031758,3.7411810653747235,0,0.00525,0.55,2569.1776857954205,0.08381978684030693,74579.36830415417,932242.1038019271
OBL03897,BB,financials,east,6405513.166471922,1.2433959184925056,0,0.0135,0.55,47560.93526105402,0.08414224023219997,538974.2276638004,6737177.845797504
OBL03898,B,industrials,south,1693723.7304253867,4.867836212082478,1,0.045,0.35,26676.14875419984,0.10783364586973523,182640.40494785804,2283005.0618482255
OBL03899,CCC,real_estate,east,2591263.4530122145,3.9715427889943213,1,0.15,0.3,116606.85538554964,0.12675418763755153,328453.49394143996,4105668.6742679994
OBL03900,BB,technology,north,1633061.4680174345,1.99403083697407,0,0.01275,0.55,11451.84354447226,0.09174167936086043,149819.8015754315,1872747.5196928938
OBL03901,BB,financials,east,6490965.549765674,4.464641814131227,1,0.0135,0.35,30669.812222642813,0.07926021463427987,514475.3226581438,6430941.533226797
OBL03902,BB,financials,south,730160.6499048243,4.698291770045714,1,0.0135,0.35,3450.009070800295,0.08112543836508086,59234.60280046121,740432.5350057652
OBL03903,B,consumer,south,1741359.147312752,3.9414867797707713,1,0.04725,0.35,28797.726898684636,0.10228955688313454,178122.8555530144,2226535.69441268
OBL03904,A,consumer,west,1753390.884310012,4.833781140299665,1,0.0021000000000000003,0.35,1288.742299967859,0.041671717545145925,73066.80967720045,913335.1209650056
OBL03905,BBB,real_estate,east,3332540.803233839,3.8184072455237676,1,0.00625,0.3,6248.5140060634485,0.04944147742240565,164765.74088233145,2059571.7610291431
OBL03906,BBB,industrials,west,751814.0373610385,1.7275635465891743,1,0.005,0.35,1315.6745653818173,0.037723717046791616,28361.220017213836,354515.25021517294
OBL03907,CCC,energy,east,1609237.52454306,1.7068194722317571,0,0.144,0.6000000000000001,139038.1221205204,0.22406364786627073,360571.6300324054,4507145.375405068
OBL03908,BB,financials,south,6048589.989917941,3.6826027246853346,0,0.0135,0.55,44910.78067514072,0.11474132925699262,694023.2555737242,8675290.694671553
OBL03909,BB,industrials,west,3111207.956530716,3.6679860393963413,1,0.015,0.35,16333.841771786256,0.07502681243657848,233424.0158058206,2917800.1975727575
OBL03910,B,consumer,north,4860886.815624939,3.732942066013206,0,0.04725,0.55,126322.29612105312,0.15829221011457625,769440.5171620763,9618006.464525955
OBL03911,B,healthcare,south,4750306.292644564,3.730332559277189,1,0.036,0.35,59853.8592873215,0.09352611742956791,444277.7041522909,5553471.301903636
OBL03912,BBB,financials,east,4996961.924338355,4.799915341131639,0,0.0045000000000000005,0.55,12367.48076273743,0.09046879210775817,452069.1095033498,5650863.868791873
OBL03913,CCC,industrials,south,7768298.278321831,3.612283608494747,1,0.12,0.35,326268.52768951684,0.13612339928364758,1057447.1682944747,13218089.603680935
OBL03914,BBB,technology,south,6640149.156259255,2.0491870642289416,1,0.00425,0.35,9877.221869935642,0.03701026820688466,245753.7012068739,3071921.265085924
OBL03915,BBB,real_estate,south,1785449.8182606464,4.724331591767411,0,0.00625,0.5,5579.53068206452,0.09212507909144034,164484.70572105984,2056058.8215132481
OBL03916,A,industrials,east,438583.1192281375,3.9266753560677587,1,0.002,0.35,307.0081834596962,0.03551985523390752,15578.408903019046,194730.11128773808
OBL03917,BBB,technology,east,1419930.23117142,2.21357881400104,0,0.00425,0.55,3319.0869153631947,0.05996918057318096,85152.05243443747,1064400.6554304685
OBL03918,BBB,financials,west,1256336.717324065,3.5911942167894804,1,0.0045000000000000005,0.35,1978.7303297854025,0.049000493412616655,61561.11904126628,769513.9880158285
OBL03919,BBB,healthcare,north,1892472.2998897552,4.987740707789248,0,0.004,0.55,4163.439059757462,0.0883616901059783,167222.0508970066,2090275.6362125822
OBL03920,BBB,healthcare,north,2394956.284682991,4.163780998863279,1,0.004,0.35,3352.9387985561875,0.05053146136581403,121020.64097227207,1512758.0121534008
OBL03921,CCC,industrials,west,4514585.272043719,3.588080759587495,1,0.12,0.35,189612.58142583616,0.13595244166824036,613768.8908538207,7672111.135672759
OBL03922,BBB,financials,south,985254.8800615993,4.7936894365005145,1,0.0045000000000000005,0.35,1551.7764360970189,0.05752690413349579,56678.663032362514,708483.2879045315
OBL03923,BBB,real_estate,east,1626394.9501384187,1.0967227806332072,0,0.00625,0.5,5082.484219182559,0.053192633761132965,86512.23093366902,1081402.8866708628
OBL03924,BB,financials,east,903523.1131378172,2.340742188227041,0,0.0135,0.55,6708.659115048294,0.09790810711703382,88462.23774381328,1105777.971797666
OBL03925,BB,energy,north,1624711.9405994469,4.223934246797215,0,0.018,0.6000000000000001,17546.88895847403,0.1423930328338796,231347.6607033733,2891845.758792166
OBL03926,BB,industrials,north,671544.0593017256,1.9391678076254792,1,0.015,0.35,3525.606311334059,0.06122503983051439,41115.31177869347,513941.39723366837
OBL03927,A,financials,north,3639281.022421196,1.6330844744602615,0,0.0018000000000000002,0.55,3602.888212196985,0.03292503156512326,119823.44253757193,1497793.0317196492
OBL03928,BBB,real_estate,west,2427384.0303118606,3.3846700900123183,1,0.00625,0.3,4551.345056834739,0.04664848915263803,113233.79760728961,1415422.47009112
OBL03929,CCC,real_estate,north,2128308.0108318185,2.667119688373572,0,0.15,0.5,159623.10081238637,0.19854692541864635,422569.01189453265,5282112.648681658
OBL03930,A,real_estate,east,2284249.1087200255,1.4393251164007745,1,0.0025,0.3,1713.1868315400193,0.020799759334066678,47511.83172043284,593897.8965054106
OBL03931,CCC,consumer,east,3455593.539177295,1.1080112146939824,1,0.126,0.35,152391.6750777187,0.1206484590153595,416912.03548517294,5211400.443564662
OBL03932,B,industrials,south,1034223.9285916843,3.5406151361673412,1,0.045,0.35,16289.026875319028,0.09788855037754231,101238.6811356068,1265483.514195085
OBL03933,BBB,consumer,east,633641.3307802138,2.7305290205467574,1,0.00525,0.35,1164.3159453086428,0.04596041215995814,29122.416724242998,364030.20905303746
OBL03934,CCC,energy,east,1272817.597115509,4.42691785192142,1,0.144,0.39999999999999997,73314.2935938533,0.17074271807040278,217324.33613934086,2716554.2017417606
OBL03935,BB,industrials,north,7852926.677639784,2.093194093584976,0,0.015,0.55,64786.645090528225,0.0981430789614406,770710.4030020047,9633880.03752506
OBL03936,BB,industrials,north,3979948.578150582,3.553037414983886,1,0.015,0.35,20894.730035290555,0.07410913656622656,294950.5527047207,3686881.9088090085
OBL03937,A,industrials,south,480716.56089577905,3.6913723627669777,1,0.002,0.35,336.50159262704534,0.034166145792672534,16424.23210451733,205302.90130646664
OBL03938,BBB,real_estate,north,1767410.3827768143,4.989723672257449,0,0.00625,0.5,5523.157446177545,0.0949733362224358,167856.86052648633,2098210.756581079
OBL03939,BBB,consumer,north,1894733.0811361012,4.2985582605280825,1,0.00525,0.35,3481.572036587586,0.05740965116642769,108775.9652415143,1359699.565518929
OBL03940,BBB,consumer,east,347774.4789462266,4.019001585756598,0,0.00525,0.55,1004.1988079572294,0.0870075161098297,30258.99357950144,378237.419743768
OBL03941,BBB,industrials,west,23448171.868713334,4.239471381408809,1,0.005,0.35,41034.30077024833,0.0559028156210912,1310818.828628339,16385235.35785424
OBL03942,B,energy,south,1898495.798964096,3.270105409420023,1,0.054,0.39999999999999997,41007.50925762447,0.1159096114641591,220053.91042426665,2750673.880303333
OBL03943,B,financials,south,1020061.0338946144,3.4434568296479227,0,0.0405,0.55,22721.85953000254,0.14817790945522077,151150.51151923506,1889381.3939904382
OBL03944,B,financials,north,1416381.8973022092,1.6040634396976534,0,0.0405,0.55,31549.906762406714,0.12637223209780574,178991.34186500523,2237391.7733125654
OBL03945,BBB,energy,east,4256905.227360119,2.436759712970591,0,0.006,0.6000000000000001,15324.858818496432,0.07967719772068671,339178.27947859705,4239728.493482463
OBL03946,BB,healthcare,north,467467.4837595728,4.628390054477336,1,0.012,0.35,1963.3634317902056,0.07813392760870824,36525.070535495455,456563.38169369317
OBL03947,BB,technology,south,931034.4029328992,3.049810029641211,1,0.01275,0.35,4154.741023088062,0.0668024901249321,62195.41650789705,777442.7063487131
OBL03948,BB,technology,west,101037.04147581926,3.9747148310597593,0,0.01275,0.55,708.5222533491826,0.11656855908301986,11777.742338847565,147221.77923559456
OBL03949,A,real_estate,west,954221.4266380138,4.51492686383736,1,0.0025,0.3,715.6660699785103,0.03699472856757125,35301.162671833925,441264.53339792404
OBL03950,BB,industrials,west,1151214.9077976686,4.902950103558156,1,0.015,0.35,6043.878265937759,0.08488597106701637,97721.99535523081,1221524.9419403851
OBL03951,BBB,energy,south,2535293.886083107,3.2855083537381944,1,0.006,0.39999999999999997,6084.705326599456,0.060360251578714705,153030.9767899536,1912887.20987442
OBL03952,B,energy,east,3857800.2941211737,1.9132554797502301,1,0.054,0.39999999999999997,83328.48635301735,0.10440579587925716,402776.7100509535,5034708.8756369185
OBL03953,A,consumer,west,287083.50382239476,1.5491104336272405,1,0.0021000000000000003,0.35,211.00637530946017,0.02249303232291002,6457.378530851388,80717.23163564235
OBL03954,BBB,energy,south,1885505.0695320957,2.778056843315008,1,0.006,0.39999999999999997,4525.21216687703,0.05603031873775909,105645.45002754393,1320568.1253442992
OBL03955,BBB,healthcare,west,221499.67002069906,2.574580509701896,0,0.004,0.55,487.29927404553797,0.06213454590970454,13762.781415885533,172034.76769856917
OBL03956,BBB,consumer,north,3491818.76893445,1.7324751443085606,1,0.00525,0.35,6416.2169879170515,0.03867294769244567,135038.92460250203,1687986.5575312753
OBL03957,A,consumer,north,5980981.278662265,1.3697956160909657,1,0.0021000000000000003,0.35,4396.021239816765,0.02144604078301992,128268.36842466956,1603354.6053083695
OBL03958,BBB,technology,east,1530605.2432460515,1.957352229133384,1,0.00425,0.35,2276.7752993285017,0.03636675659013437,55663.14831671257,695789.3539589071
OBL03959,BBB,financials,south,8746198.09967202,2.8686212230479495,0,0.0045000000000000005,0.55,21646.840296688253,0.06894960046115572,603046.8645265052,7538085.806581316
OBL03960,BB,healthcare,west,6574287.92531653,2.852145082842719,1,0.012,0.35,27612.009286329427,0.06398678007440083,420667.5156230177,5258343.945287721
OBL03961,BBB,financials,east,2512729.402987605,2.4924738102206003,1,0.0045000000000000005,0.35,3957.5488097054777,0.04120990821921457,103549.34807684101,1294366.8509605126
OBL03962,A,real_estate,west,1051025.600518474,4.518277812674175,0,0.0025,0.5,1313.7820006480924,0.06168728901943477,64834.91998600809,810436.4998251011
OBL03963,B,real_estate,south,1396359.8730779358,1.0570896808501944,1,0.056249999999999994,0.3,23563.572858190164,0.0740485998377304,103398.49347101209,1292481.168387651
OBL03964,BB,healthcare,east,1842852.3037154432,4.695815655585831,1,0.012,0.35,7739.979675604861,0.07867094808826147,144978.9379199307,1812236.7239991338
OBL03965,B,energy,west,1347843.1567331173,1.1808140169177133,0,0.054,0.6000000000000001,43670.11827815301,0.14729387793809232,198529.0454075408,2481613.06759426
OBL03966,B,technology,north,719034.8680545086,2.289646684651832,1,0.03825,0.35,9626.079296079732,0.0840937572711847,60466.34366369416,755829.295796177
OBL03967,BB,financials,south,2073756.0053839379,1.151440210113067,0,0.0135,0.55,15397.63833997574,0.08298868453536586,172098.28293412807,2151228.536676601
OBL03968,B,energy,north,219120.528952706,4.407328161515572,0,0.054,0.6000000000000001,7099.505138067675,0.18832703446841442,41266.31940881346,515828.9926101683
OBL03969,BBB,industrials,south,1125426.8859210212,2.8866347012031506,1,0.005,0.35,1969.497050361787,0.04611210951974542,51895.807820056165,648697.597750702
OBL03970,A,financials,north,3148090.618052358,4.06806880799943,1,0.0018000000000000002,0.35,1983.2970893729855,0.034509094432116895,108637.75641923005,1357971.9552403756
OBL03971,BBB,energy,north,2085948.5929983952,3.5034713567697477,1,0.006,0.39999999999999997,5006.276623196148,0.06222006506937232,129787.85718772578,1622348.2148465721
OBL03972,BB,real_estate,north,3000826.88079215,2.3265890596864955,1,0.01875,0.3,16879.65120445584,0.0589672062860742,176950.37770846728,2211879.721355841
OBL03973,BB,healthcare,south,3649911.816460862,3.2940006948720826,0,0.012,0.55,24089.41798864169,0.10608085699716552,387185.7734542493,4839822.168178116
OBL03974,BBB,industrials,south,2510275.218851457,1.9779566065044372,1,0.005,0.35,4392.98163299005,0.03953585364488735,99245.87366089875,1240573.4207612344
OBL03975,BB,healthcare,north,16538337.537854979,1.96478480664977,1,0.012,0.35,69461.01765899091,0.05691927703070027,941350.215944397,11766877.699304963
OBL03976,B,healthcare,north,234393.1216366091,4.746817317152095,1,0.036,0.35,2953.3533326212746,0.10125801825150146,23734.18298870617,296677.28735882713
OBL03977,CCC,financials,south,1488749.7711025274,1.2049437369022882,1,0.108,0.35,56274.74134767554,0.11432107029170692,170195.46722897462,2127443.340362183
OBL03978,B,technology,north,638165.6087658815,4.120894773656814,0,0.03825,0.55,13425.408994412233,0.15394188723294214,98240.4181805792,1228005.22725724
OBL03979,BB,financials,north,8501215.576245636,1.2177152420786266,1,0.0135,0.35,40168.24359776063,0.053340053551187934,453455.2940871352,5668191.17608919
OBL03980,BBB,healthcare,south,379970.2486799069,1.054443132793892,1,0.004,0.35,531.9583481518696,0.029026527016438056,11029.216688750004,137865.20860937505
OBL03981,BBB,healthcare,east,4172956.56322644,2.0020222435247867,1,0.004,0.35,5842.139188517016,0.03558021382850134,148474.68681664483,1855933.5852080602
OBL03982,BBB,healthcare,east,3332339.70343017,1.1680277353099862,1,0.004,0.35,4665.275584802238,0.02981210565903709,99344.06333046456,1241800.791630807
OBL03983,B,healthcare,north,559467.0220256672,4.215137072234261,1,0.036,0.35,7049.284477523406,0.09721378749364887,54387.908188907786,679848.8523613473
OBL03984,CCC,industrials,west,2091537.2736526015,4.543089011733222,1,0.12,0.35,87844.56549340926,0.14269817371436055,298458.549205739,3730731.865071737
OBL03985,CCC,financials,south,968487.7332407727,4.640852870473302,1,0.108,0.35,36608.83631650121,0.13886685563822676,134490.84623933985,1681135.5779917482
OBL03986,B,energy,west,1125568.5122086403,3.4331698016854446,1,0.054,0.39999999999999997,24312.27986370663,0.1172921244864666,132020.32205202285,1650254.0256502857
OBL03987,BB,industrials,south,2572155.220913153,1.4027276548893748,0,0.015,0.55,21220.280572533513,0.08948098774274925,230158.98979497835,2876987.3724372294
OBL03988,B,technology,east,2537711.529292286,4.94538205158711,0,0.03825,0.55,53387.10629748647,0.16375450242194634,415561.68876969477,5194521.109621185
OBL03989,A,industrials,north,6052193.99011211,4.967858339001098,0,0.002,0.55,6657.413389123321,0.06522973447190954,394783.00694749964,4934787.586843746
OBL03990,BBB,industrials,east,1302764.9929586682,3.7436688372285487,0,0.005,0.55,3582.603730636338,0.08220867191157444,107098.57988402374,1338732.2485502968
OBL03991,BBB,energy,north,8208708.24766656,4.390237645232613,0,0.006,0.6000000000000001,29551.349691599622,0.10467986717553625,859286.4890484645,10741081.113105806
OBL03992,B,energy,north,2196215.13982434,4.147007782788991,1,0.054,0.39999999999999997,47438.247020205745,0.12334427536369176,270890.56496440223,3386132.062055028
OBL03993,BBB,industrials,south,7633842.260515835,3.82234982334143,1,0.005,0.35,13359.22395590271,0.052884036899810284,403708.3957924506,5046354.947405633
OBL03994,BB,energy,west,648649.7662838214,2.0794998177946833,0,0.018,0.6000000000000001,7005.417475865272,0.11316299975269492,73403.1533415617,917539.4167695213
OBL03995,B,technology,south,534832.3802487277,4.92756817256144,1,0.03825,0.35,7160.068490579842,0.10407249425749775,55661.33982215957,695766.7477769946
OBL03996,BBB,financials,west,742810.0184681528,1.6478070219583922,1,0.0045000000000000005,0.35,1169.9257790873407,0.035220715213740414,26162.30011838007,327028.75147975085
OBL03997,B,financials,south,317195.5338645775,2.1341791070147833,0,0.0405,0.55,7065.530516833464,0.13265665785837708,42078.09941007851,525976.2426259813
OBL03998,BB,financials,west,955615.6162666759,2.6115036597725196,0,0.0135,0.55,7095.445950780068,0.10130472537476796,96808.37756973524,1210104.7196216905
OBL03999,CCC,consumer,west,10218610.243119165,1.9096435506561815,0,0.126,0.55,708149.6898481582,0.1984328422250787,2027707.8741324386,25346348.426655483
OBL04000,BBB,energy,south,2170227.8923815535,2.2123347943256326,0,0.006,0.6000000000000001,7812.820412573595,0.0768047710781119,166683.85646169848,2083548.205771231
OBL04001,A,financials,north,1920889.6590031516,2.205302790732806,0,0.0018000000000000002,0.55,1901.6807624131204,0.03793133846874711,72861.91581676477,910773.9477095596
OBL04002,BBB,technology,south,2739869.9354002536,4.723595733816085,0,0.00425,0.55,6404.445973998093,0.0876080475037042,240034.65545451638,3000433.1931814547
OBL04003,BBB,consumer,east,1036239.160566441,3.3231565202166475,1,0.00525,0.35,1904.0894575408354,0.05028758522058795,52109.96509589543,651374.5636986928
OBL04004,BBB,energy,north,1106170.0460528764,4.053998980935597,0,0.006,0.6000000000000001,3982.212165790356,0.10037633036945433,111033.28998739804,1387916.1248424754
OBL04005,BB,energy,south,4812977.387411261,2.4779859753612055,1,0.018,0.39999999999999997,34653.43718936107,0.07906308314130234,380528.8313381046,4756610.391726308
OBL04006,BBB,consumer,east,3390499.389503145,4.13702514916505,1,0.00525,0.35,6230.042628212029,0.05623018897765113,190648.42140037264,2383105.267504658
OBL04007,B,healthcare,north,9359113.773062628,1.2060607324537576,0,0.036,0.55,185310.45270664003,0.1167967745362739,1093114.3012117315,13663928.765146643
OBL04008,B,real_estate,north,601029.6040480258,4.595660933463044,0,0.056249999999999994,0.5,16903.957613850725,0.16084224224964527,96670.94917350095,1208386.8646687618
OBL04009,BB,industrials,south,2234777.51347268,2.2396351638403416,1,0.015,0.35,11732.581945731568,0.06362377791055822,142184.9881966953,1777312.3524586915
OBL04010,BBB,industrials,north,8732045.577045364,3.2753001430524207,0,0.005,0.55,24013.125336874753,0.07688205886768537,671337.6420897134,8391720.526121417
OBL04011,BB,financials,south,3105782.3099272302,1.0582688159064815,0,0.0135,0.55,23060.433651209685,0.08181987843878842,254114.7310555855,3176434.1381948185
OBL04012,BB,industrials,north,4058669.0522590764,3.972373025819338,1,0.015,0.35,21308.01252436015,0.07745684232268862,314371.6888208074,3929646.110260092
OBL04013,BB,financials,north,2772671.1598032084,2.4299426893328424,0,0.0135,0.55,20587.083361538822,0.09902709959748394,274569.58309290366,3432119.7886612955
OBL04014,CCC,healthcare,west,8349058.741779765,2.5442052172496625,0,0.096,0.55,440830.30156597163,0.18645633641000206,1556734.9054641563,19459186.318301953
OBL04015,B,industrials,west,733573.4499093911,3.6808675927268877,0,0.045,0.55,18155.94288525743,0.15547633533933414,114053.31169414472,1425666.396176809
OBL04016,B,energy,south,14434647.265072849,3.519980997558915,1,0.054,0.39999999999999997,311788.3809255735,0.11802813807661822,1703694.5404892976,21296181.75611622
OBL04017,A,financials,south,1221113.4388314474,3.2204817547653617,1,0.0018000000000000002,0.35,769.3014664638118,0.029790144344280456,36377.1456035295,454714.32004411874
OBL04018,CCC,consumer,north,962892.1033176059,2.7952860003453397,0,0.126,0.55,66728.42275991009,0.20820192253433337,200475.98710385352,2505949.838798169
OBL04019,BB,financials,east,1286814.334141861,4.140399943921064,0,0.0135,0.55,9554.596431003318,0.12048425266600069,155040.8633689794,1938010.7921122424
OBL04020,CCC,real_estate,east,3180313.1542750495,4.282256110186346,1,0.15,0.3,143114.0919423772,0.1285707070239051,408895.1108025689,5111188.885032111
OBL04021,BB,industrials,east,1249244.185392927,1.2752156066101228,0,0.015,0.55,10306.264529491647,0.08788131405583745,109785.22058894463,1372315.2573618079
OBL04022,CCC,technology,east,3715690.3734609354,2.769766724946474,0,0.102,0.55,208450.2299511585,0.19322352186118216,717958.7801058132,8974484.751322664
OBL04023,BBB,energy,south,1525702.8462152472,4.305820796235661,1,0.006,0.39999999999999997,3661.686830916593,0.06906627424701091,105374.61119614737,1317182.6399518421
OBL04024,BB,technology,east,2280830.8505211463,2.212564700085729,1,0.01275,0.35,10178.207670450614,0.06012420377637005,137133.1388361648,1714164.2354520601
OBL04025,BBB,financials,north,397399.0276588908,3.0561276157484505,0,0.0045000000000000005,0.55,983.5625934557551,0.07103886587221019,28230.776223606692,352884.70279508363
OBL04026,BB,financials,east,1200831.039116137,3.2157497570906686,0,0.0135,0.55,8916.170465437317,0.10888480430771427,130752.25270078976,1634403.158759872
OBL04027,BB,technology,east,576903.5185414582,3.5326934800306655,0,0.01275,0.55,4045.535923771976,0.11102804330695763,64052.46884055725,800655.8605069657
OBL04028,BBB,technology,north,1446084.3867316535,1.8851208848043965,0,0.00425,0.55,3380.22225398524,0.05635239021385134,81490.31164326005,1018628.8955407506
OBL04029,B,technology,east,8099190.827945802,4.107097352772412,0,0.03825,0.55,170386.72704290983,0.15377767756547558,1245474.7556811068,15568434.446013834
OBL04030,BB,healthcare,east,4583788.989501555,3.0230503210232613,1,0.012,0.35,19251.91375590653,0.06534797836491649,299541.3437152901,3744266.7964411257
OBL04031,BB,technology,south,5280009.769321798,2.075220643801204,0,0.01275,0.55,37026.06850736911,0.09275935283870014,489770.2891843044,6122128.614803805
OBL04032,BB,consumer,east,2764952.003321035,2.4325484163961324,1,0.01575,0.35,15241.797918307204,0.06614411681201933,182885.3082872934,2286066.3535911674
OBL04033,CCC,healthcare,north,3997870.21476567,2.413935582889209,0,0.096,0.55,211087.5473396274,0.1849797286105412,739524.9473475197,9244061.841843996
OBL04034,B,financials,east,156158.3635155644,1.5825645825123464,1,0.0405,0.35,2213.5448028331252,0.08025650628410842,12532.72468280298,156659.05853503724
OBL04035,BB,healthcare,west,820276.7413584343,1.73499613339105,1,0.012,0.35,3445.162313705424,0.05508909351760511,45188.30211501117,564853.7764376396
OBL04036,CCC,industrials,west,7654775.121557262,4.631889536565971,1,0.12,0.35,321500.555105405,0.14332541912792707,1097123.8526272234,13714048.157840293
OBL04037,BBB,financials,north,5131389.856252507,1.3823352664901152,0,0.0045000000000000005,0.55,12700.189894224959,0.05238885394339727,268827.6337058429,3360345.4213230363
OBL04038,BBB,energy,west,44553103.24246847,1.5656472948764852,1,0.006,0.39999999999999997,106927.44778192432,0.045685188587108454,2035416.9237730852,25442711.547163565
OBL04039,A,industrials,south,4195795.518040554,2.4685773821490278,0,0.002,0.55,4615.375069844609,0.042634974546527725,178887.63511409413,2236095.4389261766
OBL04040,BB,industrials,west,989869.4486351982,4.698702319048483,0,0.015,0.55,8166.422951240385,0.13082989566270153,129504.51668463887,1618806.458557986
OBL04041,BBB,industrials,west,1854887.633567437,4.294857827726769,1,0.005,0.35,3246.0533587430145,0.05630365662860636,104436.9564050292,1305461.955062865
OBL04042,A,real_estate,north,17481749.235321276,4.846320694041723,1,0.0025,0.3,13111.311926490956,0.03873972461226593,677238.1511170367,8465476.888962958
OBL04043,BBB,real_estate,east,3472465.2971724095,1.7787397791767,1,0.00625,0.3,6510.872432198267,0.036307331003668335,126075.9469431902,1575949.3367898774
OBL04044,BBB,consumer,west,1568935.3553611701,4.348297465615389,1,0.00525,0.35,2882.91871547615,0.05777283064836335,90641.83658351065,1133022.9572938832
OBL04045,BBB,healthcare,east,1689433.0642526688,3.880366156609258,0,0.004,0.55,3716.7527413558714,0.07632632168903651,128948.21153424389,1611852.6441780487
OBL04046,A,industrials,south,1485351.7500760066,2.4710668917720664,1,0.002,0.35,1039.7462250532046,0.027145669707334796,40320.86800677498,504010.85008468723
OBL04047,BB,industrials,north,1171862.640675903,1.3144808846016853,1,0.015,0.35,6152.27886354849,0.05623794130094557,65903.14239910251,823789.2799887813
OBL04048,B,industrials,east,13083258.099667234,4.170176609892332,0,0.045,0.55,323810.63796676404,0.1612379412865581,2109517.6013110313,26368970.01638789
OBL04049,BBB,industrials,east,1109639.702968231,4.82865781413731,1,0.005,0.35,1941.8694801944039,0.06016685671795749,66763.53301704646,834544.1627130808
OBL04050,BB,financials,north,3991421.4547031987,3.208317517472903,1,0.0135,0.35,18859.466373472613,0.0692309985681463,276330.09301542555,3454126.1626928193
OBL04051,A,healthcare,north,300490.19203630515,3.0154649824641506,1,0.0016,0.35,168.27450754033086,0.02690829792156344,8085.679609820709,101070.99512275886
OBL04052,BB,industrials,east,2233267.26670744,2.5729704170473937,1,0.015,0.35,11724.653150214059,0.06628491213612456,148031.9245501857,1850399.0568773213
OBL04053,BB,technology,north,3983108.424989681,1.1671184654164621,1,0.01275,0.35,17774.62134651645,0.05178520316247092,206266.0790062402,2578325.9875780027
OBL04054,A,real_estate,north,1571630.7684331809,1.0645874371116517,0,0.0025,0.5,1964.538460541476,0.031377551301223064,49313.925063092756,616424.0632886594
OBL04055,BB,industrials,north,1851283.5038366066,2.113957844539871,1,0.015,0.35,9719.238395142183,0.06262045104203713,115928.20801693118,1449102.6002116397
OBL04056,BB,industrials,south,788419.6536030837,3.708693531688796,1,0.015,0.35,4139.203181416189,0.07535179486773208,59408.83600798795,742610.4500998494
OBL04057,BB,financials,east,1296682.3179012116,2.428748697822421,0,0.0135,0.55,9627.866210416496,0.09901212134618131,128387.26700748241,1604840.83759353
OBL04058,B,energy,south,545965.6439039673,4.181543907661739,1,0.054,0.39999999999999997,11792.857908325694,0.12363708387763693,67501.60010966286,843770.0013707858
OBL04059,A,consumer,east,363939.5080471048,4.507926312797345,0,0.0021000000000000003,0.55,420.35013179440614,0.062494302368970585,22744.145659910173,284301.8207488772
OBL04060,B,industrials,west,529125.1145903332,1.0724835982235645,1,0.045,0.35,8333.720554797748,0.07939441682468322,42009.57990019319,525119.7487524148
OBL04061,A,consumer,west,5371926.18828839,3.751121372620613,1,0.0021000000000000003,0.35,3948.365748391967,0.035350234285068755,189898.84931809094,2373735.6164761367
OBL04062,A,financials,south,604140.2620294594,3.7868743518215386,0,0.0018000000000000002,0.55,598.0988594091649,0.05176842197287327,31275.388015543278,390942.350194291
OBL04063,BB,industrials,east,1539332.8950878582,4.0138032821248455,1,0.015,0.35,8081.497699211254,0.07778759483676517,119741.00356199907,1496762.5445249884
OBL04064,BBB,real_estate,west,1324576.9470098696,3.699401459285327,1,0.00625,0.3,2483.5817756435054,0.04867515671232837,64473.99047324287,805924.8809155358
OBL04065,A,technology,east,451361.16350721265,4.934738150330493,1,0.0017,0.35,268.5598922867915,0.038286014035576015,17280.819841151064,216010.2480143883
OBL04066,A,industrials,north,1676146.632557748,4.668640642538691,1,0.002,0.35,1173.3026427904235,0.0397884172240239,66691.22154485036,833640.2693106295
OBL04067,BBB,real_estate,east,5026985.047034329,2.0457178002129277,1,0.00625,0.3,9425.596963189366,0.038026497719189145,191158.63542544885,2389482.942818111
OBL04068,BBB,consumer,north,7087359.008287266,1.3478380795326386,1,0.00525,0.35,13023.022177727851,0.035864453071886876,254184.25455633336,3177303.181954167
OBL04069,BB,energy,east,2805230.0540955663,4.900054145706733,0,0.018,0.6000000000000001,30296.484584232116,0.15160898588177255,425298.0836664987,5316226.045831234
OBL04070,CCC,financials,east,5855917.093496628,3.943080798612145,1,0.108,0.35,221353.66613417256,0.13388204293484202,784002.1437343908,9800026.796679886
OBL04071,B,healthcare,west,1315440.435541252,1.968089334045489,0,0.036,0.55,26045.72062371679,0.12590536804636818,165621.01217989618,2070262.6522487022
OBL04072,BBB,energy,north,840367.1964776868,1.2641110732887704,0,0.006,0.6000000000000001,3025.321907319673,0.0646684045111861,54345.20579975046,679315.0724968808
OBL04073,BBB,financials,south,294723.5961326859,1.5920059004420497,0,0.0045000000000000005,0.55,729.4409004283978,0.05472508150833867,16128.772820791924,201609.66025989904
OBL04074,BBB,industrials,south,1719719.1766063506,3.0013950670373886,0,0.005,0.55,4729.227735667465,0.07376702071754708,126858.56012908366,1585732.0016135457
OBL04075,BB,financials,north,10087618.715502692,3.72403826269184,1,0.0135,0.35,47663.99843075022,0.07334798874126147,739906.54397083,9248831.799635375
OBL04076,BBB,real_estate,east,4736331.802511639,2.6252502164744156,0,0.00625,0.5,14801.036882848872,0.06959718946987177,329635.3818515818,4120442.2731447723
OBL04077,BB,industrials,north,1370640.8050477384,2.113801700827801,1,0.015,0.35,7195.864226500626,0.0626192044910879,85828.43685511367,1072855.460688921
OBL04078,BBB,industrials,south,2883726.0605396577,2.6061709163601914,1,0.005,0.35,5046.520605944401,0.044082346038575575,127121.41008116753,1589017.6260145942
OBL04079,CCC,real_estate,north,1484071.932361041,1.5188946305799922,1,0.15,0.3,66783.23695624684,0.112415301520369,166832.39375428308,2085404.9219285385
OBL04080,B,energy,north,815184.038196865,3.4130013724079915,1,0.054,0.39999999999999997,17607.975225052283,0.11712112997486177,95475.2756910877,1193440.9461385964
OBL04081,BBB,energy,south,1591524.068010025,4.805985079507286,0,0.006,0.6000000000000001,5729.486644836091,0.1100010410184549,175069.30428702896,2188366.3035878623
OBL04082,BB,financials,east,7290686.8325633975,4.870677053069985,1,0.0135,0.35,34448.49528386205,0.08250158722622336,601493.2356558072,7518665.44569759
OBL04083,A,industrials,east,7448023.555637291,1.3355699208995828,0,0.002,0.55,8192.82591120102,0.03239201586258622,241256.49715911894,3015706.214488987
OBL04084,BBB,consumer,south,797398.5517684368,3.160777922940248,1,0.00525,0.35,1465.2198388745026,0.04910194956893715,39153.823475277306,489422.79344096634
OBL04085,CCC,industrials,north,9825837.9472692,4.330380473230988,1,0.12,0.35,412685.19378530636,0.1411956999907733,1387366.0669605776,17342075.83700722
OBL04086,A,financials,west,838314.9417031276,3.117201908217776,0,0.0018000000000000002,0.55,829.9317922860965,0.04590949421358891,38486.61496528486,481082.6870660608
OBL04087,BBB,technology,south,735762.8875789247,3.6228393628271247,1,0.00425,0.35,1094.4472952736505,0.04803727700828368,35344.045643043486,441800.57053804357
OBL04088,BB,consumer,north,2938747.841818449,2.19410091323192,1,0.01575,0.35,16199.847478024201,0.06424162725235663,188789.9434427683,2359874.293034604
OBL04089,BBB,energy,west,24216844.44477812,3.5889503681086468,0,0.006,0.6000000000000001,87180.64000120125,0.09442414808220188,2286654.905937377,28583186.32421721
OBL04090,BB,industrials,west,384100.4887284435,2.332387979788537,0,0.015,0.55,3168.829032009659,0.10114383199610325,38849.39530157084,485617.4412696355
OBL04091,CCC,energy,north,2152253.260308841,2.738134189017497,0,0.144,0.6000000000000001,185954.68169068385,0.2362154434044879,508395.4582026076,6354943.227532594
OBL04092,A,financials,west,2949818.467913187,1.8609658514049272,1,0.0018000000000000002,0.35,1858.385634785308,0.02222102484546472,65547.98946510961,819349.8683138702
OBL04093,BBB,financials,east,1512638.246816464,3.9029194858638423,1,0.0045000000000000005,0.35,2382.4052387359307,0.051210812117121175,77463.43305888951,968292.9132361189
OBL04094,CCC,financials,south,3232659.053165119,1.1285197582237165,0,0.108,0.55,192019.9477580081,0.17878945096876575,577965.3372846018,7224566.716057522
OBL04095,BB,industrials,east,2434856.300198957,4.479609097793462,1,0.015,0.35,12782.995576044523,0.08150628881412747,198456.10082491403,2480701.260311425
OBL04096,BB,consumer,east,2291035.847271074,4.6767426071288085,1,0.01575,0.35,12629.335108081796,0.08404976044874157,192561.01414261345,2407012.676782668
OBL04097,BBB,real_estate,north,191206.70876343013,1.0522207070089156,1,0.00625,0.3,358.51257893143145,0.03162901552955508,6047.679960833646,75595.99951042057
OBL04098,CCC,technology,south,1082038.9707587396,2.3275306282303623,1,0.102,0.35,38628.791256087,0.11978519815488736,129612.25252364599,1620153.1565455748
OBL04099,CCC,healthcare,north,1785761.8620986724,2.8355024699389824,1,0.096,0.35,60001.59856651539,0.1207552144336051,215640.05658507912,2695500.707313489
OBL04100,BB,technology,south,1995636.6015463572,3.756892636227545,1,0.01275,0.35,8905.528334400618,0.0724425336727155,144568.9717060255,1807112.1463253188
OBL04101,BBB,industrials,west,1580158.572155125,4.850695501010599,0,0.005,0.55,4345.436073426594,0.0947985455315586,149796.73434953025,1872459.179369128
OBL04102,B,financials,south,2027666.036982268,2.267303008467243,0,0.0405,0.55,45166.26097378003,0.1342348177340691,272183.38089987694,3402292.261248462
OBL04103,A,industrials,south,665373.1037011003,1.6180218074564188,0,0.002,0.55,731.9104140712104,0.03494552332229221,23251.811313412756,290647.64141765947
OBL04104,BB,healthcare,west,3360350.143637039,1.3632691888659143,1,0.012,0.35,14113.470603275562,0.05212842310859342,175169.7540805342,2189621.9260066776
OBL04105,B,industrials,north,2704380.1905181985,3.5847796084008348,1,0.045,0.35,42593.98800066163,0.09821948235390619,265622.82240085566,3320285.2800106956
OBL04106,BB,energy,south,459822.8718969615,1.4628351305879095,0,0.018,0.6000000000000001,4966.087016487184,0.10475745982884814,48169.87603113153,602123.4503891441
OBL04107,CCC,technology,north,391355.0843582669,3.648333836401182,0,0.102,0.55,21955.020232498773,0.20313617439387546,79498.37466613075,993729.6833266343
OBL04108,BB,consumer,east,3752628.694485564,2.346853264621914,0,0.01575,0.55,32507.146065981196,0.10286631936378103,386019.1017406407,4825238.771758009
OBL04109,BBB,energy,north,1081724.7533270516,4.335719880522619,1,0.006,0.39999999999999997,2596.1394079849238,0.06932139424233941,74986.6680870819,937333.3510885237
OBL04110,B,financials,north,4125214.7989170672,1.197847448725665,0,0.0405,0.55,91889.15964587769,0.12155661468559069,501447.14580725844,6268089.32259073
OBL04111,BBB,healthcare,south,3390845.102667699,4.6748339647036605,1,0.004,0.35,4747.183143734778,0.05406602755091128,183329.5247417044,2291619.059271305
OBL04112,BBB,consumer,south,1571773.2920660619,2.342714872300039,1,0.00525,0.35,2888.1334241713885,0.043128719510259865,67788.56944723494,847357.1180904368
OBL04113,BBB,healthcare,west,2838770.532733152,4.943398391658414,1,0.004,0.35,3974.278745826413,0.055923484224650204,158753.9391047043,1984424.2388088037
OBL04114,B,financials,south,608549.4900044948,3.6364151964380285,0,0.0405,0.55,13555.439889850124,0.15046539614111812,91565.64008500171,1144570.5010625212
OBL04115,B,technology,south,4290862.556030651,3.6550460689426383,1,0.03825,0.35,57443.92246886033,0.09443483652811009,405206.9040433431,5065086.300541788
OBL04116,BBB,real_estate,north,1761316.7093309856,2.83669247925018,0,0.00625,0.5,5504.11471665933,0.07186644306490318,126579.5670103979,1582244.587629974
OBL04117,B,technology,east,349727.02941256086,4.778846859614493,1,0.03825,0.35,4681.970606260658,0.10294612866654124,36003.04376807274,450038.0471009093
OBL04118,B,technology,east,2509789.477281521,4.076661062434742,0,0.03825,0.55,52799.69612831,0.15341544079984099,385040.458971947,4813005.737149338
OBL04119,BBB,consumer,north,1856480.8485469364,4.374852330427419,0,0.00525,0.55,5360.58845017928,0.0910905688404539,169107.89653554896,2113848.706694362
OBL04120,A,consumer,south,1324339.9424637465,3.577530467835042,0,0.0021000000000000003,0.55,1529.6126335456274,0.05395761452426007,71458.2241145396,893227.8014317449
OBL04121,BB,consumer,east,18299521.17019557,2.7271434792415024,0,0.01575,0.55,158519.6021368191,0.10763435287034966,1969657.1189912637,24620713.987390798
OBL04122,B,healthcare,south,717258.8342063971,2.463326907502224,1,0.036,0.35,9037.461311000601,0.08388862708408171,60169.85886550363,752123.2358187954
OBL04123,A,real_estate,north,2868123.5140848993,3.97642174088515,0,0.0025,0.5,3585.154392606124,0.05693193644551713,163287.82562177474,2041097.8202721842
OBL04124,B,real_estate,west,2199482.851702947,2.058440568771394,0,0.056249999999999994,0.5,61860.455204145386,0.13400574621290146,294743.3408249339,3684291.760311674
OBL04125,BB,technology,west,858033.905087447,4.2025476588951625,0,0.01275,0.55,6016.962759425723,0.11942432922622236,102470.1235684245,1280876.5446053063
OBL04126,A,industrials,south,284969.27902749245,4.1110247735226615,0,0.002,0.55,313.4662069302417,0.05748352704576296,16381.039258188433,204762.9907273554
OBL04127,BB,technology,east,11039686.53816535,3.7748704158510007,0,0.01275,0.55,77415.80184888451,0.1140636096441653,1259226.495883239,15740331.198540486
OBL04128,BBB,healthcare,west,1595129.001334535,2.5820653983940702,0,0.004,0.55,3509.2838029359773,0.062215894530976465,99242.37771033125,1240529.7213791406
OBL04129,CCC,energy,north,2454845.627727523,3.7509829154621945,1,0.144,0.39999999999999997,141399.1081571053,0.16543310500318437,406112.73449845536,5076409.181230692
OBL04130,BBB,consumer,east,399003.65875120176,1.0098172874254487,0,0.00525,0.55,1152.1230646440952,0.05247995546746481,20939.694242618596,261746.17803273245
OBL04131,A,real_estate,east,4068803.2969487435,3.9821989256398584,0,0.0025,0.5,5086.00412118593,0.05698263727148111,231851.1423990367,2898139.2799879587
OBL04132,B,real_estate,north,248357.48247515227,1.3235746857829516,0,0.056249999999999994,0.5,6985.054194613657,0.1262329781747755,31350.904664828086,391886.30831035104
OBL04133,A,consumer,east,1465574.7051415113,3.663159347937369,0,0.0021000000000000003,0.55,1692.738784438446,0.054743287658855076,80230.37766910346,1002879.7208637933
OBL04134,A,consumer,north,1172938.1575614028,1.7005983901485409,0,0.0021000000000000003,0.55,1354.7435719834205,0.036736145469244225,43089.22678260299,538615.3347825374
OBL04135,A,healthcare,west,2768755.3746363707,1.3540779986165714,1,0.0016,0.35,1550.5030097963675,0.018002463719771527,49844.418180813685,623055.2272601711
OBL04136,B,industrials,east,1458978.7897676795,2.3639079251488573,0,0.045,0.55,36109.72504675007,0.13996915605838064,204212.02991085965,2552650.3738857456
OBL04137,B,industrials,west,1383673.3159836887,4.996186525988182,0,0.045,0.55,34245.914570596295,0.1709641949996277,236558.59460961682,2956982.43262021
OBL04138,BBB,financials,east,1994184.0766291877,3.1180792040703698,1,0.0045000000000000005,0.35,3140.8399206909708,0.045645824844681326,91026.17706986847,1137827.2133733558
OBL04139,B,industrials,north,5737073.129276429,2.5480865217016886,1,0.045,0.35,90358.90178610376,0.09045136298749969,518926.08410201303,6486576.051275163
OBL04140,BBB,consumer,north,13486148.295786588,2.022450951619177,0,0.00525,0.55,38941.253204083776,0.06409897470411959,864448.2784676299,10805603.480845373
OBL04141,B,real_estate,east,798861.5424267523,2.7386784906723416,1,0.056249999999999994,0.3,13480.788528451443,0.08472042449866227,67679.88899005055,845998.6123756318
OBL04142,BB,healthcare,north,5123684.319185333,1.0866758100111138,1,0.012,0.35,21519.474140578397,0.04992545707622771,255802.28154962836,3197528.5193703547
OBL04143,BBB,financials,east,1413090.0156598596,2.5880813224536037,1,0.0045000000000000005,0.35,2225.616774664279,0.04188782269566127,59191.26402896941,739890.8003621176
OBL04144,A,healthcare,north,15638873.680151822,3.964859831228643,0,0.0016,0.55,13762.208838533606,0.05028180370805692,786350.7766004916,9829384.707506144
OBL04145,BB,consumer,east,303326.999909744,3.6996009694725074,1,0.01575,0.35,1672.0900870024639,0.0762534877292383,23129.741665564332,289121.77081955416
OBL04146,BB,healthcare,south,1649459.280225353,2.6374804226532707,0,0.012,0.55,10886.431249487332,0.09786394175620117,161422.58692919946,2017782.3366149932
OBL04147,BB,real_estate,west,1693319.6542217347,1.2552414111102586,0,0.01875,0.5,15874.871758328762,0.08612820199892951,145842.57722756703,1823032.2153445878
OBL04148,BBB,healthcare,east,3576630.6018440416,1.099349373795199,0,0.004,0.55,7868.587324056892,0.04610117201479119,164886.86260897832,2061085.782612229
OBL04149,BBB,technology,south,1214282.7466640125,2.175190509672146,1,0.00425,0.35,1806.245585662719,0.03789320855091526,46013.06935911763,575163.3669889704
OBL04150,A,financials,north,1642492.6853859588,1.2751254358565105,1,0.0018000000000000002,0.35,1034.770391793154,0.01895935199444386,31140.59697053173,389257.46213164664
OBL04151,BBB,industrials,west,1482207.0325653488,3.1199653100876246,1,0.005,0.35,2593.86230698936,0.047800762296138694,70850.62603732134,885632.8254665168
OBL04152,A,financials,west,2139373.2812430584,3.496434333428982,1,0.0018000000000000002,0.35,1347.8051671831267,0.031326513311166704,67019.10557241505,837738.8196551881
OBL04153,BBB,energy,east,4598678.991535957,4.3173209446400005,1,0.006,0.39999999999999997,11036.829579686295,0.06916440159362237,318064.88057074725,3975811.0071343407
OBL04154,BBB,consumer,south,14006705.804316374,3.99789861674704,0,0.00525,0.55,40444.363009963534,0.08676537938107715,1215297.1429906455,15191214.287383068
OBL04155,B,financials,east,4820996.9830453005,3.1268448511995315,0,0.0405,0.55,107387.70779733408,0.14442453147351283,696270.2305115365,8703377.881394206
OBL04156,B,energy,south,1426610.221908814,2.4988869001500604,1,0.054,0.39999999999999997,30814.78079323038,0.1093709697821982,156029.74347136397,1950371.7933920496
OBL04157,BB,industrials,east,983724.4968800506,3.5210697492760903,0,0.015,0.55,8115.727099260418,0.1160561714528164,114167.2988722467,1427091.2359030838
OBL04158,BBB,consumer,east,3313707.406987484,1.1514106563640691,0,0.00525,0.55,9568.330137676361,0.054104606252495246,179286.83449103485,2241085.4311379357
OBL04159,B,consumer,south,2432729.188437065,3.762162630359659,1,0.04725,0.35,40231.258953777964,0.10094972909055186,245583.3525233998,3069791.9065424977
OBL04160,BBB,real_estate,north,1601213.452528716,2.650937761498701,1,0.00625,0.3,3002.2752234913423,0.04192372494775606,67128.83236646075,839110.4045807594
OBL04161,BBB,healthcare,south,1952000.1627593047,1.5398319085588414,1,0.004,0.35,2732.8002278630265,0.03238359344226991,63212.77967004202,790159.7458755253
OBL04162,BB,healthcare,west,749816.5564002935,2.469895811671728,1,0.012,0.35,3149.2295368812324,0.06094230314667111,45695.5478845397,571194.3485567463
OBL04163,BB,financials,west,1279927.6200265675,3.632183351571614,0,0.0135,0.55,9503.462578697265,0.11410883393820126,146051.04824652875,1825638.1030816094
OBL04164,BBB,healthcare,north,2398215.057046159,1.6344523969852505,1,0.004,0.35,3357.5010798646226,0.033038011675142136,79232.25705419267,990403.2131774083
OBL04165,BB,industrials,east,12876594.784489091,2.698378092407888,0,0.015,0.55,106231.90697203501,0.10573527853568741,1361510.3361291338,17018879.20161417
OBL04166,BB,healthcare,east,1832812.3479511647,1.659980725808964,0,0.012,0.55,12096.561496477689,0.08562969325403,156943.15914725672,1961789.489340709
OBL04167,BB,financials,south,1357111.5772122703,4.734804627404854,0,0.0135,0.55,10076.553460801108,0.12794087413019825,173630.0414807499,2170375.518509374
OBL04168,BBB,financials,south,1921066.3569579076,3.877691827594787,0,0.0045000000000000005,0.55,4754.639233470823,0.08019303745030905,154056.14630805425,1925701.8288506782
OBL04169,BBB,energy,south,942651.3136680899,3.2463492303015866,1,0.006,0.39999999999999997,2262.3631528034157,0.06002611842291859,56583.69938576055,707296.2423220068
OBL04170,BBB,technology,west,3890901.2534180973,3.350637744514844,1,0.00425,0.35,5787.71561445942,0.04612988638358317,179486.83274991816,2243585.409373977
OBL04171,BB,financials,north,2961767.4306868413,2.86331796895463,0,0.0135,0.55,21991.123172849795,0.10446365738693573,309397.0581390551,3867463.226738189
OBL04172,A,real_estate,east,4445099.888474358,2.3854274441055057,1,0.0025,0.3,3333.824916355769,0.025781580566837027,114601.70090233994,1432521.2612792493
OBL04173,CCC,financials,south,2106659.795796897,4.145452631913313,0,0.108,0.55,125135.59187033567,0.21265791914164914,447997.88851353957,5599973.606419245
OBL04174,BB,industrials,south,2062191.6209144467,2.538358586124341,1,0.015,0.35,10826.506009800843,0.0660085935439784,136122.36851473968,1701529.606434246
OBL04175,BBB,consumer,south,6272912.622293734,2.970887454504648,0,0.00525,0.55,18113.03519687316,0.07498139187177917,470351.71950963634,5879396.493870454
OBL04176,BBB,technology,east,6439894.986001795,3.9466198384637954,0,0.00425,0.55,15053.254529779197,0.0790524345074984,509089.3766160742,6363617.207700927
OBL04177,BB,real_estate,east,214229.57258005935,2.97312728590121,0,0.01875,0.5,2008.4022429380564,0.10561126116326483,22625.055338647246,282813.19173309056
OBL04178,BB,industrials,south,1072634.7423622182,2.5111938824502897,0,0.015,0.55,8849.236624488301,0.10338700118217192,110896.48937664133,1386206.1172080166
OBL04179,BBB,healthcare,east,732954.8649378177,1.661450602989524,1,0.004,0.35,1026.1368109129448,0.03322473781192147,24352.233215531305,304402.91519414133
OBL04180,BB,healthcare,east,511281.58745451027,2.9219476168300336,1,0.012,0.35,2147.382667308943,0.06454273196299548,32999.51045669129,412493.88070864114
OBL04181,BBB,financials,south,753784.7471718027,1.5321401399251826,0,0.0045000000000000005,0.55,1865.6172492502121,0.05405803511619704,40748.122332667015,509351.5291583377
OBL04182,CCC,consumer,north,3891661.0240262058,4.007512605149781,1,0.126,0.35,171622.2511595557,0.14100124807627845,548729.0614775029,6859113.268468787
OBL04183,CCC,financials,west,4041639.897530806,1.379582279091383,0,0.108,0.55,240073.40991332987,0.1816079104285586,733993.7764952633,9174922.206190791
OBL04184,BB,real_estate,north,982142.5782788453,3.599490437868811,1,0.01875,0.3,5524.552002818505,0.067629020167456,66421.34023373727,830266.7529217158
OBL04185,BB,financials,west,373596.1938270156,4.458136791150977,0,0.0135,0.55,2773.951739165591,0.12447016236835187,46501.57890584689,581269.7363230861
OBL04186,CCC,consumer,south,1944362.1111708838,3.5227221648086036,1,0.126,0.35,85746.36910263597,0.13759830521048352,267540.93121259136,3344261.640157392
OBL04187,BB,healthcare,west,1354446.714762676,4.249190398261637,0,0.012,0.55,8939.348317433663,0.11803587676413765,159873.30550731832,1998416.318841479
OBL04188,A,industrials,west,1567403.6775502681,2.904407580038331,1,0.002,0.35,1097.1825742851877,0.029638699535593095,46455.80664989604,580697.5831237005
OBL04189,BBB,healthcare,east,366758.5496545245,3.5322754173630226,1,0.004,0.35,513.4619695163343,0.04616381569448817,16930.974090629257,211637.17613286572
OBL04190,B,energy,south,6262549.364303611,3.39222763671995,1,0.054,0.39999999999999997,135271.06626895798,0.11694500347837966,732373.8571920102,9154673.214900127
OBL04191,CCC,real_estate,north,755378.4486115668,4.6186760595424,0,0.15,0.5,56653.38364586751,0.21756252457925815,164342.0422926959,2054275.5286586988
OBL04192,B,energy,south,3290701.0673927483,3.2559437315809023,1,0.054,0.39999999999999997,71079.14305568335,0.11578954414744877,381028.7765189294,4762859.706486617
OBL04193,BB,healthcare,south,11225868.619342472,4.496231160039692,1,0.012,0.35,47148.64820123838,0.07708132990544228,865304.882522689,10816311.031533612
OBL04194,BBB,industrials,south,2402403.6183630335,4.702607607621481,1,0.005,0.35,4204.206332135308,0.05925461021838532,142353.48999334007,1779418.624916751
OBL04195,BB,industrials,east,1244016.2940658147,1.674521093159091,1,0.015,0.35,6531.085543845526,0.05911227071061355,73536.62794323267,919207.8492904084
OBL04196,BB,industrials,east,833192.682032739,4.797484848219235,0,0.015,0.55,6873.839626770097,0.1320691496373141,110039.04900009687,1375488.112501211
OBL04197,BBB,technology,west,2427206.1946080206,4.900995519607015,0,0.00425,0.55,5673.594479896248,0.08956147221342294,217384.16015463427,2717302.0019329283
OBL04198,BBB,consumer,west,778512.441648046,2.0874596720376872,0,0.00525,0.55,2247.954675258733,0.06484488865089162,50482.5525920013,631031.9074000163
OBL04199,A,technology,east,12240057.522364011,3.84173345968251,0,0.0017,0.55,11444.45378341035,0.05077385066595638,621474.8527832264,7768435.65979033
OBL04200,B,energy,north,323718.4495881229,2.6341683268543323,1,0.054,0.39999999999999997,6992.318511103454,0.11051792977448496,35776.692878285314,447208.66097856645
OBL04201,B,financials,south,2820130.626800887,4.796675271911431,1,0.0405,0.35,39975.351634902574,0.10450368114417813,294714.0318081311,3683925.3976016385
OBL04202,BB,financials,east,1106284.934275745,2.2293292774597324,1,0.0135,0.35,5227.1963144528945,0.0614157516518748,67943.32077968979,849291.5097461224
OBL04203,BB,consumer,north,2838018.067588539,3.3170103162317313,1,0.01575,0.35,15644.57459758182,0.0732009301903412,207745.56244447565,2596819.530555946
OBL04204,BBB,consumer,east,3360441.7139540035,2.4256469866591472,1,0.00525,0.35,6174.811649390481,0.04373426280907017,146966.4410726266,1837080.5134078325
OBL04205,BB,energy,west,8675873.058170047,4.52686999752246,0,0.018,0.6000000000000001,93699.42902823651,0.14652224373229406,1271208.386819635,15890104.835245438
OBL04206,CCC,real_estate,east,2155761.462130235,4.560557003363444,0,0.15,0.5,161682.10965976762,0.21699622339922608,467792.09583185473,5847401.197898184
OBL04207,A,industrials,east,324913.3437957395,3.498439797574944,1,0.002,0.35,227.43934065701765,0.03305619546285123,10740.399001000547,134254.98751250684
OBL04208,BBB,industrials,south,2369808.130997928,3.653666717259206,1,0.005,0.35,4147.164229246373,0.0516632489509929,122431.98743783313,1530399.8429729142
OBL04209,BBB,energy,north,5308456.918846995,4.27587028706167,1,0.006,0.39999999999999997,12740.296605232787,0.06881071545841323,365278.71856602555,4565983.98207532
OBL04210,A,consumer,west,4305196.512547265,1.3187909368311002,1,0.0021000000000000003,0.35,3164.31943672224,0.02114823233409414,91047.2960912814,1138091.2011410175
OBL04211,BB,healthcare,south,3836987.8843686143,2.0939452708758552,0,0.012,0.55,25324.120036832857,0.09106113236610336,349400.46162562526,4367505.770320316
OBL04212,CCC,technology,south,1086408.2955764579,2.809393362938414,1,0.102,0.35,38784.77615207954,0.12324493954592022,133894.32471050677,1673679.0588813347
OBL04213,BB,consumer,east,674066.8681267826,1.1908179952148252,0,0.01575,0.55,5839.104245148254,0.08837208657153871,59568.695625106,744608.6953138249
OBL04214,BBB,industrials,north,732668.7832823239,1.930721217213263,0,0.005,0.55,2014.8391540263908,0.0615905764651063,45125.49272034637,564068.6590043296
OBL04215,CCC,technology,west,15047057.285285225,2.204517309261013,0,0.102,0.55,844139.9137045012,0.1868459543664003,2811481.7788750143,35143522.23593768
OBL04216,A,financials,south,967988.0278888518,1.527318570711559,0,0.0018000000000000002,0.55,958.3081476099635,0.03199969142999039,30975.318200368187,387191.47750460234
OBL04217,BBB,industrials,west,237884.39562779508,4.365670686658005,1,0.005,0.35,416.29769234864136,0.056816141173219974,13515.673404894917,168945.91756118645
OBL04218,BB,industrials,north,704136.0381107606,1.2228769430039277,0,0.015,0.55,5809.122314413776,0.08722471113784808,61418.06252595988,767725.7815744985
OBL04219,BBB,industrials,west,9775128.700279644,1.0567642354096134,1,0.005,0.35,17106.475225489376,0.032869029851478535,321298.99705153616,4016237.4631442023
OBL04220,BBB,energy,north,20267929.715928946,4.76911513040755,1,0.006,0.39999999999999997,48643.03131822946,0.07301942703374041,1479952.6150172527,18499407.68771566
OBL04221,CCC,healthcare,north,2465988.8662680606,1.2984985003575886,0,0.096,0.55,130204.21213895362,0.1723362364877593,424979.240433354,5312240.505416925
OBL04222,BB,healthcare,west,6896454.379752908,3.3387436510414013,1,0.012,0.35,28965.10839496221,0.06786236133949762,468009.67908015277,5850120.988501909
OBL04223,BBB,consumer,east,150707.5113895837,4.989307700172252,1,0.00525,0.35,276.92505217836003,0.0624532786871525,9412.178209060881,117652.22761326101
OBL04224,BBB,energy,west,3947606.769783778,4.745420318372988,1,0.006,0.39999999999999997,9474.256247481067,0.07281724624861839,287453.8542480584,3593173.17810073
OBL04225,BB,financials,south,1645847.5197061633,1.0250126771262762,1,0.0135,0.35,7776.629530611622,0.05180171216469569,85257.71948279698,1065721.4935349622
OBL04226,BB,industrials,north,3025117.730482302,3.4173020775878356,0,0.015,0.55,24957.221276478995,0.11475437749536797,347145.5020116969,4339318.7751462115
OBL04227,CCC,financials,east,7075010.644251816,2.9066083036532575,0,0.108,0.55,420255.6322685579,0.19875049678275522,1406161.8802883294,17577023.503604118
OBL04228,BBB,real_estate,south,6831184.7885506535,1.5022368265331014,0,0.00625,0.5,21347.452464220794,0.057544716426224204,393098.5915122837,4913732.393903546
OBL04229,A,technology,south,1978880.9050141629,4.702677271345382,0,0.0017,0.55,1850.2536461882423,0.05817012630306395,115111.75218339535,1438896.9022924418
OBL04230,B,healthcare,west,1861997.2437878933,1.3288411338106112,0,0.036,0.55,36867.54542700029,0.11826437924904948,220207.94820001625,2752599.352500203
OBL04231,BB,financials,south,2490278.8517722352,3.627506428210154,0,0.0135,0.55,18490.320474408847,0.11405016339254023,284016.7099376109,3550208.874220136
OBL04232,B,industrials,north,787625.0593866488,3.075504913225133,0,0.045,0.55,19493.72021981956,0.1483481993514673,116842.75932410186,1460534.4915512733
OBL04233,A,industrials,west,1332642.9215287643,3.506392793949141,0,0.002,0.55,1465.9072136816408,0.052017349109978114,69320.55208810291,866506.9011012863
OBL04234,BB,real_estate,south,2373259.5342514976,3.3145300584715502,0,0.01875,0.5,22249.30813360779,0.10948321244621341,259832.0777784582,3247900.9722307273
OBL04235,B,industrials,north,1159346.2383579263,2.9556789123374205,1,0.045,0.35,18259.703254137337,0.09350552278071166,108405.27610150944,1355065.951268868
OBL04236,B,financials,east,4149092.4136471082,4.7632925024280635,1,0.0405,0.35,58813.38496344776,0.10425184232243304,432550.5280887414,5406881.601109267
OBL04237,BB,technology,north,2832775.4489361756,4.653319403101003,1,0.01275,0.35,12641.260440877682,0.07959288068375832,225468.75831105694,2818359.478888212
OBL04238,BB,energy,east,2148600.539510447,3.171140519372364,1,0.018,0.39999999999999997,15469.923884475216,0.08536184735244648,183408.51127507494,2292606.3909384366
OBL04239,A,industrials,east,2914499.553554879,3.695596653899231,1,0.002,0.35,2040.1496874884153,0.03419044834279329,99648.0464309122,1245600.5803864026
OBL04240,BBB,financials,west,194742.68814222724,3.6797207541296246,1,0.0045000000000000005,0.35,306.7197338240079,0.04962819953958213,9664.728985997068,120809.11232496335
OBL04241,BBB,financials,west,146800.1966961045,4.653676031953459,1,0.0045000000000000005,0.35,231.2103097963646,0.056534125306579794,8299.220715048134,103740.25893810167
OBL04242,BBB,real_estate,north,4495308.568999347,3.3578811074540265,0,0.00625,0.5,14047.839278122961,0.07745997556268645,348206.4919014244,4352581.148767806
OBL04243,CCC,real_estate,north,920963.7738941497,2.137944653439263,1,0.15,0.3,41443.36982523673,0.11603444589220466,106863.52119060131,1335794.0148825163
OBL04244,A,consumer,west,16676402.330849534,1.9966010730696584,1,0.0021000000000000003,0.35,12257.155713174408,0.025105861090289748,418675.4404040926,5233443.005051157
OBL04245,CCC,financials,west,1787578.9661530808,3.961030679360501,0,0.108,0.55,106182.19058949301,0.21058757508961948,376441.91976338625,4705523.997042328
OBL04246,A,consumer,north,2763562.8323816974,1.649576303035099,0,0.0021000000000000003,0.55,3191.915071400861,0.03626800104100816,100228.89968171087,1252861.2460213858
OBL04247,BB,real_estate,west,2075869.5450572637,1.5487622914765908,0,0.01875,0.5,19461.276984911845,0.08945711037524466,185701.29101679655,2321266.1377099566
OBL04248,B,technology,east,1359927.3106851694,1.5161324881713858,1,0.03825,0.35,18206.026871797705,0.0782354188947426,106394.482817855,1329931.0352231874
OBL04249,BB,healthcare,north,4571566.587542972,2.4456074096218168,0,0.012,0.55,30172.339477783615,0.09546248615486913,436413.11206938326,5455163.900867291
OBL04250,BB,technology,west,2578254.3686851035,3.1795063957385636,1,0.01275,0.35,11505.460120257272,0.06783701303069249,174901.0752049312,2186263.44006164
OBL04251,B,industrials,west,3167691.2143902583,1.587969044839201,0,0.045,0.55,78400.3575561589,0.13083248800069222,414436.9227966116,5180461.534957645
OBL04252,B,financials,south,1114068.7162678877,3.0434116016821164,0,0.0405,0.55,24815.880654867204,0.14343544532707048,159796.9424428422,1997461.7805355275
OBL04253,BB,financials,south,768073.1547580136,2.3072953279083794,1,0.0135,0.35,3629.145656231614,0.062038153342148905,47649.84015286571,595623.0019108214
OBL04254,BBB,financials,west,918467.5908811203,3.9750131901640438,1,0.0045000000000000005,0.35,1446.5864556377644,0.051721999623879696,47504.980390098994,593812.2548762374
OBL04255,CCC,energy,north,3774538.684268239,1.5421292915964404,0,0.144,0.6000000000000001,326120.14232077583,0.22212313313331922,838412.3586825776,10480154.48353222
OBL04256,BBB,consumer,west,2542488.823613736,2.9361701278289423,0,0.00525,0.55,7341.436478184663,0.07458304318878192,189626.5537385786,2370331.9217322324
OBL04257,A,healthcare,north,523975.7431230472,4.172324123592961,1,0.0016,0.35,293.4264161489064,0.033109619953026886,17348.637719408936,216857.97149261172
OBL04258,B,healthcare,west,2590686.7952684294,2.294338723016651,0,0.036,0.55,51295.598546314905,0.12980505509334736,336284.242189426,4203553.027367825
OBL04259,BB,energy,south,1340295.8772272805,3.6952549429628907,1,0.018,0.39999999999999997,9650.130316036419,0.09012452719401914,120793.53223520178,1509919.1529400223
OBL04260,BBB,healthcare,east,3796255.4823832363,1.4843449695748538,0,0.004,0.55,8351.76206124312,0.05028545079306972,190896.4182573034,2386205.2282162923
OBL04261,BB,technology,south,861388.4131443874,4.355765728150953,1,0.01275,0.35,3843.9457936568283,0.0772194441589605,66515.93446797862,831449.1808497327
OBL04262,BB,financials,south,173103.63301818483,2.2672375641247853,0,0.0135,0.55,1285.2944751600223,0.09698601452081422,16788.63146550737,209857.8933188421
OBL04263,BB,consumer,north,3345388.644669934,3.8202256742149303,0,0.01575,0.55,28979.429134453305,0.1213392874984479,405927.0745496481,5074088.431870601
OBL04264,BBB,consumer,south,597669.0927496213,2.587776968818852,1,0.00525,0.35,1098.2169579274291,0.04491808315408057,26846.15000675138,335576.87508439226
OBL04265,BB,technology,north,910071.5202486053,1.7345049479737469,0,0.01275,0.55,6381.876535743345,0.0884886526033176,80531.00259945195,1006637.5324931494
OBL04266,BB,consumer,east,737351.0067574388,3.2084374932833444,0,0.01575,0.55,6387.303096036313,0.11366876000795637,83813.77462873633,1047672.1828592041
OBL04267,CCC,real_estate,south,1722638.9058760172,3.404276910093027,1,0.15,0.3,77518.75076442077,0.12343778825599985,212638.73650507108,2657984.2063133884
OBL04268,BBB,consumer,east,1261717.678728947,1.1835732486808936,1,0.00525,0.35,2318.40623466444,0.03466504475677069,43737.49980354776,546718.7475443471
OBL04269,CCC,real_estate,east,749296.2693335129,1.1653971495759108,1,0.15,0.3,33718.332120008075,0.11034865363798153,82683.83449691553,1033547.9312114441
OBL04270,BB,energy,east,1273111.6670731092,4.307793589425126,0,0.018,0.6000000000000001,13749.60600438958,0.1435360901015809,182737.47095437965,2284218.386929746
OBL04271,BBB,industrials,south,1685699.30461847,4.8176398948852555,1,0.005,0.35,2949.973783082322,0.060087118187192014,101288.81334467739,1266110.1668084674
OBL04272,CCC,technology,west,1772122.0337815774,3.1719586163940905,1,0.102,0.35,63264.7566060023,0.12584813320249322,223018.24975841714,2787728.121980214
OBL04273,B,technology,south,4612697.258255057,1.7194862530652135,1,0.03825,0.35,61752.48454488957,0.07977555244405829,367980.4720344902,4599755.900431127
OBL04274,CCC,financials,south,6261977.6360911755,2.1129841304235946,0,0.108,0.55,371961.4715838158,0.1898411719228395,1188781.172990161,14859764.662377013
OBL04275,A,energy,east,2113167.128729963,1.8638147695418135,0,0.0024,0.6000000000000001,3042.960665371147,0.04502046897035974,95135.7751481715,1189197.1893521438
OBL04276,B,consumer,south,2283427.046006361,1.8029293786413882,1,0.04725,0.35,37762.174773330196,0.08631123688844373,197085.41268533433,2463567.6585666793
OBL04277,B,energy,south,4948799.689073326,4.69099341288705,1,0.054,0.39999999999999997,106894.07328398383,0.12795636269379737,633230.4079140181,7915380.098925226
OBL04278,BB,healthcare,north,794579.9447311895,2.910551189418787,0,0.012,0.55,5244.227635225851,0.1012816570046795,80476.37342506154,1005954.6678132692
OBL04279,A,financials,west,1717654.7298239914,1.0622932539394507,1,0.0018000000000000002,0.35,1082.1224797891145,0.01777440651926259,30530.293427625777,381628.6678453222
OBL04280,A,healthcare,east,9984394.2190279,3.7018169185940475,1,0.0016,0.35,5591.260762655623,0.03058747478202964,305397.4063883584,3817467.57985448
OBL04281,B,financials,south,9843341.804295173,2.3352123010072052,0,0.0405,0.55,219260.43869067502,0.1350398701664565,1329243.5992560738,16615544.990700923
OBL04282,B,real_estate,west,2799254.850425166,4.369672767855537,1,0.056249999999999994,0.3,47237.42560092467,0.09507116235289625,266128.4123519033,3326605.154398791
OBL04283,A,financials,south,971132.3652305971,2.244198345596557,1,0.0018000000000000002,0.35,611.8133900952762,0.024354675902576787,23651.614013694023,295645.1751711753
OBL04284,BB,financials,east,3882256.893725773,3.4245134077838486,0,0.0135,0.55,28825.757435913863,0.11150367922905473,432885.927362785,5411074.092034812
OBL04285,BB,real_estate,east,3099002.522614898,2.431969282832156,1,0.01875,0.3,17431.889189708803,0.0596842955243384,184961.78239041776,2312022.279880222
OBL04286,B,industrials,west,4112434.429466962,1.9166368236270204,1,0.045,0.35,64770.84226410465,0.0857198019387581,352517.0647800376,4406463.30975047
OBL04287,BB,real_estate,south,8415814.84476493,4.091508615473474,0,0.01875,0.5,78898.26416967121,0.11829515939660698,995550.1585137985,12444376.981422482
OBL04288,CCC,financials,south,7596023.875739498,4.360663595082064,0,0.108,0.55,451203.8182189262,0.21507390450217936,1633706.513647071,20421331.42058839
OBL04289,B,technology,north,4100292.836202413,1.3461232179877038,1,0.03825,0.35,54892.6703446598,0.07694782542018232,315508.61733172747,3943857.7166465935
OBL04290,B,industrials,west,11314257.24339412,3.31347916691528,1,0.045,0.35,178199.5515834574,0.09618658154588702,1088279.7269728715,13603496.587160893
OBL04291,BB,consumer,south,894982.5041283139,1.01991757749082,1,0.01575,0.35,4933.59105400733,0.054873227467356775,49110.57852833754,613882.2316042192
OBL04292,BB,financials,south,6877853.501841975,2.527694644723275,0,0.0135,0.55,51068.06225117667,0.10025336740624265,689527.9740864761,8619099.676080951
OBL04293,BB,healthcare,north,2535811.2392861084,3.1760375567968575,0,0.012,0.55,16736.35417928832,0.10460444697886337,265257.1323283095,3315714.154103869
OBL04294,BBB,financials,north,3298362.3628256666,2.76262752218974,0,0.0045000000000000005,0.55,8163.446847993527,0.0677685795380642,223525.33213050856,2794066.651631357
OBL04295,BB,real_estate,west,495694.2977601591,4.650217682347705,0,0.01875,0.5,4647.134041501492,0.12463164656685388,61779.196523648985,772239.9565456123
OBL04296,BBB,industrials,west,1063000.843794989,3.0159694344026318,1,0.005,0.35,1860.2514766412305,0.047048126690169556,50012.19837062378,625152.4796327973
OBL04297,BBB,healthcare,west,6222897.375792538,3.692664503475254,1,0.004,0.35,8712.056326109552,0.047273105490505146,294175.68410242826,3677196.051280353
OBL04298,BBB,industrials,south,443655.9228527306,1.1705297854803236,0,0.005,0.55,1220.0537878450093,0.052945153219549505,23489.430812198458,293617.88515248074
OBL04299,BB,real_estate,north,5799547.233064816,1.6787198571415094,0,0.01875,0.5,54370.755309982655,0.09093099812172299,527358.6185566606,6591982.731958257
OBL04300,BB,real_estate,south,7657520.8573431745,3.4599527910473986,1,0.01875,0.3,43073.55482255536,0.06667949717460721,510599.64037170995,6382495.504646374
OBL04301,BBB,technology,east,6593205.056363686,3.0781921343933396,0,0.00425,0.55,15411.616819250117,0.06948980663750307,458160.54448812007,5727006.806101501
OBL04302,BB,industrials,north,3435303.4533912833,1.209648101917419,0,0.015,0.55,28341.253490478088,0.08705875169103501,299073.2303321468,3738415.379151835
OBL04303,BB,financials,west,1088208.731166142,2.3298629934016777,1,0.0135,0.35,5141.786254760022,0.0622183106422525,67706.50887930646,846331.3609913308
OBL04304,A,industrials,east,2844021.8780257916,1.3673812083767767,1,0.002,0.35,1990.8153146180541,0.02079611287080842,59144.5999824729,739307.4997809113
OBL04305,BB,consumer,south,733198.8865220952,4.220829429069287,0,0.01575,0.55,6351.33535449765,0.12636200975785045,92648.48485315008,1158106.060664376
OBL04306,BB,financials,east,1651077.8892145045,4.206935906549093,0,0.0135,0.55,12259.253327417697,0.12131892557632398,200306.99556232858,2503837.4445291073
OBL04307,BB,real_estate,west,4402296.353520871,3.620469305248682,0,0.01875,0.5,41271.52831425817,0.1129529612421725,497252.40939580026,6215655.117447503
OBL04308,CCC,financials,north,779286.8629638379,2.5128771792643234,1,0.108,0.35,29457.043420033075,0.12366481375979643,96370.36477387902,1204629.5596734877
OBL04309,BBB,technology,south,5046132.107602883,2.9572813079368827,1,0.00425,0.35,7506.121510059289,0.0433735310615746,218868.56770992256,2735857.096374032
OBL04310,B,real_estate,north,1499479.903965372,2.901245952239457,1,0.056249999999999994,0.3,25303.723379415645,0.08575212228071433,128583.58408231234,1607294.8010289043
OBL04311,B,energy,east,645344.3185498515,4.369763659486376,0,0.054,0.6000000000000001,20909.155921015194,0.1878493083458346,121227.48388450357,1515343.5485562945
OBL04312,BBB,industrials,east,3095722.3344342853,4.506151587467247,0,0.005,0.55,8513.236419694285,0.09088015361746865,281339.7213104165,3516746.5163802067
OBL04313,BBB,industrials,south,1794858.9369831367,2.775219910029002,0,0.005,0.55,4935.862076703626,0.07119480024998634,127784.62349541724,1597307.7936927155
OBL04314,B,consumer,north,4361928.543627506,2.0675211561509435,0,0.04725,0.55,113355.61802751983,0.13873851402384263,605167.4844210643,7564593.555263303
OBL04315,BB,real_estate,north,631964.3057169989,1.7310558169335302,0,0.01875,0.5,5924.665366096864,0.09152455594533236,57840.25245404859,723003.1556756074
OBL04316,B,industrials,south,899757.9226064101,4.453699963579566,1,0.045,0.35,14171.18728105096,0.10473045182551759,94232.05376815841,1177900.67210198
OBL04317,BBB,industrials,east,4634241.227909534,1.720910818412006,0,0.005,0.55,12744.163376751221,0.05920446735727152,274367.7835034919,3429597.2937936485
OBL04318,BB,technology,north,1804906.1871930175,3.6843472913421556,1,0.01275,0.35,8054.39386034884,0.0718638758178463,129707.55409930146,1621344.4262412682
OBL04319,BBB,healthcare,east,1462098.427150022,2.671509627650719,1,0.004,0.35,2046.9377980100307,0.0402105508531373,58791.783157208025,734897.2894651003
OBL04320,BB,energy,north,1337440.2209799495,2.3605087637957065,0,0.018,0.6000000000000001,14444.354386583454,0.11699333407144552,156471.59057369514,1955894.8821711892
OBL04321,BB,financials,north,749478.606461299,1.8268640241220462,1,0.0135,0.35,3541.286415529638,0.058202878195895945,43621.81204229682,545272.6505287102
OBL04322,A,energy,south,4485329.585305162,3.9372293252999873,0,0.0024,0.6000000000000001,6458.8746028394335,0.0666043782559274,298742.58830216696,3734282.353777087
OBL04323,BBB,technology,south,1375273.410734857,2.0205020888101046,1,0.00425,0.35,2045.7191984680999,0.03680926479800381,50622.803145393205,632785.0393174151
OBL04324,A,financials,east,727927.9846952324,1.6058118930386276,1,0.0018000000000000002,0.35,458.5946303579964,0.020800452422077374,15141.231412351846,189265.39265439808
OBL04325,A,industrials,east,2817842.814056873,3.415444358514968,1,0.002,0.35,1972.489969839811,0.03257871870890566,91801.70840507002,1147521.3550633753
OBL04326,B,consumer,west,6891465.859895314,1.5609325683435165,0,0.04725,0.55,179091.9690340295,0.1327906607031829,915122.3047489272,11439028.80936159
OBL04327,CCC,consumer,north,3214411.656773731,1.1652360830994564,0,0.126,0.55,222758.72781441957,0.1902216545884394,611450.7038798659,7643133.798498324
OBL04328,BBB,consumer,east,453574.6760627134,4.792876172020098,0,0.00525,0.55,1309.696877131085,0.0958869994042283,43491.914693398445,543648.9336674806
OBL04329,BBB,financials,north,2952871.478040576,2.2810566882108465,0,0.0045000000000000005,0.55,7308.356908150427,0.06240273962234561,184267.2699824169,2303340.8747802116
OBL04330,BB,consumer,north,1213651.4748796162,2.1031925542471646,0,0.01575,0.55,10513.255901144676,0.09981133034056022,121136.1682775175,1514202.1034689688
OBL04331,BB,real_estate,south,398455.45843544824,2.4357110005584133,1,0.01875,0.3,2241.3119536993963,0.05970975709040865,23791.678634528034,297395.9829316004
OBL04332,BBB,financials,west,1472113.2711264344,3.7854224871882356,1,0.0045000000000000005,0.35,2318.5784020241344,0.050377688082399806,74161.66319476877,927020.7899346097
OBL04333,BBB,financials,north,9166775.548098624,4.3441434553376785,1,0.0045000000000000005,0.35,14437.671488255333,0.05433935410378671,498116.6624980646,6226458.281225807
OBL04334,BBB,technology,west,4894255.602634466,4.935385665072015,1,0.00425,0.35,7280.205208918769,0.057234645219794676,280120.9830317761,3501512.2878972013
OBL04335,BBB,technology,east,1815795.537433253,2.4718107268055367,1,0.00425,0.35,2700.995861931964,0.03997170692563022,72580.4470591492,907255.588239365
OBL04336,BBB,industrials,south,2175941.3850290184,1.6069710069703302,1,0.005,0.35,3807.897423800782,0.03685096859851366,80185.54765191067,1002319.3456488834
OBL04337,B,industrials,north,4209133.094772526,3.7320335132069484,1,0.045,0.35,66293.84624266729,0.09932288115571118,418063.22614066245,5225790.32675828
OBL04338,BB,industrials,east,964279.2574336401,3.23373540276611,1,0.015,0.35,5062.46610152661,0.07156003470907277,69003.8571311902,862548.2141398776
OBL04339,BB,technology,east,4470844.804362699,3.3539510331678923,1,0.01275,0.35,19951.144939468544,0.06922847046807547,309509.74750617176,3868871.843827147
OBL04340,BBB,financials,north,469899.7567295223,3.7695159736129322,1,0.0045000000000000005,0.35,740.0921168489976,0.05026490138216422,23619.464931512397,295243.31164390495
OBL04341,BB,industrials,west,2012211.4274884819,2.275424276720318,1,0.015,0.35,10564.10999431453,0.06390949516449776,128599.41649502226,1607492.7061877784
OBL04342,A,real_estate,south,2221349.6922915517,4.937866321796073,1,0.0025,0.3,1666.0122692186637,0.039221769670986305,87125.26598977555,1089065.8248721943
OBL04343,BBB,real_estate,north,5910565.696226186,2.3496834910895763,1,0.00625,0.3,11082.310680424098,0.03998384123528522,236327.12040863087,2954089.0051078857
OBL04344,BBB,industrials,east,1825021.4571514681,4.573325429563243,0,0.005,0.55,5018.809007166538,0.09164410105453226,167252.45084587886,2090655.6355734859
OBL04345,BB,healthcare,east,2302848.7389276824,1.445066888716064,1,0.012,0.35,9671.964703496265,0.052779912146550916,121544.15412739864,1519301.926592483
OBL04346,BB,energy,west,1860622.4862581897,1.2121217934388127,1,0.018,0.39999999999999997,13396.481901058964,0.06756004954778146,125703.74736131962,1571296.8420164953
OBL04347,BBB,healthcare,east,11342035.134241514,2.471547729448488,0,0.004,0.55,24952.477295331333,0.06101474640911983,692031.3974790734,8650392.468488418
OBL04348,BBB,technology,west,527397.2912550758,2.5993280812680744,1,0.00425,0.35,784.5034707419254,0.04086525564108796,21552.225131555995,269402.81414444995
OBL04349,BB,consumer,north,566997.1649061356,1.1227419326400847,1,0.01575,0.35,3125.5718715450726,0.05569362717611701,31578.128712197657,394726.60890247073
OBL04350,BBB,technology,east,492496.86556597817,4.130681547545327,0,0.00425,0.55,1151.211423260474,0.08107921649615686,39931.2599869026,499140.7498362825
OBL04351,BB,energy,west,1288674.5429263809,3.615734732498911,1,0.018,0.39999999999999997,9278.45670906994,0.08940191914064814,115209.97728531601,1440124.71606645
OBL04352,B,industrials,north,2611414.3155581746,3.9149539797702335,1,0.045,0.35,41129.77547004125,0.10069353563103588,262952.54043105425,3286906.755388178
OBL04353,A,consumer,east,836227.9384403898,3.0066139453710474,0,0.0021000000000000003,0.55,965.8432688986504,0.048719267680761146,40740.4127750084,509255.159687605
OBL04354,BB,energy,west,5508993.184628739,3.2677732542474285,1,0.018,0.39999999999999997,39664.75092932692,0.08623995861538905,475095.3442548428,5938691.803185535
OBL04355,BBB,financials,east,599505.5226710171,1.0032025409081529,0,0.0045000000000000005,0.55,1483.7761686107676,0.04816441722767201,28874.834124220448,360935.4265527556
OBL04356,CCC,financials,north,2193213.6796058742,2.9937395145385395,0,0.108,0.55,130276.89256858893,0.19972864272311347,438047.5914294467,5475594.892868084
OBL04357,A,industrials,north,1502691.4012495691,4.156907788175756,1,0.002,0.35,1051.8839808746984,0.036844393492648224,55365.753285658066,692071.9160707258
OBL04358,B,technology,east,2206738.909837538,3.778570529061885,1,0.03825,0.35,29542.717155450035,0.09537036956478677,210457.50536420065,2630718.8170525082
OBL04359,BB,financials,south,881160.6337841137,1.2868228212624433,0,0.0135,0.55,6542.617705847044,0.08468701719024825,74622.86574064528,932785.8217580661
OBL04360,BBB,consumer,south,4045570.018743231,4.321212183853888,1,0.00525,0.35,7433.734909440686,0.057575062739106314,232923.94764458903,2911549.345557363
OBL04361,BB,energy,east,1358563.6448299147,3.864198091213189,0,0.018,0.6000000000000001,14672.487364163078,0.1374895955517659,186788.3660589979,2334854.5757374736
OBL04362,BB,consumer,north,4237884.640295469,2.6923578125583756,0,0.01575,0.55,36710.675696559505,0.10719821431637876,454293.6659184834,5678670.823981043
OBL04363,CCC,healthcare,east,1250740.6552767172,1.532482234494141,1,0.096,0.35,42024.88601729769,0.11135628305302944,139277.83043492565,1740972.8804365706
OBL04364,CCC,healthcare,south,6203583.102338845,1.5168007482779302,0,0.096,0.55,327549.1878034911,0.17481069497151533,1084452.6734334026,13555658.417917531
OBL04365,BB,energy,north,819395.252929721,1.359555496661228,0,0.018,0.6000000000000001,8849.468731640987,0.10334969138628786,84684.24651367594,1058553.0814209492
OBL04366,A,financials,south,4228798.180538187,3.415578570830223,0,0.0018000000000000002,0.55,4186.510198732806,0.04851997539435115,205181.18366738973,2564764.795842372
OBL04367,CCC,healthcare,south,714833.295207985,1.3405654081717953,1,0.096,0.35,24018.398718988294,0.1099719506901742,78611.61189230726,982645.1486538408
OBL04368,A,healthcare,south,3103279.728879186,3.0328951763549825,0,0.0016,0.55,2730.886161413684,0.04243129338417704,131676.17262924212,1645952.1578655266
OBL04369,BBB,financials,north,170051.45623905928,2.3570077893369863,1,0.0045000000000000005,0.35,267.83104357651837,0.04024937306377799,6844.464502204613,85555.80627755767
OBL04370,BB,real_estate,south,19993085.892554678,3.4593542902093444,1,0.01875,0.3,112461.10814562006,0.06667542450805507,1333047.48911209,16663093.613901125
OBL04371,CCC,financials,north,2108130.0849355143,4.525956450027724,0,0.108,0.55,125222.92704516955,0.21692950289674542,457315.61136673484,5716445.142084185
OBL04372,BB,industrials,east,2283527.0517169144,3.20573111635413,1,0.015,0.35,11988.517021513799,0.07133646650164051,162898.75103039359,2036234.3878799197
OBL04373,BB,technology,east,3366201.2778782113,2.4675372098029027,1,0.01275,0.35,15021.673202531516,0.0621579916886978,209236.3110528378,2615453.8881604723
OBL04374,B,financials,north,572946.1586476354,1.3688523410347528,0,0.0405,0.55,12762.37568387608,0.12358384688540429,70806.89034388993,885086.1292986241
OBL04375,B,industrials,north,3965755.061973489,2.891285897339312,1,0.045,0.35,62460.64222608245,0.09302301485885334,368906.4920565327,4611331.150706659
OBL04376,CCC,industrials,south,525524.7762385488,3.5205953407242094,0,0.12,0.55,34684.63523174422,0.21289047403379674,111879.21872992962,1398490.2341241203
OBL04377,B,healthcare,east,407817.9677107878,3.577521165282074,1,0.036,0.35,5138.506393155925,0.09236375613130135,37667.59931560213,470844.9914450266
OBL04378,CCC,consumer,south,3322002.535558908,2.909384460245261,1,0.126,0.35,146500.31181814783,0.13329303639248044,442799.8048681658,5534997.560852072
OBL04379,BBB,financials,north,696465.4034111999,2.8680920611083303,1,0.0045000000000000005,0.35,1096.93301037264,0.043873266400460915,30556.212182564053,381952.6522820507
OBL04380,BB,financials,east,9132807.468988117,2.519907859185487,0,0.0135,0.55,67811.09545723676,0.10015568460899772,914702.5844586726,11433782.305733407
OBL04381,CCC,real_estate,west,1557833.9671034184,3.1739551461487965,1,0.15,0.3,70102.52851965383,0.12209126102086637,190197.9135047952,2377473.91880994
OBL04382,BBB,industrials,south,2679416.1020009727,3.098080245399969,1,0.005,0.35,4688.978178501702,0.04764237641002182,127653.75049060376,1595671.881132547
OBL04383,BBB,financials,north,534564.4775552397,1.7861795814293968,1,0.0045000000000000005,0.35,841.9390521495026,0.036201859467130934,19352.228092575057,241902.8511571882
OBL04384,BB,consumer,east,6808237.655433577,4.8140544487284735,1,0.01575,0.35,37530.410075577594,0.08514532379746541,579689.5996619886,7246119.995774857
OBL04385,BB,healthcare,west,491563.07947370707,3.4398360706141236,1,0.012,0.35,2064.5649337895697,0.06866752582814317,33754.42045592237,421930.25569902966
OBL04386,B,financials,south,1106580.4404220383,3.992200862852373,1,0.0405,0.35,15685.777742982393,0.09843474526986538,108925.96377355879,1361574.547169485
OBL04387,B,healthcare,west,10094258.436408216,4.75734564589463,0,0.036,0.55,199866.31704088268,0.15924558898693375,1607466.1300921512,20093326.62615189
OBL04388,BB,technology,east,22356408.319834147,3.0911045168821603,0,0.01275,0.55,156774.31334283698,0.1054929472959547,2358443.4046111065,29480542.55763883
OBL04389,BBB,consumer,east,3073404.7911186526,2.786418450363013,0,0.00525,0.55,8874.45633435511,0.07286478348369564,223942.97466261344,2799287.1832826682
OBL04390,BBB,real_estate,south,1783797.2974878028,3.2274083856308504,0,0.00625,0.5,5574.366554649384,0.07605970823124589,135675.10199060722,1695938.7748825902
OBL04391,BBB,financials,north,2704081.2120919544,2.6492848649605265,1,0.0045000000000000005,0.35,4258.927909044828,0.04232179243827047,114441.56379438253,1430519.5474297816
OBL04392,BBB,real_estate,south,2729017.9277216485,4.56333271691484,0,0.00625,0.5,8528.181024130152,0.09039719711193911,246695.57153426946,3083694.644178368
OBL04393,CCC,technology,north,3372153.5333340736,4.409562529962475,1,0.102,0.35,120385.88114002641,0.1347340444321113,454343.8839921341,5679298.549901676
OBL04394,BBB,industrials,north,1067378.8080019709,1.6217005869143568,0,0.005,0.55,2935.29172200542,0.05807617992099826,61989.28369738312,774866.046217289
OBL04395,B,industrials,east,7590877.368057834,1.4418624230799306,0,0.045,0.55,187874.2148594314,0.1291120848376081,980074.0027365624,12250925.03420703
OBL04396,BBB,financials,west,645459.055462887,1.2836572350981994,1,0.0045000000000000005,0.35,1016.5980123540471,0.032638675305559556,21066.928534286326,263336.60667857906
OBL04397,BB,financials,west,349607.38237654243,1.8127281787022769,0,0.0135,0.55,2595.8348141458277,0.09128433596209685,31913.67774768956,398920.9718461195
OBL04398,B,financials,south,783493.6655357226,3.769062846025182,0,0.0405,0.55,17452.321399808225,0.15203791013672135,119120.73951341062,1489009.2439176328
OBL04399,BB,real_estate,east,11910629.190963883,2.830235829000266,1,0.01875,0.3,66997.28919917184,0.062394411765248646,743156.7021241909,9289458.776552387
OBL04400,BB,real_estate,north,2910853.978334896,2.2413503327056197,1,0.01875,0.3,16373.553628133788,0.05838717549873342,169956.54208422595,2124456.776052824
OBL04401,BB,industrials,north,2227333.2026794236,4.513609073774179,1,0.015,0.35,11693.499314066972,0.08177772275002299,182146.23712063866,2276827.9640079834
OBL04402,A,real_estate,south,22509449.87156119,4.562201068609323,0,0.0025,0.5,28136.812339451484,0.06207276143368017,1397223.7118808005,17465296.398510005
OBL04403,A,consumer,south,540469.9542772457,3.230616562222003,1,0.0021000000000000003,0.35,397.2454163937756,0.032311087044215654,17463.17173743534,218289.64671794174
OBL04404,A,healthcare,east,1623495.2542324262,2.378418544707411,1,0.0016,0.35,909.1573423701586,0.023493422273287524,38141.459566360674,476768.24457950843
OBL04405,A,technology,south,6946906.751463209,4.372400526654902,1,0.0017,0.35,4133.409517120609,0.03521175275644328,244612.7629545891,3057659.5369323636
OBL04406,A,energy,east,5291834.311917508,4.308448595787578,0,0.0024,0.6000000000000001,7620.241409161212,0.07046871066210603,372908.7409983198,4661359.262478998
OBL04407,BBB,consumer,west,5213859.098993725,3.2678966204311295,1,0.00525,0.35,9580.46609440097,0.04988409542334062,260088.64481805573,3251108.060225697
OBL04408,BBB,consumer,west,1375346.6178418675,4.528304952529114,0,0.00525,0.55,3971.313359018393,0.09285129340567397,127702.71234773658,1596283.9043467073
OBL04409,B,healthcare,south,709322.8424066121,3.334695815354919,0,0.036,0.55,14044.59227965092,0.14224053302640519,100894.45919172131,1261180.7398965163
OBL04410,B,financials,north,3947581.0920431195,1.5706439578795126,0,0.0405,0.55,87932.36882526049,0.12597605015980384,497300.67366111727,6216258.420763966
OBL04411,BB,energy,north,7271632.179476987,2.149647245289038,0,0.018,0.6000000000000001,78533.62753835146,0.11411915471760738,829832.5177392667,10372906.471740834
OBL04412,B,technology,south,8203230.994479632,4.129567895951791,1,0.03825,0.35,109820.75493859606,0.09802870648198546,804152.1233617695,10051901.542022118
OBL04413,BBB,technology,west,2721708.9070185814,3.497667552557216,0,0.00425,0.55,6361.9945701559345,0.07410882939058924,201702.66104108718,2521283.2630135897
OBL04414,BB,industrials,west,1056588.7221306646,2.3375876701787632,1,0.015,0.35,5547.090791185989,0.06440576770788477,68050.4078003184,850630.0975039799
OBL04415,A,real_estate,east,9380121.697689686,2.4463822201880636,1,0.0025,0.3,7035.091273267265,0.026102545634604648,244845.05467209025,3060563.1834011283
OBL04416,BB,industrials,east,3559068.0130376113,1.6462991188315472,1,0.015,0.35,18685.107068447458,0.058886964622903014,209582.71217425153,2619783.902178144
OBL04417,B,real_estate,north,11037253.43946254,3.6673085035346276,1,0.056249999999999994,0.3,186253.65179093034,0.09061376573301157,1000127.0974993348,12501588.718741685
OBL04418,A,energy,west,953090.7655071844,4.426773405553147,0,0.0024,0.6000000000000001,1372.4507023303456,0.07170045274336012,68337.0393923808,854212.99240476
OBL04419,CCC,consumer,north,2096502.739306771,2.909292821304262,1,0.126,0.35,92455.7708034286,0.13329239314118144,279447.8673492419,3493098.341865524
OBL04420,BBB,healthcare,north,1579607.2203783737,1.5585182846702685,0,0.004,0.55,3475.1358848324226,0.05109159463385782,80704.65178428678,1008808.1473035847
OBL04421,BBB,technology,south,1443552.1397361078,1.752985870895876,1,0.00425,0.35,2147.2838078574605,0.03493470604567652,50430.06966328828,630375.8707911036
OBL04422,BB,technology,south,1218493.34723132,3.415737166648195,1,0.01275,0.35,5437.526562019765,0.06972130748631361,84954.94933234237,1061936.8666542796
OBL04423,BBB,energy,west,723126.0647603816,3.7009296353138863,1,0.006,0.39999999999999997,1735.5025554249157,0.06390491784333258,46211.31175888458,577641.3969860573
OBL04424,B,consumer,north,12831860.176917389,1.3081192130170112,0,0.04725,0.55,333467.9663476407,0.1298223807395658,1665862.6374846415,20823282.968558017
OBL04425,BB,industrials,east,1031718.8365664296,1.8246195622743122,1,0.015,0.35,5416.523891973755,0.0603105603290222,62223.54113532825,777794.264191603
OBL04426,BB,financials,north,1504100.401179831,1.1763412717970527,1,0.0135,0.35,7106.874395574701,0.05300976583123266,79732.01005320594,996650.1256650743
OBL04427,CCC,real_estate,west,2528349.1992369713,3.3920963704015055,0,0.15,0.5,189626.18994277285,0.2056109621996986,519856.31163195113,6498203.895399389
OBL04428,BBB,consumer,north,358797.23945091385,4.259176963633177,1,0.00525,0.35,659.2899274910542,0.05712210175788485,20495.252422363275,256190.65527954095
OBL04429,B,industrials,north,6143231.472862787,1.3207838633030717,1,0.045,0.35,96755.89569758889,0.08125497336026254,499168.1096733921,6239601.370917401
OBL04430,BBB,healthcare,north,1157318.8698700042,4.512434227431772,1,0.004,0.35,1620.246417818006,0.05294283160411546,61271.73803979285,765896.7254974106
OBL04431,BBB,real_estate,east,256876.35220185536,4.233336414557528,0,0.00625,0.5,802.738600630798,0.08685559059656824,22311.14728078422,278889.3410098027
OBL04432,B,industrials,north,833811.9070769518,1.3497409228700925,1,0.045,0.35,13132.53753646199,0.08147195358141264,67932.28498900257,849153.5623625321
OBL04433,BBB,real_estate,south,3184579.0640337626,3.582305137381259,0,0.00625,0.5,9951.809575105508,0.07986855287376025,254347.7213564505,3179346.5169556313
OBL04434,B,real_estate,east,18986768.456316892,1.412212822271362,1,0.056249999999999994,0.3,320401.71770034754,0.07630230887536775,1448734.2712989808,18109178.39123726
OBL04435,B,real_estate,west,7439848.7017776165,4.539318110469285,0,0.056249999999999994,0.5,209245.74473749544,0.1602462971882652,1192208.206100785,14902602.576259812
OBL04436,BB,technology,east,1979205.711728436,4.589301417733059,0,0.01275,0.55,13879.180053495658,0.12427209347404417,245960.03721227832,3074500.465153479
OBL04437,B,real_estate,south,2426470.723852931,2.963218559948913,1,0.056249999999999994,0.3,40946.69346501821,0.08614541747832327,209029.33350524,2612866.6688155
OBL04438,B,technology,north,6121147.897538363,1.2831668746354352,0,0.03825,0.55,128773.64889446332,0.12016873799272768,735570.6179140235,9194632.723925292
OBL04439,B,healthcare,south,2640685.305710855,1.3057674845283542,0,0.036,0.55,52285.569053074934,0.1179885779317924,311570.70398620423,3894633.799827553
OBL04440,BB,financials,north,423166.2609958182,3.484140418467112,0,0.0135,0.55,3142.00948789395,0.11225168149091592,47501.124347004385,593764.0543375548
OBL04441,A,energy,west,2041440.2680343913,3.6295354844024503,0,0.0024,0.6000000000000001,2939.6739859695235,0.06340133527003891,129430.03886740655,1617875.4858425818
OBL04442,BB,healthcare,west,2872289.2086042436,2.181817521243227,0,0.012,0.55,18957.10877678801,0.09216092907285431,264712.84203090053,3308910.5253862566
OBL04443,BB,financials,north,2417596.2575887763,3.6772277313397086,0,0.0135,0.55,17950.652212596666,0.11467390164098527,277235.1954503494,3465439.9431293677
OBL04444,A,technology,south,4266768.907681775,3.5666143511906974,0,0.0017,0.55,3989.42892868246,0.048410332011341144,206555.69943654214,2581946.2429567766
OBL04445,BBB,healthcare,west,1299463.7842551207,2.880202714207922,0,0.004,0.55,2858.8203253612655,0.0654561644386011,85057.91514421004,1063223.9393026256
OBL04446,B,technology,south,8806679.823654117,2.3041481302955584,0,0.03825,0.55,185270.5267901235,0.13231992145565322,1165299.1825509986,14566239.781887483
OBL04447,BB,technology,west,4511988.929567412,3.5253784004475284,1,0.01275,0.35,20134.750598194572,0.0705958606537948,318527.74174320576,3981596.771790072
OBL04448,BB,consumer,north,2720776.513502707,1.8244314999621962,0,0.01575,0.55,23568.726548217197,0.09631625737770028,262055.01094172872,3275687.636771609
OBL04449,BBB,technology,east,1138050.7876314865,4.965460736834753,1,0.00425,0.35,1692.8505466018364,0.057445389411078775,65375.77066507566,817197.1333134457
OBL04450,A,consumer,north,1182115.669997179,3.7426172232870316,1,0.0021000000000000003,0.35,868.8550174479267,0.0353005798698422,41729.36862412743,521617.1078015929
OBL04451,B,financials,south,2031844.3530825332,2.377709933627167,1,0.0405,0.35,28801.39370494491,0.0862550639664069,175256.86464491655,2190710.808061457
OBL04452,A,financials,north,1792267.1830387115,3.4558000706488152,0,0.0018000000000000002,0.55,1774.3445112083248,0.04887187110703577,87591.45075883801,1094893.134485475
OBL04453,BBB,healthcare,north,6475188.128508961,3.185858488907437,0,0.004,0.55,14245.413882719715,0.06877814782114723,445351.446272327,5566893.078404088
OBL04454,BBB,energy,north,1664130.8440043705,1.9558505115858065,0,0.006,0.6000000000000001,5990.871038415735,0.07352201490472508,122350.25271630206,1529378.1589537757
OBL04455,B,consumer,east,1348891.8995768814,4.45555228800356,0,0.04725,0.55,35054.32824025421,0.1667763720397592,224963.2972852515,2812041.216065644
OBL04456,BB,consumer,west,2815063.303503119,2.431362385554143,0,0.01575,0.55,24385.48586659577,0.10392588467660033,292557.94423719466,3656974.302964933
OBL04457,BB,industrials,north,1728219.5833592631,2.5096536163315273,1,0.015,0.35,9073.15281263613,0.06577943153118627,113681.30175443592,1421016.271930449
OBL04458,BBB,consumer,south,3330996.77230526,1.2657467018750164,0,0.00525,0.55,9618.25318003144,0.055416504878038654,184592.19888118544,2307402.486014818
OBL04459,BBB,consumer,south,665522.7127765876,2.269816746904246,1,0.00525,0.35,1222.8979847269795,0.04259644113209011,28348.899056856826,354361.23821071035
OBL04460,B,real_estate,west,2290294.6259986595,4.781069705207763,1,0.056249999999999994,0.3,38648.721813727374,0.09768200036265422,223720.56048738607,2796507.006092326
OBL04461,CCC,real_estate,north,751131.8803658093,3.357600923202657,1,0.15,0.3,33800.93461646142,0.12316490702020905,92513.08820516968,1156413.602564621
OBL04462,A,technology,south,1414699.6195054124,4.626137329271732,1,0.0017,0.35,841.7462736057203,0.03659891448017293,51776.47038941178,647205.8798676472
OBL04463,BBB,industrials,north,521121.7058022171,1.0500609344033198,1,0.005,0.35,911.9629851538799,0.0328205169370804,17103.483771561896,213793.5471445237
OBL04464,BB,real_estate,south,1184939.256691113,3.9117149717619797,1,0.01875,0.3,6665.283318887511,0.06975363944129614,82653.82567106937,1033172.8208883671
OBL04465,BBB,industrials,north,2611737.7672036267,1.2491138073425874,0,0.005,0.55,7182.278859809974,0.053838865120233004,140612.99737789456,1757662.467223682
OBL04466,A,financials,north,2227174.9488566862,2.95250897725482,0,0.0018000000000000002,0.55,2204.9031993681197,0.044468604724715595,99039.36245349665,1237992.030668708
OBL04467,BBB,industrials,north,465259.93321315455,3.142999165370067,1,0.005,0.35,814.2048831230204,0.04796746217259166,22317.33824682451,278966.72808530636
OBL04468,B,technology,west,842738.2409210636,1.1609739822393017,0,0.03825,0.55,17729.105743376876,0.11871446227009365,100045.2171053887,1250565.2138173587
OBL04469,CCC,financials,west,5022675.852292017,1.5417974607501295,1,0.108,0.35,189857.14721663826,0.11672751902981761,586284.4911290217,7328556.1391127715
OBL04470,B,real_estate,south,2412456.034357679,2.256879819849927,1,0.056249999999999994,0.3,40710.19557978583,0.08166279774302831,197007.9091976993,2462598.8649712414
OBL04471,BBB,consumer,south,446129.88236602605,2.354078081444083,0,0.00525,0.55,1288.2000353319004,0.06790408422899416,30294.04110925389,378675.5138656736
OBL04472,BB,consumer,north,1507106.5225498404,2.926905160725518,1,0.01575,0.35,8307.924705555995,0.07008841705569935,105630.71049983797,1320383.8812479745
OBL04473,BBB,technology,south,801782.8610595703,4.5625686479180025,1,0.00425,0.35,1192.652005826111,0.05462221518481759,43795.15596829455,547439.4496036819
OBL04474,BBB,technology,west,2829233.873685957,2.60732016516404,1,0.00425,0.35,4208.485387107861,0.04092125834228239,115775.81025583939,1447197.6281979925
OBL04475,BBB,consumer,south,14960050.794199351,3.839992567633634,0,0.00525,0.55,43197.14666825063,0.08495355592792972,1270909.511829684,15886368.897871051
OBL04476,BB,real_estate,west,1612922.2398160372,1.8753101995653134,0,0.01875,0.5,15121.145998275348,0.09316058818284739,150260.78455445767,1878259.8069307208
OBL04477,BBB,industrials,north,178173.11133989223,4.023165006230725,1,0.005,0.35,311.80294484481135,0.05433737008120968,9681.458289396302,121018.22861745377
OBL04478,BBB,technology,south,1266544.4557784882,3.432498947324346,0,0.00425,0.55,2960.5476653822166,0.07339123008125398,92953.25556217563,1161915.6945271953
OBL04479,BB,financials,north,1519911.8512009059,3.3090397661201623,1,0.0135,0.35,7181.583496924281,0.07003506261199,106447.12166356106,1330589.0207945132
OBL04480,BBB,real_estate,north,2157192.8462394713,1.0362609778732446,1,0.00625,0.3,4044.7365866990085,0.031526245140396154,68008.19048565449,850102.381070681
OBL04481,A,energy,north,3160813.050119496,4.814286224349098,0,0.0024,0.6000000000000001,4551.570792172074,0.07573439834514932,239382.27463229632,2992278.4329037042
OBL04482,BBB,real_estate,north,1957046.7640301366,1.775651264217669,0,0.00625,0.5,6115.771137594177,0.06047907159015463,118360.37134705909,1479504.6418382386
OBL04483,B,real_estate,north,6096020.161536428,4.563576738223788,1,0.056249999999999994,0.3,102870.34022592721,0.09630173023057342,587057.2890764177,7338216.113455221
OBL04484,BBB,real_estate,east,301325.6925199599,4.66444155507337,1,0.00625,0.3,564.9856734749247,0.05488939414424301,16539.584702515054,206744.8087814382
OBL04485,BB,industrials,east,139336.53500211693,3.416937921757384,0,0.015,0.55,1149.5264137674646,0.11474980906040226,15988.840786630974,199860.50983288718
OBL04486,BB,consumer,south,2650850.6547067044,3.8325298047124394,0,0.01575,0.55,22962.993796396826,0.12149355522405847,322061.27040834056,4025765.880104257
OBL04487,A,real_estate,north,1796905.4787169597,1.6566271156680892,1,0.0025,0.3,1347.6791090377199,0.021943990441181352,39431.276648671366,492890.9581083921
OBL04488,BBB,financials,north,871171.8442260537,3.799538308165028,0,0.0045000000000000005,0.55,2156.1503144594835,0.0793222221007888,69103.28651565281,863791.0814456602
OBL04489,BBB,consumer,west,8164976.87892643,4.5909420371680945,1,0.00525,0.35,15003.145015027314,0.05954454231195606,486179.81124337774,6077247.640542222
OBL04490,B,financials,north,2022348.103064042,3.262964738508277,0,0.0405,0.55,45047.80399575154,0.1460382082219448,295340.09337252163,3691751.1671565203
OBL04491,BB,technology,south,492951.0101469596,2.8445151900547105,0,0.01275,0.55,3456.8189586555545,0.10240207385213745,50479.20574655472,630990.071831934
OBL04492,B,technology,south,1514626.9153417589,4.8802887266897415,1,0.03825,0.35,20277.067829137795,0.1037144155132066,157088.64524524158,1963608.0655655197
OBL04493,BBB,healthcare,west,4976803.55463277,2.5823530847693172,0,0.004,0.55,10948.967820192094,0.06221902121608129,309651.8459539651,3870648.074424564
OBL04494,BB,energy,north,316797.6663419329,4.136212403851081,0,0.018,0.6000000000000001,3421.4147964928757,0.14119732717994146,44730.98374432383,559137.2968040479
OBL04495,BB,real_estate,south,6260241.935203279,3.9460052076998706,0,0.01875,0.5,58689.768142530746,0.11664496159018373,730225.680077044,9127821.000963049
OBL04496,BBB,financials,east,1052902.1099104625,1.2238092662568931,1,0.0045000000000000005,0.35,1658.3208231089784,0.03221431739145992,33918.522750793454,423981.53438491817
OBL04497,B,real_estate,south,398287.4195809776,3.0757308969477366,1,0.056249999999999994,0.3,6721.100205428996,0.08685945168551457,34595.02687804219,432437.83597552736
OBL04498,B,real_estate,north,615439.4705020915,2.8409375800956465,1,0.056249999999999994,0.3,10385.541064722793,0.08536938877931033,52539.69142742594,656746.1428428242
OBL04499,BB,industrials,west,2474702.3312292052,2.983478729878105,1,0.015,0.35,12992.187238953326,0.06956214642395651,172145.6059206725,2151820.074008406
OBL04500,BBB,financials,north,656439.1860226279,2.927499604576254,1,0.0045000000000000005,0.35,1033.891717985639,0.04429450143509807,29076.6464673339,363458.0808416738
OBL04501,A,technology,east,2441646.5623704325,4.97449098255761,1,0.0017,0.35,1452.7797046104072,0.03850334004704379,94011.54786564427,1175144.3483205533
OBL04502,BBB,financials,east,2828570.026592377,2.6273712119724366,1,0.0045000000000000005,0.35,4454.997791882994,0.04216641152472624,119270.64776780002,1490883.0970975002
OBL04503,A,healthcare,south,1282057.2769191752,4.551938939985426,0,0.0016,0.55,1128.2104036888743,0.05522713138773605,70804.34567901838,885054.3209877298
OBL04504,BB,healthcare,south,1114886.9353957125,1.8237176600628566,1,0.012,0.35,4682.525128661992,0.05579572832718318,62205.928562864996,777574.1070358125
OBL04505,BB,industrials,north,4986818.916127775,4.8182685344687055,1,0.015,0.35,26180.799309670816,0.08420992789543315,419939.661354702,5249245.7669337755
OBL04506,BBB,real_estate,east,2503927.9638104145,2.47834809654309,0,0.00625,0.5,7824.774886907546,0.06802059754640458,170318.6763115365,2128983.4538942063
OBL04507,BBB,energy,north,1130835.4942600678,2.975896099949028,1,0.006,0.39999999999999997,2714.0051862241626,0.057718422284471375,65270.0405919715,815875.5073996438
OBL04508,CCC,financials,south,4821816.063680207,2.4310945713186536,0,0.108,0.55,286415.8741826043,0.1934123197719927,932598.6303902473,11657482.879878093
OBL04509,BB,real_estate,north,1032753.5404773263,2.9011737710879544,0,0.01875,0.5,9682.064441974933,0.10479521476183604,108227.62907036793,1352845.363379599
OBL04510,B,consumer,south,1493210.5829491573,4.973637621490978,0,0.04725,0.55,38804.810024391234,0.17285920857681047,258115.19960710916,3226439.9950888646
OBL04511,BB,industrials,south,3309671.892119711,1.6242533772967689,0,0.015,0.55,27304.793109987615,0.09226008880724762,305350.62268981576,3816882.783622697
OBL04512,BBB,healthcare,east,738796.9370239397,3.9639403334535706,0,0.004,0.55,1625.3532614526673,0.07723463767606377,57060.71374722968,713258.921840371
OBL04513,BB,real_estate,north,2642973.442430241,3.5840791551663043,1,0.01875,0.3,14866.725613670105,0.06752414977864939,178464.53458765216,2230806.682345652
OBL04514,BBB,industrials,south,6599003.188659592,2.2614195927966483,1,0.005,0.35,11548.255580154284,0.04158732285030167,274434.8760969566,3430435.9512119577
OBL04515,BBB,industrials,north,3123026.6958867623,3.1393708495176984,1,0.005,0.35,5465.296717801833,0.04794120344182749,149721.65818176558,1871520.7272720698
OBL04516,BBB,real_estate,south,36528035.33475332,4.489110093819582,1,0.00625,0.3,68490.06625266247,0.053760372319895,1963760.7797106188,24547009.746382736
OBL04517,BBB,technology,north,18857938.7915319,1.036476254303209,0,0.00425,0.55,44080.43192520583,0.04700760220522957,886466.4851228993,11080831.06403624
OBL04518,BB,healthcare,north,2808746.9714102396,3.8978483367268906,1,0.012,0.35,11796.737279923005,0.07231542755605452,203115.73813430473,2538946.726678809
OBL04519,BB,consumer,west,8549318.46535496,3.597170166607192,1,0.01575,0.35,47128.11804026922,0.07543622803704966,644928.3373138763,8061604.216423453
OBL04520,CCC,real_estate,east,1444880.5620565733,3.9895997598570543,1,0.15,0.3,65019.625292545796,0.1268597538794659,183297.19248772127,2291214.9060965157
OBL04521,BB,consumer,south,785313.9807483917,4.004268819668512,0,0.01575,0.55,6802.782358232943,0.12364679857930695,97101.55959911013,1213769.4949888766
OBL04522,A,technology,north,77007947.22986744,4.496589871636752,1,0.0017,0.35,45819.72860177112,0.035890687400835515,2763868.1614072095,34548352.01759012
OBL04523,BBB,industrials,east,544810.262131146,4.833428138660246,0,0.005,0.55,1498.2282208606518,0.09460216913263907,51540.2325633281,644252.9070416013
OBL04524,BBB,financials,east,1101789.4268327958,2.586864927326571,1,0.0045000000000000005,0.35,1735.3183472616536,0.04187919772627931,46142.05725905461,576775.7157381825
OBL04525,A,industrials,south,1743452.3235332018,3.6404988285832127,1,0.002,0.35,1220.4166264732412,0.033873467902912235,59056.77632145967,738209.7040182459
OBL04526,BBB,real_estate,west,2458560.848731887,1.2600040643573975,1,0.00625,0.3,4609.801591372288,0.03296700668930004,81051.3919461953,1013142.3993274414
OBL04527,B,consumer,east,4476337.743118729,2.0587905208359345,0,0.04725,0.55,116328.827099298,0.13863600769128862,620581.5937838136,7757269.9222976705
OBL04528,BBB,technology,south,5166078.127578369,3.148137633478255,0,0.00425,0.55,12075.707623214439,0.07026000636258678,362968.6821132766,4537108.526415958
OBL04529,BBB,real_estate,north,1191423.5870996919,4.449691488486161,0,0.00625,0.5,3723.1987096865373,0.08917756976416968,106248.26005726006,1328103.2507157507
OBL04530,BBB,healthcare,east,585977.286366965,1.9560160589699116,1,0.004,0.35,820.368200913751,0.035262023904751263,20662.7450795132,258284.313493915
OBL04531,BB,energy,north,1141373.67765659,4.913156620861967,1,0.018,0.39999999999999997,8217.890479127447,0.10119172074807248,115497.56645862614,1443719.5807328268
OBL04532,BB,industrials,south,9899894.651842725,3.951765564359587,1,0.015,0.35,51974.4469221743,0.07729232560726484,765185.8809078477,9564823.511348097
OBL04533,BBB,industrials,south,20839618.91102311,1.1332301535113154,0,0.005,0.55,57308.95200531356,0.05252095598209779,1094516.7075095375,13681458.843869219
OBL04534,BB,technology,south,746494.1853920413,3.3482569780491547,0,0.01275,0.55,5234.79047506169,0.10871622432687619,81156.02931778987,1014450.3664723734
OBL04535,A,healthcare,south,1941376.3254475172,3.816860821376529,1,0.0016,0.35,1087.1707422506095,0.031204165495312512,60579.02814794601,757237.8518493251
OBL04536,A,financials,west,2662579.712420135,4.974040733352339,1,0.0018000000000000002,0.35,1677.425218824685,0.03955310292706593,105313.2894168712,1316416.11771089
OBL04537,CCC,consumer,west,6322112.256240719,1.6957734800705375,0,0.126,0.55,438122.37935748184,0.1960737481052898,1239600.246023508,15495003.07529385
OBL04538,B,consumer,south,567700.6715829641,4.792336142755839,1,0.04725,0.35,9388.34985630327,0.10864671305854257,61678.81196861622,770985.1496077027
OBL04539,B,energy,east,2757993.591745743,1.3800420716757027,1,0.054,0.39999999999999997,59572.661581708046,0.09988503895562358,275482.2973508837,3443528.7168860463
OBL04540,CCC,consumer,north,297363.5851472438,2.683789705296388,0,0.126,0.55,20607.296450703998,0.20697206249216868,61545.95452799067,769324.4315998834
OBL04541,BB,industrials,south,5601566.387763833,2.9301644543201135,1,0.015,0.35,29408.22353576012,0.06913651954521016,387272.80405142653,4840910.050642831
OBL04542,A,technology,west,1455124.8008587947,3.972728567084162,1,0.0017,0.35,865.7992565109828,0.03302677352344739,48058.0772463149,600725.9655789362
OBL04543,A,energy,west,1458113.5723644248,1.3550532381296945,0,0.0024,0.6000000000000001,2099.683544204772,0.0397243439328029,57922.6050416923,724032.5630211538
OBL04544,A,real_estate,west,2910833.4485075013,1.3614709643143335,1,0.0025,0.3,2183.125086380626,0.020389808468746953,59351.33649949015,741891.7062436269
OBL04545,BBB,consumer,east,3278265.682304921,3.5833100776119235,1,0.00525,0.35,6023.813191235292,0.052187141798395946,171083.31601526216,2138541.450190777
OBL04546,B,healthcare,east,6185219.211382904,2.253104156423981,0,0.036,0.55,122467.34038538151,0.12931217476723753,799824.1476360211,9997801.845450263
OBL04547,B,consumer,east,2281081.6237501004,4.671416532987418,1,0.04725,0.35,37723.387352767284,0.10774325719736597,245771.16407589224,3072139.550948653
OBL04548,BBB,energy,west,5300478.366897712,2.295058746921254,0,0.006,0.6000000000000001,19081.722120831768,0.07786355941075099,412714.1122263404,5158926.402829255
OBL04549,B,real_estate,south,578687.676316403,3.5738679737342074,1,0.056249999999999994,0.3,9765.3545378393,0.09002076645492994,52093.90816002501,651173.8520003125
OBL04550,A,energy,west,1758841.631338379,1.8361482860200642,0,0.0024,0.6000000000000001,2532.731949127266,0.04473246536349505,78677.32235371717,983466.5294214647
OBL04551,CCC,consumer,north,1616982.7206398007,4.461575421508847,0,0.126,0.55,112056.90254033818,0.22658193038007418,366379.06623379025,4579738.327922378
OBL04552,BB,industrials,east,4121990.6470164494,4.393485561735998,1,0.015,0.35,21640.450896836355,0.08081873390589532,333134.06526381173,4164175.8157976465
OBL04553,CCC,real_estate,south,2713408.2602748233,2.4297087822996857,1,0.15,0.3,122103.37171236705,0.11774018285347891,319477.1847208978,3993464.809011223
OBL04554,BBB,financials,north,698911.599166385,3.7773389573658545,0,0.0045000000000000005,0.55,1729.8062079368033,0.0790748687433667,55266.34296729841,690829.2870912302
OBL04555,B,healthcare,north,6360018.4400608875,4.627655001059215,0,0.036,0.55,125928.36511320558,0.15769538553866383,1002945.559938413,12536819.499230161
OBL04556,B,energy,west,12055566.457925605,2.4031456916175777,0,0.054,0.6000000000000001,390600.35323678964,0.16283886695477043,1963114.7825065404,24538934.781331755
OBL04557,BBB,financials,south,3523190.9948639623,4.839267491402355,0,0.0045000000000000005,0.55,8719.89771228831,0.09090726828570132,320283.6689918652,4003545.8623983148
OBL04558,CCC,real_estate,north,11143092.265864749,3.189088655215916,0,0.15,0.5,835731.9199398562,0.2036328931080183,2269100.1162676215,28363751.45334527
OBL04559,BBB,healthcare,north,1517632.4660228256,4.156212728682776,0,0.004,0.55,3338.7914252502164,0.0793243273032324,120385.17446080633,1504814.680760079
OBL04560,BB,healthcare,east,3099646.4302289323,4.337379901432767,1,0.012,0.35,13018.515006961516,0.07581613719418327,235003.21900769716,2937540.2375962143
OBL04561,B,energy,west,1765285.8578867048,3.707187688647463,1,0.054,0.39999999999999997,38130.17453035282,0.11961533737069673,211155.26344683798,2639440.793085475
OBL04562,BBB,technology,west,4465266.274634776,2.425315446462014,0,0.00425,0.55,10437.55991695879,0.06230070294767443,278189.22775829,3477365.3469786253
OBL04563,B,financials,north,6150097.976718934,4.580055109167556,1,0.0405,0.35,87177.6388199909,0.10286950377076307,632657.5270066507,7908219.087583134
OBL04564,A,industrials,east,6066507.563900874,1.1845657228999245,1,0.002,0.35,4246.555294730611,0.019744366587336255,119779.34924650707,1497241.8655813385
OBL04565,B,industrials,north,1836163.0603892596,3.1746363718638837,0,0.045,0.55,45445.03574463418,0.14951547071090127,274534.7842760692,3431684.803450865
OBL04566,BBB,real_estate,east,567065.2805870879,2.2052871007669443,0,0.00625,0.5,1772.0790018346497,0.06509003561335804,36910.29930851242,461378.7413564052
OBL04567,BB,technology,north,1142111.5678362832,3.174310533051992,0,0.01275,0.55,8009.057369451937,0.10653589294593056,121675.87572331518,1520948.4465414397
OBL04568,BBB,real_estate,east,658835.4079298292,1.0427969715367094,0,0.00625,0.5,2058.8606497807164,0.052613887891926205,34663.8922920515,433298.65365064377
OBL04569,B,industrials,east,3011200.4689482697,2.868172650118823,0,0.045,0.55,74527.21160646967,0.14590686522873889,439354.8209995505,5491935.2624943815
OBL04570,BBB,technology,west,1998750.7074703393,1.6191297432690543,1,0.00425,0.35,2973.14167736213,0.03399673982608849,67951.00777907942,849387.5972384927
OBL04571,BB,industrials,south,1760687.5301855833,4.051775516468095,1,0.015,0.35,9243.609533474311,0.07809074072805582,137493.39342284334,1718667.4177855416
OBL04572,B,industrials,east,710443.4681175214,2.73268297858408,1,0.045,0.35,11189.484622850961,0.09183457594616222,65243.274628293395,815540.9328536674
OBL04573,CCC,financials,south,2868836.0487175756,1.3270093443064677,1,0.108,0.35,108442.00264152436,0.11519309457438098,330470.10227831715,4130876.278478964
OBL04574,BBB,technology,east,2205306.3446382885,4.0088263677634846,1,0.00425,0.35,3280.3931876494544,0.05074199272245409,111901.63849041787,1398770.4811302235
OBL04575,B,real_estate,east,1942117.2669610372,1.5954699062660063,0,0.056249999999999994,0.5,54622.04813327917,0.12910884781087226,250744.5226509397,3134306.5331367464
OBL04576,BBB,industrials,east,3387422.2123175673,1.1365089340662458,1,0.005,0.35,5927.988871555742,0.03344615561921628,113296.25046116325,1416203.1307645405
OBL04577,B,industrials,south,1094732.5704794892,3.717079178492254,0,0.045,0.55,27094.631119367357,0.15590272618966583,170671.79218637286,2133397.4023296605
OBL04578,BB,healthcare,south,1139628.9439512475,4.437852615873458,1,0.012,0.35,4786.4415645952395,0.07661636595601715,87314.22822383813,1091427.8527979767
OBL04579,BB,financials,south,11413772.21261906,3.889546446561203,0,0.0135,0.55,84747.25867869653,0.11733737373863508,1339262.0558797305,16740775.69849663
OBL04580,BBB,healthcare,west,466296.9284788336,3.676993961551615,0,0.004,0.55,1025.8532426534339,0.07411599520946126,34560.06091732373,432000.7614665466
OBL04581,CCC,industrials,east,10405826.28911104,4.167356465286291,1,0.12,0.35,437044.7041426637,0.14004417457493673,1457275.3534287326,18215941.91785916
OBL04582,BB,consumer,north,927137.6751794784,1.8484700645922039,1,0.01575,0.35,5110.846434426874,0.061483959118664444,57004.09491810864,712551.186476358
OBL04583,B,consumer,south,925877.9863307896,4.20126268151133,0,0.04725,0.55,24061.2541697714,0.1637907594207892,151650.25851211112,1895628.231401389
OBL04584,B,energy,north,2320506.017117103,4.049448581516533,1,0.054,0.39999999999999997,50122.92996972942,0.12251713668349754,284301.7528740146,3553771.9109251825
OBL04585,CCC,healthcare,west,428615.2822827159,1.0034584920702154,0,0.096,0.55,22630.8869045274,0.16899195461018318,72432.53432875157,905406.6791093947
OBL04586,B,financials,west,255215.65886859712,4.093166279924387,1,0.0405,0.35,3617.6819644623642,0.0991964259831773,25316.48121470662,316456.01518383273
OBL04587,CCC,energy,west,1803965.4656252153,1.4625305529856356,1,0.144,0.39999999999999997,103908.41082001239,0.1474568236895385,266007.0176067136,3325087.72008392
OBL04588,BB,healthcare,west,853141.6584429559,2.4102206701167113,1,0.012,0.35,3583.1949654604146,0.06046701226889733,51586.92712817763,644836.5891022204
OBL04589,A,financials,west,703032.2576119982,3.498007194790431,0,0.0018000000000000002,0.55,696.0019350358784,0.049241138938846386,34618.10907556325,432726.3634445406
OBL04590,BB,industrials,west,1977648.009757265,1.0865837252623005,1,0.015,0.35,10382.65205122564,0.054418556988027784,107620.75092123545,1345259.3865154432
OBL04591,BB,financials,west,9294731.699995352,4.769669760341306,1,0.0135,0.35,43917.607282478035,0.08169524768019559,759335.4083520857,9491692.604401072
OBL04592,A,financials,west,2394537.6181793236,2.39606741696796,0,0.0018000000000000002,0.55,2370.592241997531,0.03960032780049265,94824.47461051212,1185305.9326314013
OBL04593,BBB,financials,west,2473294.5409608986,3.34901583260244,1,0.0045000000000000005,0.35,3895.4389020134154,0.04728330374113191,116945.53702153759,1461819.21276922
OBL04594,CCC,real_estate,north,1869938.5310589042,2.1650603419553374,1,0.15,0.3,84147.23389765069,0.11619297200133574,217273.71538354614,2715921.4422943266
OBL04595,BB,financials,north,2109380.3142399616,3.281386165402043,0,0.0135,0.55,15662.148833231715,0.10970819258954766,231416.30175923827,2892703.7719904785
OBL04596,BB,technology,south,4274839.319632399,1.1940216361818403,0,0.01275,0.55,29977.3107289222,0.08171396556906095,349314.07297770976,4366425.912221372
OBL04597,BB,consumer,west,6344062.918182661,2.4490937128857024,0,0.01575,0.55,54955.4450287573,0.10414819795099628,660722.7206164629,8259034.007705786
OBL04598,B,industrials,north,6060039.557234022,4.450543326438647,0,0.045,0.55,149985.97904154204,0.1645392549447749,997114.3936831495,12463929.921039369
OBL04599,BBB,real_estate,south,655380.4805154288,2.730094699656878,0,0.00625,0.5,2048.064001610715,0.07072240784985726,46350.08563984758,579376.0704980948
OBL04600,BBB,financials,west,1166887.451565709,2.0619322266770177,1,0.0045000000000000005,0.35,1837.8477362159917,0.03815711074148951,44525.05371224723,556563.1714030904
OBL04601,CCC,healthcare,north,1510965.0574686965,1.2968010856456091,1,0.096,0.35,50768.4259309482,0.10965627035524786,165686.79283912,2071084.910489
OBL04602,BB,healthcare,south,2563258.1029965905,1.0584779757214622,0,0.012,0.55,16917.5034797775,0.07810136956956551,200193.96840432013,2502424.605054002
OBL04603,B,healthcare,east,4659187.373835463,1.596883493887959,0,0.036,0.55,92251.91000194217,0.12146831266615625,565943.6286952534,7074295.358690668
OBL04604,BB,healthcare,south,281126.66721762734,3.0950541030590997,1,0.012,0.35,1180.7320023140348,0.06592146239654287,18532.28102165224,231653.512770653
OBL04605,CCC,industrials,east,3769967.5305265784,1.5325040976404676,1,0.12,0.35,158338.6362821163,0.12143280863826629,457797.7457069113,5722471.821336391
OBL04606,BBB,real_estate,east,7465819.17146901,3.556547801131529,1,0.00625,0.3,13998.410946504395,0.04775527104782614,356532.2181275594,4456652.726594493
OBL04607,B,healthcare,east,7019674.750238177,4.4606643292048584,0,0.036,0.55,138989.56005471593,0.15569933165469976,1092958.6670454557,13661983.338068197
OBL04608,A,energy,north,2084610.0867361089,1.7785825480353332,1,0.0024,0.39999999999999997,2001.2256832666642,0.02942214357756647,61333.69727519309,766671.2159399136
OBL04609,BBB,real_estate,north,440636.70453711227,2.0898572320897495,0,0.00625,0.5,1376.989701678476,0.0638512121112301,28135.187685392582,351689.8460674073
OBL04610,BBB,energy,east,5199093.47575861,2.1089563687596953,0,0.006,0.6000000000000001,18716.736512731,0.07548162503151443,392436.0242410045,4905450.303012556
OBL04611,BB,real_estate,east,379775.88601456775,3.206223716420817,1,0.01875,0.3,2136.2393588319437,0.06495292663396639,24667.5552616538,308344.4407706725
OBL04612,A,consumer,south,4283352.980740386,4.0547599748345995,1,0.0021000000000000003,0.35,3148.2644408441843,0.03712313321260881,159011.48330065038,1987643.5412581298
OBL04613,B,real_estate,east,11830552.377240337,3.483928231509572,1,0.056249999999999994,0.3,199640.57136593066,0.08944998413676487,1058242.722473314,13228034.030916426
OBL04614,BBB,financials,north,558974.8071541605,2.4049782627415386,0,0.0045000000000000005,0.55,1383.4626477065474,0.06378351952868153,35653.380528158385,445667.2566019798
OBL04615,BB,industrials,east,2781766.7327760574,2.69811608694499,1,0.015,0.35,14604.275347074301,0.06728399465782549,187168.3779874209,2339604.7248427616
OBL04616,CCC,financials,north,1115018.6270933626,1.8248212267923543,1,0.108,0.35,42147.70410412911,0.11874941202499584,132407.8063642549,1655097.5795531864
OBL04617,A,consumer,north,1096449.575415152,3.317527245872215,0,0.0021000000000000003,0.55,1266.3992596045007,0.05157199945887296,56546.0969099917,706826.2113748962
OBL04618,B,consumer,east,2518085.25721669,4.247736199823414,1,0.04725,0.35,41642.834941221015,0.10457771208028072,263335.5950228066,3291694.9377850825
OBL04619,B,industrials,south,1715456.5498385003,2.7112600352623906,0,0.045,0.55,42457.549608502886,0.1440592216676442,247127.33537439664,3089091.692179958
OBL04620,BB,consumer,west,313435.05749280105,1.5279623140828602,1,0.01575,0.35,1727.8107544290658,0.05892673943280731,18469.705961985266,230871.32452481583
OBL04621,BB,healthcare,west,15375951.712158555,2.6286578996839367,0,0.012,0.55,101481.28130024648,0.09775352030157423,1503053.4078505165,18788167.598131455
OBL04622,BBB,energy,east,5640559.015322198,2.8442478983244874,0,0.006,0.6000000000000001,20306.01245515992,0.08489266099104084,478842.0642877065,5985525.803596332
OBL04623,B,consumer,north,3672941.830543558,2.0129610436271417,1,0.04725,0.35,60741.275522614094,0.08788049715257681,322779.95408066345,4034749.426008293
OBL04624,BB,financials,west,2552300.0696268803,2.4224489486999095,1,0.0135,0.35,12059.61782898701,0.06295742279095902,160686.23457289365,2008577.9321611705
OBL04625,BBB,consumer,north,479951.6659875284,3.3314686241236946,1,0.00525,0.35,881.9111862520834,0.050348277497142394,24164.73966435588,302059.2458044485
OBL04626,B,technology,west,2254029.579225526,1.9276306136232386,0,0.03825,0.55,47419.14727295701,0.12783880743252415,288152.4533258255,3601905.666572819
OBL04627,BB,industrials,south,647507.8288422818,1.2117567498168622,1,0.015,0.35,3399.4161014219794,0.055417857891712566,35883.496842552915,448543.71053191146
OBL04628,BBB,technology,north,1281246.4060147905,3.5851610144508763,1,0.00425,0.35,1905.854028947001,0.04777325459396943,61209.31075215292,765116.3844019114
OBL04629,BBB,financials,west,2266758.368182701,3.127173100974068,0,0.0045000000000000005,0.55,5610.226961252187,0.07183048088200109,162822.3436298635,2035279.2953732936
OBL04630,B,industrials,south,9905451.306519097,1.9275885077872794,0,0.045,0.55,245159.91983634766,0.1348315018117397,1335566.875781029,16694585.947262863
OBL04631,CCC,real_estate,south,1828800.7544140806,2.4225325868656236,0,0.15,0.5,137160.05658105604,0.196163714587106,358744.3492255678,4484304.365319598
OBL04632,B,industrials,south,3184030.6301203207,1.711045255556657,0,0.045,0.55,78804.75809547794,0.1322817084375838,421189.0114699125,5264862.643373906
OBL04633,CCC,financials,west,657303.9609339532,2.156161015921267,1,0.108,0.35,24846.08972330343,0.12111646977435682,79610.33531702215,995129.1914627769
OBL04634,BB,real_estate,west,426841.76411422953,4.239064152622302,1,0.01875,0.3,2400.984923142541,0.07198117861081443,30724.573261261477,384057.16576576844
OBL04635,BB,real_estate,east,13149173.516812405,3.9480180398336193,0,0.01875,0.5,123273.50172011628,0.11666778972337066,1534085.010895584,19176062.6361948
OBL04636,BBB,technology,east,2054540.1342862996,4.097606266923292,1,0.00425,0.35,3056.128449750871,0.05136409757388448,105529.5999269432,1319119.99908679
OBL04637,B,industrials,north,951523.2203189464,1.6217192384688528,0,0.045,0.55,23550.199702893926,0.13122989599750995,124868.29324167108,1560853.6655208885
OBL04638,B,healthcare,west,1020914.205791304,2.3071715352799163,1,0.036,0.35,12863.518992970428,0.08270082978414069,84430.45195735781,1055380.6494669728
OBL04639,A,healthcare,north,5605993.852865843,3.7110379341127886,1,0.0016,0.35,3139.356557604872,0.030636903865187543,171750.29473908315,2146878.6842385395
OBL04640,BB,consumer,south,4433445.159962947,2.9415291686678833,1,0.01575,0.35,24439.36644429574,0.070205096920498,311250.44714691147,3890630.5893363934
OBL04641,BBB,financials,south,5449709.613527109,4.78518577868475,1,0.0045000000000000005,0.35,8583.292641305197,0.057466608110710395,313176.3266777334,3914704.0834716675
OBL04642,BB,energy,south,892187.1222947242,2.500276176845738,0,0.018,0.6000000000000001,9635.620920783022,0.1188984546253178,106079.67007745213,1325995.8759681517
OBL04643,B,consumer,north,3636455.852472015,2.0192478570849235,1,0.04725,0.35,60137.88866025595,0.08792746933911823,319744.3604712901,3996804.5058911266
OBL04644,BB,industrials,south,1128024.5973798283,2.327132239310342,0,0.015,0.55,9306.202928383584,0.10107789728748816,114018.35439171847,1425229.4298964809
OBL04645,CCC,consumer,north,541275.3429806072,2.895737485518622,1,0.126,0.35,23870.24262544478,0.13319724268158753,72096.38321654746,901204.7902068433
OBL04646,BB,consumer,west,1153401.9393909522,2.0438321010794422,0,0.01575,0.55,9991.344299974124,0.0990670760348008,114264.15762833017,1428301.9703541272
OBL04647,BBB,real_estate,north,1080539.40849971,3.1359067559940588,0,0.00625,0.5,3376.685651561594,0.07507768884080489,81124.4014915686,1014055.0186446075
OBL04648,BB,energy,north,1095388.3153832192,1.9501913682190937,1,0.018,0.39999999999999997,7886.795870759177,0.07426696110614464,81351.16141469084,1016889.5176836355
OBL04649,A,energy,south,4988014.041647374,2.7386800991880995,0,0.0024,0.6000000000000001,7182.740219972218,0.054127675177498974,269989.60382709285,3374870.047838661
OBL04650,B,energy,north,12442818.451858388,4.517353716106237,1,0.054,0.39999999999999997,268764.87856014114,0.12648418879578133,1573819.798216488,19672747.4777061
OBL04651,BBB,real_estate,east,2094892.6914045622,3.149144750632903,0,0.00625,0.5,6546.539660639257,0.07521976245717107,157577.33062071496,1969716.632758937
OBL04652,BB,energy,east,769625.5974875673,3.707000832039673,1,0.018,0.39999999999999997,5541.304301910484,0.09023126325509546,69444.28989476083,868053.6236845105
OBL04653,BBB,healthcare,east,9967124.652607283,2.8880573394573674,0,0.004,0.55,21927.674235736024,0.06554153149760869,653260.6143594523,8165757.6794931535
OBL04654,BB,real_estate,south,4804110.233780243,2.401165168247888,1,0.01875,0.3,27023.120065013867,0.05947468030050173,285722.9202824486,3571536.503530607
OBL04655,A,financials,north,2023422.774247939,2.437997115865295,1,0.0018000000000000002,0.35,1274.7563477762017,0.025433652652507983,51463.032009396156,643287.9001174519
OBL04656,BB,consumer,west,883932.879047565,4.1926150075793025,0,0.01575,0.55,7657.068564749532,0.12600826069500048,111382.8446599079,1392285.558248849
OBL04657,CCC,technology,south,3231352.309032517,3.6467815392446234,0,0.102,0.55,181278.86453672423,0.20311866021409364,656347.9516904027,8204349.396130034
OBL04658,BBB,technology,west,474850.1613761376,3.4304617705788383,1,0.00425,0.35,706.3396150470047,0.04668923500128918,22170.390774890577,277129.8846861322
OBL04659,B,financials,north,3327396.168126445,2.620913070470366,1,0.0405,0.35,47165.84068319236,0.08808978266635842,293109.6052951323,3663870.066189154
OBL04660,BBB,technology,east,4222751.71232688,2.759282058896011,1,0.00425,0.35,6281.343172086234,0.04198609657951715,177296.8612250778,2216210.7653134726
OBL04661,BB,healthcare,south,536823.4574957642,2.043289839566711,1,0.012,0.35,2254.65852148221,0.057544541169711215,30891.259550731724,386140.7443841465
OBL04662,B,technology,east,1015910.0705618685,3.0203991897292175,1,0.03825,0.35,13600.496069647013,0.08962823286795453,91054.22437721926,1138177.8047152408
OBL04663,BB,industrials,north,1409011.9231633344,4.310352624146148,0,0.015,0.55,11624.348366097509,0.12595794201879967,177476.24212160468,2218453.0265200585
OBL04664,BBB,energy,south,2296791.714317889,4.2592248519489555,1,0.006,0.39999999999999997,5512.300114362933,0.06866868491033894,157717.66653517232,1971470.831689654
OBL04665,BBB,industrials,west,6071667.987748347,3.846865229150597,1,0.005,0.35,10625.418978559606,0.05306145900607391,322171.5620304002,4027144.525380003
OBL04666,B,financials,north,733969.232231278,1.591971416630022,1,0.0405,0.35,10404.013866878366,0.08032747121773166,58957.89237675859,736973.6547094823
OBL04667,BBB,financials,south,2306404.7121387976,2.919388537675108,1,0.0045000000000000005,0.35,3632.587421618606,0.04423698911683678,102028.40014990506,1275355.0018738133
OBL04668,BBB,energy,north,798591.2902417704,3.3201044858412785,1,0.006,0.39999999999999997,1916.6190965802489,0.060655450086328284,48438.91414463621,605486.4268079527
OBL04669,CCC,financials,north,10259802.441505468,3.5928020663944973,1,0.108,0.35,387820.5322889067,0.13137968730254115,1347929.6365508365,16849120.456885457
OBL04670,B,industrials,south,622449.1300115356,2.311030300587022,1,0.045,0.35,9803.573797681685,0.0886750600046841,55195.71395363633,689946.4244204542
OBL04671,B,energy,west,4419450.680575305,3.9443627377441466,0,0.054,0.6000000000000001,143190.2020506399,0.1824392770155155,806281.3869698865,10078517.33712358
OBL04672,BBB,financials,south,266647.50569640606,3.2710741479233736,1,0.0045000000000000005,0.35,419.96982147183957,0.046730650553861296,12460.611409757492,155757.64262196864
OBL04673,BBB,financials,north,6534946.905545173,4.854188590757178,1,0.0045000000000000005,0.35,10292.541376233648,0.05795587934188131,378738.5943633767,4734232.429542208
OBL04674,B,energy,north,4794560.044186855,3.2010854791061645,0,0.054,0.6000000000000001,155343.74543165413,0.1729866570261733,829394.9139551457,10367436.424439322
OBL04675,B,healthcare,west,2569530.677526107,2.9616135565663906,1,0.036,0.35,32376.086536828945,0.08767884914261243,225293.49264212625,2816168.658026578
OBL04676,B,energy,east,1075495.23702903,3.9718665073850876,1,0.054,0.39999999999999997,23230.697119827044,0.12185937059309464,131059.17266022872,1638239.658252859
OBL04677,A,technology,south,1464929.8075772054,4.552756912076218,1,0.0017,0.35,871.6332355084371,0.036197748764537095,53027.16113236135,662839.5141545169
OBL04678,BBB,healthcare,south,886247.9288578827,1.0824060957465784,1,0.004,0.35,1240.7471004010358,0.029219925646118562,25896.098585253905,323701.23231567384
OBL04679,BBB,industrials,north,3896140.359686248,3.566154045338424,0,0.005,0.55,10714.385989137183,0.08018985080392453,312430.91415438906,3905386.426929863
OBL04680,BBB,industrials,south,2787105.6032547075,3.48150284577826,0,0.005,0.55,7664.540408950446,0.07922713875812656,220814.40236261275,2760180.0295326593
OBL04681,B,healthcare,east,1785377.5110829493,3.820902692835065,0,0.036,0.55,35350.4747194424,0.148052205711037,264329.0785427121,3304113.481783901
OBL04682,BB,technology,north,938145.9181607413,2.102118890575528,0,0.01275,0.55,6578.748251102199,0.09309650886126464,87338.1097832107,1091726.3722901337
OBL04683,BBB,energy,south,5262142.240797734,2.2686633161492034,1,0.006,0.39999999999999997,12629.14137791456,0.05168381524542335,271967.5873685281,3399594.8421066017
OBL04684,BB,technology,west,6698907.794365141,3.7498667283945024,0,0.01275,0.55,46976.090907985556,0.11375020097173368,762002.1079001479,9525026.348751849
OBL04685,B,industrials,south,3914672.882531055,2.999952345182522,0,0.045,0.55,96888.15384264362,0.1474585690563134,577252.061581583,7215650.769769788
OBL04686,BBB,healthcare,west,1675543.738164903,1.1198504227516142,0,0.004,0.55,3686.1962239627865,0.0463239852236204,77617.86336828065,970223.2921035081
OBL04687,B,healthcare,south,2204195.1526362207,2.9594704018656377,0,0.036,0.55,43643.06402219717,0.13775543133994375,303639.8540088157,3795498.1751101967
OBL04688,CCC,healthcare,east,921694.6355205472,4.02409269715068,0,0.096,0.55,48665.476755484895,0.20323087796663145,187316.80999397516,2341460.1249246895
OBL04689,B,industrials,north,1993642.5652459401,3.732710646123194,1,0.045,0.35,31399.870402623557,0.09932795502896047,198024.43906457012,2475305.4883071263
OBL04690,BBB,healthcare,east,1157771.9142729344,3.535567543975747,1,0.004,0.35,1620.8806799821082,0.04618658484011529,53473.530744069576,668419.1343008697
OBL04691,A,financials,north,1239159.0615804854,1.5179743539820305,1,0.0018000000000000002,0.35,780.6702087957059,0.02031141597317824,25169.075156694427,314613.43945868034
OBL04692,BB,financials,north,8217556.287507863,4.114247945994407,0,0.0135,0.55,61015.355434745885,0.12015618400421182,987390.2053467626,12342377.566834532
OBL04693,BB,technology,west,1148009.5447861382,3.279527685177127,0,0.01275,0.55,8050.416932812795,0.10785473713729017,123818.26768400909,1547728.3460501137
OBL04694,BBB,consumer,west,1590651.8069367018,3.558341221263133,1,0.00525,0.35,2922.8226952461896,0.05200482733845711,82721.572575348,1034019.6571918499
OBL04695,A,consumer,west,625087.6533309183,1.1395251266075346,0,0.0021000000000000003,0.55,721.9762395972108,0.03158811376338828,19745.33990550646,246816.74881883073
OBL04696,BB,financials,north,5266129.553085554,4.0584578931996855,1,0.0135,0.35,24882.462138329243,0.0760176551164489,400318.82016499684,5003985.25206246
OBL04697,A,energy,north,337301.525141615,1.616606763522089,1,0.0024,0.39999999999999997,323.80946413595035,0.028298049144486366,9544.975134967624,119312.18918709531
OBL04698,BB,healthcare,north,3885714.260670838,2.5973277484693833,0,0.012,0.55,25645.714120427532,0.09736139654255224,378318.56698422367,4728982.087302796
OBL04699,BBB,technology,south,968435.863712585,4.7615757411192785,0,0.00425,0.55,2263.7188314281675,0.08802626156416982,85247.78864728671,1065597.3580910838
OBL04700,BBB,consumer,south,523354.0887809494,1.4943050521248544,1,0.00525,0.35,961.6631381349945,0.03693390722044745,19329.5113584774,241618.8919809675
OBL04701,BB,real_estate,west,8293587.305733865,3.7043240024607598,1,0.01875,0.3,46651.428594752986,0.0683423895145094,566803.5741210544,7085044.67651318
OBL04702,BB,energy,south,1021897.1329747548,2.928125137990781,1,0.018,0.39999999999999997,7357.659357418233,0.08315354243656725,84974.36661262267,1062179.5826577835
OBL04703,BB,consumer,south,914441.9121527006,2.268503284908233,1,0.01575,0.35,5040.861040741762,0.06483525785636782,59288.07716909039,741100.96461363
OBL04704,BBB,healthcare,north,776737.8662107753,2.419555316949938,1,0.004,0.35,1087.4330126950854,0.03846797376951146,29879.531863182405,373494.1482897801
OBL04705,BB,real_estate,north,1366246.5273035574,1.607409239450952,1,0.01875,0.3,7685.13671608251,0.05407334580567988,73877.52092669452,923469.0115836815
OBL04706,A,industrials,south,1502781.7911802204,4.7905612438684955,1,0.002,0.35,1051.9472538261543,0.04048983230925502,60847.38272228902,760592.2840286128
OBL04707,BBB,energy,north,6647758.65563069,1.9993384773663125,0,0.006,0.6000000000000001,23931.93116027049,0.07407861972514133,492456.7854749827,6155709.818437284
OBL04708,BB,real_estate,south,1461427.2582427533,4.18660151212875,1,0.01875,0.3,8220.528327615488,0.07162418188234054,104673.53175218923,1308419.1469023654
OBL04709,BBB,financials,north,3789683.1444179206,3.6366224291396407,1,0.0045000000000000005,0.35,5968.750952458225,0.04932260662393226,186917.05096147177,2336463.137018397
OBL04710,A,industrials,west,2048632.0822387326,2.3974606684433635,1,0.002,0.35,1434.0424575671127,0.02672220956322032,54743.97581951982,684299.6977439978
OBL04711,BB,consumer,east,875471.7803306017,4.8880012466520615,1,0.01575,0.35,4826.038189072442,0.08573531953721207,75058.85283245608,938235.6604057009
OBL04712,A,industrials,west,2486906.403865725,1.0222121627687026,1,0.002,0.35,1740.8344827060073,0.018810338744831036,46779.55188340387,584744.3985425483
OBL04713,B,consumer,south,265302.4241841648,4.81939581604408,1,0.04725,0.35,4387.438839945626,0.10884889052570944,28877.874526227482,360973.43157784356
OBL04714,A,industrials,west,2175666.467069948,3.9251154454454453,0,0.002,0.55,2393.233113776943,0.05580281298907504,121408.3089885059,1517603.8623563237
OBL04715,BB,industrials,south,2650515.007571118,1.4110511192301067,1,0.015,0.35,13915.203789748368,0.05700889593016096,151102.93422795166,1888786.6778493957
OBL04716,BBB,consumer,north,1710137.4383855902,2.006429128290849,1,0.00525,0.35,3142.3775430335218,0.040673270492181925,69556.8826102642,869461.0326283026
OBL04717,BBB,real_estate,west,648477.7129538858,1.4634759397786294,0,0.00625,0.5,2026.492852980893,0.057128724464827765,37046.70458492421,463083.8073115527
OBL04718,B,technology,west,4230430.031707732,1.308152559279434,1,0.03825,0.35,56634.882049487256,0.07666024832321165,324305.81674468686,4053822.7093085856
OBL04719,BB,industrials,north,9086168.298952363,3.1851713510307103,1,0.015,0.35,47702.3835694999,0.07117233056148604,646683.7737103329,8083547.171379162
OBL04720,A,healthcare,south,559047.7470696433,1.063709254634607,1,0.0016,0.35,313.0667383590002,0.016445947437636513,9194.069863436467,114925.87329295583
OBL04721,A,consumer,south,1658376.4754075375,4.357991295507926,1,0.0021000000000000003,0.35,1218.9067094245402,0.038893654086102444,64500.32097903054,806254.0122378818
OBL04722,B,energy,west,2307633.21461072,1.5061422309185812,1,0.054,0.39999999999999997,49844.877435591545,0.10095415717233741,232965.16624391687,2912064.578048961
OBL04723,BB,healthcare,north,3764634.6389085087,3.890904614033223,1,0.012,0.35,15811.465483415735,0.07226012332102312,272032.9632661242,3400412.0408265525
OBL04724,B,technology,north,5312575.424386965,1.5140078405459714,0,0.03825,0.55,111763.30549054078,0.12291608610709072,653000.9783143622,8162512.228929528
OBL04725,BB,consumer,north,1708919.0259334831,4.381944703841516,0,0.01575,0.55,14803.511062148798,0.1283820539214965,219394.5345348637,2742431.681685796
OBL04726,BB,real_estate,north,510906.8494961402,2.419487908368332,1,0.01875,0.3,2873.8510284157887,0.05959936251661092,30449.72253534003,380621.5316917504
OBL04727,B,healthcare,north,284822.7058508906,4.274904028250029,1,0.036,0.35,3588.7660937212213,0.09766840540381694,27818.179503256884,347727.24379071104
OBL04728,BBB,financials,east,4514256.164683092,4.893439900739422,0,0.0045000000000000005,0.55,11172.784007590657,0.09151087725834152,413103.541799026,5163794.272487825
OBL04729,B,consumer,north,2736914.995637544,4.610095576967334,1,0.04725,0.35,45261.731740355885,0.10728509514048042,293630.18569838145,3670377.321229768
OBL04730,BBB,real_estate,south,6888932.51101769,4.9589064091630295,1,0.00625,0.3,12916.748458158168,0.05678555838306978,391191.87930142257,4889898.491267782
OBL04731,A,industrials,north,2867937.287206751,4.611701170158531,0,0.002,0.55,3154.731015927426,0.062009894099966184,177840.4874650349,2223006.0933129364
OBL04732,CCC,industrials,south,1594117.9021371272,4.528165445463102,0,0.12,0.55,105211.7815410504,0.224074338110179,357200.9137909639,4465011.422387049
OBL04733,A,healthcare,west,10567169.475355843,2.4436197662434793,1,0.0016,0.35,5917.614906199272,0.023842932215522514,251952.30551084797,3149403.8188855997
OBL04734,A,consumer,north,1019496.3294676867,3.057768022913281,0,0.0021000000000000003,0.55,1177.5182605351783,0.049188623164587345,50147.62076786603,626845.2595983254
OBL04735,BB,energy,east,3495533.8972123377,2.37902952222157,1,0.018,0.39999999999999997,25167.844059928826,0.07816385601961205,273224.4082533786,3415305.103167232
OBL04736,A,energy,east,2818038.6529708477,3.8630503755137813,1,0.0024,0.39999999999999997,2705.3171068520132,0.04388812494536471,123678.43250245183,1545980.406280648
OBL04737,B,technology,south,1545843.5575903412,1.6246817478301714,1,0.03825,0.35,20694.98062724069,0.07905753476085978,122210.58078904953,1527632.259863119
OBL04738,BB,energy,east,1085056.8983473962,1.8288060426497164,1,0.018,0.39999999999999997,7812.409668101252,0.07316392059222114,79387.01674873066,992337.7093591333
OBL04739,BB,real_estate,north,2484125.2177997017,4.978644413846167,0,0.01875,0.5,23288.6739168722,0.12835643267449473,318853.451273522,3985668.140919025
OBL04740,B,financials,west,2444916.1337463325,1.657277509769365,0,0.0405,0.55,54460.506879199565,0.1270030753144871,310511.8678717901,3881398.348397376
OBL04741,BBB,consumer,west,4398996.292843119,3.5532788914342093,0,0.00525,0.55,12702.101795584507,0.08166378605658578,359238.69212245446,4490483.651530681
OBL04742,BBB,industrials,east,583528.1428232905,2.7358185246934523,1,0.005,0.35,1021.1742499407584,0.045020627538852734,26270.803176485824,328385.0397060728
OBL04743,B,financials,west,6121169.265995627,3.1535841092656245,0,0.0405,0.55,136349.04540005262,0.1447415205620632,885987.3471779753,11074841.839724692
OBL04744,B,healthcare,west,707516.9844213101,3.101111152433725,0,0.036,0.55,14008.836291541942,0.13944847543132627,98662.16481932111,1233277.060241514
OBL04745,BB,technology,west,431662.6572700478,1.1295656384980286,1,0.01275,0.35,1926.2946080675881,0.05148566308442421,22224.43813833296,277805.476729162
OBL04746,BB,industrials,east,1372503.4018990723,3.762554811221996,0,0.015,0.55,11323.153065667348,0.1190856679167987,163445.48433322943,2043068.5541653677
OBL04747,BB,technology,south,400109.94115981273,3.7439452528945973,1,0.01275,0.35,1785.490612425664,0.07233925888537457,28943.65661617168,361795.707702146
OBL04748,A,industrials,north,1573199.1075324393,1.4945193289485585,1,0.002,0.35,1101.2393752727075,0.021527544595261208,33867.11394462972,423338.92430787144
OBL04749,BB,technology,north,1718003.007846597,4.500115155603163,1,0.01275,0.35,7666.588422515438,0.0783708471907202,134641.35120114332,1683016.8900142915
OBL04750,BBB,technology,north,1525431.4444829489,3.7094830124358844,1,0.00425,0.35,2269.0792736683866,0.048644412579255884,74203.71654679884,927546.4568349855
OBL04751,BB,consumer,south,4569101.124967372,4.755915740176138,1,0.01575,0.35,25187.16995138264,0.0846814552957394,386918.1326556371,4836476.658195464
OBL04752,B,technology,east,1443819.7682918983,1.3628301921706987,0,0.03825,0.55,30374.35837544081,0.1211168490195167,174870.90088760343,2185886.261095043
OBL04753,B,consumer,north,1265661.499560483,1.7641204563208963,1,0.04725,0.35,20930.87704898149,0.0860212744216152,108873.81517856532,1360922.6897320664
OBL04754,BB,real_estate,north,3211626.2200911976,2.0274200511691305,0,0.01875,0.5,30108.995813354977,0.09488571165103823,304737.43945048726,3809217.993131091
OBL04755,BBB,consumer,north,461490.3104290126,4.391052358969732,0,0.00525,0.55,1332.553271363774,0.09127644893700132,42123.196754794655,526539.9594349331
OBL04756,B,financials,south,884739.5396238872,4.268720158925486,1,0.0405,0.35,12541.182974168602,0.10052080028538872,88934.72656711952,1111684.082088994
OBL04757,BBB,technology,south,864875.9575735003,4.535386679881247,1,0.00425,0.35,1286.502986890582,0.05443174375663257,47076.70650391299,588458.8312989124
OBL04758,BBB,technology,south,674092.5343259418,1.3034185813862758,1,0.00425,0.35,1002.7126448098385,0.031784466019554154,21425.67125131804,267820.8906414755
OBL04759,BB,technology,north,447834.92932897183,2.879364580729734,0,0.01275,0.55,3140.442441919415,0.10283889347266391,46054.84859060011,575685.6073825014
OBL04760,BBB,industrials,east,1317035.1287214383,2.4871513685025204,1,0.005,0.35,2304.811475262517,0.04322098159566857,56923.55105931827,711544.3882414784
OBL04761,BB,technology,north,2077840.1976899032,3.4510138650213826,1,0.01275,0.35,9272.361882191191,0.0700026920277993,145454.4074418679,1818180.0930233486
OBL04762,BBB,healthcare,east,1006670.4149209453,1.9628802400467364,1,0.004,0.35,1409.3385808893233,0.03530949824487691,35545.02724882063,444312.8406102579
OBL04763,BB,industrials,west,821142.3926924323,3.944892652245087,0,0.015,0.55,6774.424739712566,0.121373146240213,99664.635712297,1245807.9464037125
OBL04764,BB,financials,south,6962175.099592712,1.6553127316723648,0,0.0135,0.55,51694.15011447589,0.08930960824925321,621789.1307073305,7772364.133841632
OBL04765,CCC,industrials,south,1475878.0637268375,3.6241398879296027,1,0.12,0.35,61986.87867652717,0.1362071465014876,201025.1396443732,2512814.245554665
OBL04766,B,financials,south,1306829.0598190294,3.6680830317658892,1,0.0405,0.35,18524.30192293474,0.09598960803438024,125442.00921996628,1568025.1152495784
OBL04767,B,technology,west,12765614.243903352,3.160259885260746,0,0.03825,0.55,268556.60965611675,0.1425089145852314,1819213.8299124362,22740172.873905454
OBL04768,B,industrials,north,1469503.477953942,4.165029451082992,1,0.045,0.35,23144.67977777459,0.10256739409183956,150723.14234263083,1884039.2792828854
OBL04769,A,technology,east,6597601.532640075,1.7025697298027564,1,0.0017,0.35,3925.5729119208445,0.02061597062301515,136015.95937926753,1700199.492240844
OBL04770,A,industrials,east,2049076.5797283093,1.5662169946846127,1,0.002,0.35,1434.3536058098166,0.021940024715721644,44956.790803645476,561959.8850455685
OBL04771,B,energy,north,2028350.1081683906,4.816601425778424,0,0.054,0.6000000000000001,65718.54350465587,0.19353196250020105,392550.5770713237,4906882.213391546
OBL04772,B,consumer,north,1886755.6706539073,1.6089844133692988,0,0.04725,0.55,49032.06299111842,0.1333548371036767,251607.99511449013,3145099.9389311266
OBL04773,B,real_estate,east,1605913.5495890349,1.9476925300392964,1,0.056249999999999994,0.3,27099.79114931496,0.07970061024215125,127992.2898983853,1599903.6237298162
OBL04774,BB,consumer,west,483890.63904236275,2.5913051876799575,0,0.01575,0.55,4191.702660704467,0.10593122851757511,51259.12986191198,640739.1232738997
OBL04775,B,real_estate,east,7111890.471392489,1.394520838099444,1,0.056249999999999994,0.3,120013.15170474823,0.07619003068233753,541855.1532248176,6773189.41531022
OBL04776,BB,consumer,south,2522349.1741740457,2.0132574078624073,0,0.01575,0.55,21849.84972128267,0.09868373416559782,248914.83537700673,3111435.442212584
OBL04777,BBB,energy,north,3276792.5691761454,1.6248839170644342,1,0.006,0.39999999999999997,7864.302166022748,0.0461906370694373,151357.13631464436,1891964.2039330546
OBL04778,B,industrials,east,2704704.143635897,4.767394779211072,1,0.045,0.35,42599.090262265374,0.10708102096088948,289622.4810976801,3620281.0137210013
OBL04779,A,industrials,east,4595078.79498459,1.6243314046546913,0,0.002,0.55,5054.58667448305,0.03500256526210693,160839.54540597182,2010494.3175746477
OBL04780,B,financials,south,7287119.94115757,1.6987449328102535,0,0.0405,0.55,162320.5966892849,0.1274946641462255,929068.909491147,11613361.368639339
OBL04781,BB,real_estate,south,2485337.1442185175,1.571800994546662,0,0.01875,0.5,23300.035727048602,0.08971839921961469,222980.47010033403,2787255.8762541753
OBL04782,B,real_estate,west,999818.1339814911,1.0691059363803483,1,0.056249999999999994,0.3,16871.93101093766,0.07412485829720024,74111.37750434919,926392.2188043649
OBL04783,BB,industrials,west,895934.3645102557,3.427301404568818,1,0.015,0.35,4703.655413678842,0.07310534114560278,65497.58736159108,818719.8420198886
OBL04784,BBB,healthcare,north,564115.8702160903,2.9320437284659087,1,0.004,0.35,789.7622183025264,0.04201246784483656,23699.89985821549,296248.7482276936
OBL04785,CCC,financials,north,3524705.459439582,1.5421314536528978,0,0.108,0.55,209367.5042907112,0.18343270792179295,646546.26705173,8081828.338146624
OBL04786,BB,healthcare,south,1487686.0464377033,1.5518708428023875,0,0.012,0.55,9818.727906488843,0.08427660518810727,125377.12957948654,1567214.1197435819
OBL04787,A,consumer,east,728103.1652712051,4.680882309970917,0,0.0021000000000000003,0.55,840.9591558882421,0.06408123052082754,46657.746776688284,583221.8347086036
OBL04788,BB,consumer,west,6018254.346965916,1.0435605980812177,1,0.01575,0.35,33175.62708764961,0.0550618668921158,331376.31977553456,4142203.997194182
OBL04789,A,financials,south,6925405.990577422,3.991094877010052,1,0.0018000000000000002,0.35,4363.005774063776,0.03408054123865143,236021.5844562775,2950269.8057034686
OBL04790,BBB,energy,south,680495.8443396561,2.3747202087478283,0,0.006,0.6000000000000001,2449.7850396227623,0.07888315075880047,53679.656279782306,670995.7034972789
OBL04791,BBB,energy,south,2103997.096019473,1.2914256884947015,0,0.006,0.6000000000000001,7574.389545670104,0.06501800574496584,136797.69527638555,1709971.1909548193
OBL04792,B,financials,north,946561.02276067,3.381490067004845,0,0.0405,0.55,21084.646781993928,0.14744330464449293,139564.0852435043,1744551.0655438036
OBL04793,CCC,consumer,north,1543940.233956224,3.55254294826159,1,0.126,0.35,68087.76431746948,0.1378076295161203,212766.74375607143,2659584.296950893
OBL04794,CCC,consumer,east,448212.2912433131,1.1039026535891088,0,0.126,0.55,31061.1117831616,0.18954511610641553,84956.45078403632,1061955.6348004541
OBL04795,BB,healthcare,north,558134.5867400579,4.676897304312401,1,0.012,0.35,2344.165264308243,0.07852027027588476,43824.87860114859,547810.9825143574
OBL04796,B,real_estate,south,4345592.074114488,4.996914661333877,1,0.056249999999999994,0.3,73331.86625068198,0.09905181176498391,430438.76813259436,5380484.60165743
OBL04797,BB,real_estate,east,1009759.7626032155,2.6221320372022845,0,0.01875,0.5,9466.497774405145,0.10163051873028224,102622.40846633144,1282780.105829143
OBL04798,A,healthcare,west,27690911.322318953,4.854189684514106,0,0.0016,0.55,24368.001963640683,0.05777317492910238,1599791.8637705946,19997398.297132432
OBL04799,BBB,technology,east,2405375.2875465676,2.296501490690041,0,0.00425,0.55,5622.564734640102,0.06088227753616836,146444.7258350509,1830559.072938136
OBL04800,BBB,energy,north,861380.7432210805,1.9841181452199361,1,0.006,0.39999999999999997,2067.313783730593,0.0492558759151916,42428.063003833064,530350.7875479133
OBL04801,A,real_estate,east,626535.3265203957,2.8584383888275466,0,0.0025,0.5,783.1691581504947,0.04712046567385772,29522.636346763546,369032.9543345443
OBL04802,A,consumer,east,1199439.4978042908,4.532277259683676,0,0.0021000000000000003,0.55,1385.3526199639562,0.06271773031463188,75226.122952007,940326.5369000876
OBL04803,BBB,energy,north,4773203.71692813,1.8180372512121563,1,0.006,0.39999999999999997,11455.688920627512,0.04783875703299565,228344.13288311657,2854301.661038957
OBL04804,BBB,consumer,south,656434.1020471004,4.0234138135406585,1,0.00525,0.35,1206.197662511547,0.055400635993407436,36366.866741170685,454585.83426463354
OBL04805,BBB,consumer,north,249098.83896289198,2.9600514955467774,0,0.00525,0.55,719.2728975053507,0.07485705943051145,18646.806592316607,233085.08240395758
OBL04806,BB,industrials,north,5926431.821330317,1.4930662727298212,0,0.015,0.55,48893.06252597512,0.09061431052927418,537019.5333885973,6712744.167357466
OBL04807,BB,financials,north,2996292.995122816,3.7021570682349814,0,0.0135,0.55,22247.47548878691,0.11498663240126801,344533.64119668154,4306670.5149585195
OBL04808,BBB,energy,east,4683639.903441783,2.881329360411471,0,0.006,0.6000000000000001,16861.103652390422,0.08536726862502103,399829.54577998223,4997869.322249778
OBL04809,B,financials,north,12776900.590093633,3.014151315054196,0,0.0405,0.55,284605.4606443357,0.1430885698989647,1828228.4331777364,22852855.414721705
OBL04810,BBB,healthcare,south,17747691.762078654,2.596598219694938,0,0.004,0.55,39044.92187657304,0.06237384276837018,1106991.7354693927,13837396.693367409
OBL04811,BBB,industrials,east,1263854.3076663415,2.981974868300702,1,0.005,0.35,2211.7450384160975,0.046802102309978916,59151.03861230769,739387.9826538461
OBL04812,B,healthcare,east,3833864.4100245503,3.303557628486449,1,0.036,0.35,48306.691566309324,0.0902798499252128,346120.7035706309,4326508.794632887
OBL04813,BBB,real_estate,north,1430845.2114761055,3.531964466363899,1,0.00625,0.3,2682.834771517698,0.047596970185736526,68103.89687103206,851298.7108879008
OBL04814,BB,technology,south,1097713.914244016,4.967645483227951,0,0.01275,0.55,7697.718823636163,0.12901444643679957,141620.95299216418,1770261.9124020522
OBL04815,B,real_estate,east,1343888.8333272988,2.380676818015955,1,0.056249999999999994,0.3,22678.124062398165,0.08244844751083172,110801.54793497866,1385019.3491872333
OBL04816,BB,energy,east,1053507.7238700972,4.820586176637125,1,0.018,0.39999999999999997,7585.255611864699,0.10035052392388523,105720.05204822407,1321500.6506028008
OBL04817,B,consumer,north,6965698.944759966,3.071495663114002,1,0.04725,0.35,115195.24629896793,0.0957893823041688,667239.9992353575,8340499.990441969
OBL04818,CCC,real_estate,east,2189014.1392977904,3.750659431977085,1,0.15,0.3,98505.63626840056,0.12546284004226546,274639.93080897606,3432999.135112201
OBL04819,A,real_estate,east,5330095.982957993,1.684466094296691,0,0.0025,0.5,6662.619978697491,0.03681763349542835,196241.52039600228,2453019.0049500284
OBL04820,A,real_estate,north,2242746.2554985355,4.091437785550504,0,0.0025,0.5,2803.4328193731694,0.057941322281566544,129947.68358561723,1624346.0448202153
OBL04821,A,technology,north,9280769.912894,1.9304909753375061,1,0.0017,0.35,5522.058098171929,0.021862000464054933,202896.19614247567,2536202.451780946
OBL04822,B,energy,west,242775.98674393655,3.573190478871596,1,0.054,0.39999999999999997,5243.961313669029,0.11847926538775594,28763.920563209176,359549.0070401147
OBL04823,BB,technology,north,5659215.921835303,3.3269231097538357,0,0.01275,0.55,39685.251651870065,0.10844881499567655,613735.2605277039,7671690.756596299
OBL04824,BBB,energy,south,422267.1323601285,4.856169894640757,0,0.006,0.6000000000000001,1520.1616764964629,0.11064335917506797,46721.05399354766,584013.1749193458
OBL04825,B,financials,south,1379532.6099449086,1.5089155694521121,1,0.0405,0.35,19554.87474596908,0.07970089987520876,109949.99041980458,1374374.8802475573
OBL04826,B,financials,south,1084499.8831373455,2.9104695763758457,0,0.0405,0.55,24157.234896884376,0.1418594415603351,153846.5477941125,1923081.8474264063
OBL04827,A,real_estate,south,4545469.551757241,4.258729824943156,1,0.0025,0.3,3409.1021638179304,0.035645690719590846,162026.40181725583,2025330.0227156978
OBL04828,BBB,industrials,west,1343550.2311946785,1.115661776860342,1,0.005,0.35,2351.2129045906872,0.03329528124373695,44733.88281271462,559173.5351589328
OBL04829,CCC,financials,west,9500047.63911951,3.689752924476446,1,0.108,0.35,359101.80075871747,0.13207229437075166,1254693.0883299562,15683663.604124453
OBL04830,BBB,energy,north,2225457.8504649564,1.750023420463351,0,0.006,0.6000000000000001,8011.648261673845,0.07088762286005586,157757.4167947104,1971967.7099338803
OBL04831,B,financials,south,1854508.0142727606,4.378699335216842,1,0.0405,0.35,26287.65110231638,0.10135048058460752,187955.27849455047,2349440.981181881
OBL04832,BB,industrials,south,6663778.839016828,3.6219350513729007,1,0.015,0.35,34984.83890483834,0.07465917097300305,497512.2036684371,6218902.5458554635
OBL04833,BBB,industrials,east,839917.21057149,3.6870981826182856,0,0.005,0.55,2309.7723290715976,0.08156531126323217,68508.1087156093,856351.3589451162
OBL04834,CCC,technology,east,934157.04396119,3.848205325266667,1,0.102,0.35,33349.40646941448,0.13070353819797123,122097.63087828529,1526220.385978566
OBL04835,B,technology,north,9434070.518065184,2.7988028192579932,0,0.03825,0.55,198469.25852379634,0.13820704214769047,1303854.981714519,16298187.271431487
OBL04836,CCC,real_estate,east,1865241.3848037678,3.6295328919545398,1,0.15,0.3,83935.86231616954,0.12475469947298197,232697.62840576278,2908720.3550720345
OBL04837,BB,financials,south,7891441.479103395,1.7490929600741065,1,0.0135,0.35,37287.060988763544,0.05758203307883138,454405.2442893937,5680065.553617422
OBL04838,A,industrials,north,594267.1119867997,3.1016236701640074,0,0.002,0.55,653.6938231854798,0.048358032156412586,28737.5881109561,359219.8513869513
OBL04839,BB,healthcare,north,279868.7947945899,1.2947864699882117,1,0.012,0.35,1175.4489381372775,0.05158298306908031,14436.467303453244,180455.84129316555
OBL04840,BBB,financials,north,708665.9799316621,1.4482817850736227,1,0.0045000000000000005,0.35,1116.1489183923677,0.033805961881690515,23957.135104420624,299464.1888052578
OBL04841,BBB,financials,north,1937568.9811837622,2.6178274954052694,0,0.0045000000000000005,0.55,4795.483228429813,0.06615516421326634,128180.19412474295,1602252.426559287
OBL04842,A,technology,west,3820685.01866373,1.8911990278932116,1,0.0017,0.35,2273.307586104919,0.021647194078132943,82707.11011042875,1033838.8763803594
OBL04843,BBB,industrials,north,1098570.663811659,2.668763504147726,0,0.005,0.55,3021.0693254820626,0.06998410430206393,76882.48391938275,961031.0489922843
OBL04844,B,industrials,south,3933198.5472160163,2.734391688197133,1,0.045,0.35,61947.87711865226,0.09184737960078963,361253.98001142376,4515674.750142797
OBL04845,A,industrials,north,366333.28110676457,4.84269622140247,1,0.002,0.35,256.4332967747352,0.04078976734329898,14942.64930645227,186783.11633065337
OBL04846,BBB,technology,north,2216469.1683398606,1.5006426338243828,0,0.00425,0.55,5180.996680994424,0.052118736196371675,115519.57187209652,1443994.6484012066
OBL04847,BB,technology,north,2590154.57999364,2.2441077804768903,0,0.01275,0.55,18163.458992205404,0.09487626832920103,245744.2009455856,3071802.51181982
OBL04848,BBB,industrials,north,2756157.8790862006,3.6184970931284717,0,0.005,0.55,7579.434167487052,0.08078513218071641,222656.57857290172,2783207.2321612714
OBL04849,BB,healthcare,south,1325669.095032191,2.347922222216847,0,0.012,0.55,8749.41602721246,0.09423987211053565,124930.8859767232,1561636.07470904
OBL04850,CCC,financials,south,1093320.549860001,1.6270722892843557,1,0.108,0.35,41327.51678470804,0.11733671373063526,128286.64037474367,1603583.004684296
OBL04851,BBB,financials,west,7544663.064067673,4.883093538325587,1,0.0045000000000000005,0.35,11882.844325906584,0.05816083271782318,438803.88638157916,5485048.57976974
OBL04852,A,healthcare,west,889959.5080337675,4.375973924430566,0,0.0016,0.55,783.1643670697155,0.0537448700551511,47830.758113621036,597884.476420263
OBL04853,BB,financials,south,1751362.3408156803,2.744819791031814,0,0.0135,0.55,13003.865380556426,0.1029771346836003,180350.2756499618,2254378.445624523
OBL04854,BB,industrials,west,3706500.1822485714,2.9684673383778866,0,0.015,0.55,30578.626503550717,0.10912362234889209,404466.7261237928,5055834.07654741
OBL04855,BBB,consumer,west,6359906.976329533,3.702304660407534,0,0.00525,0.55,18364.23139415153,0.08337371664420555,530249.0821280046,6628113.526600058
OBL04856,CCC,industrials,west,9697013.916748462,2.8312477709798376,1,0.12,0.35,407274.58450343536,0.13060652708232892,1266493.3107355286,15831166.384194108
OBL04857,B,technology,north,32318271.994417213,1.147499381029558,1,0.03825,0.35,432660.8663252604,0.07544351476651547,2438204.0304390783,30477550.380488478
OBL04858,BB,healthcare,east,5272849.158467849,4.16132194241483,1,0.012,0.35,22145.966465564965,0.07441389934940915,392373.26656284323,4904665.832035541
OBL04859,BBB,consumer,south,2315158.0159017416,4.278535199391214,1,0.00525,0.35,4254.10285421945,0.05726344929292188,132573.93364869102,1657174.1706086376
OBL04860,BBB,industrials,north,1964916.8811358004,2.5574158649968965,1,0.005,0.35,3438.6045419876505,0.04372949754929491,85924.82793819618,1074060.3492274522
OBL04861,BBB,real_estate,east,892779.446722539,2.102278365880554,0,0.00625,0.5,2789.935771007935,0.06398451896360256,57124.0634391329,714050.7929891612
OBL04862,A,real_estate,north,8539479.44431411,2.8692059931323426,0,0.0025,0.5,10674.349305392636,0.04721496263995553,403191.2029279589,5039890.036599486
OBL04863,BB,energy,south,4958579.322884633,4.457164588176269,0,0.018,0.6000000000000001,53552.65668715404,0.14557211376162651,721830.8732870108,9022885.916087635
OBL04864,B,industrials,west,9840307.202783585,1.4287387984005546,1,0.045,0.35,154984.83844384147,0.08206389823184634,807533.9688593367,10094174.610741708
OBL04865,A,real_estate,west,3311457.65797643,1.669725445364576,1,0.0025,0.3,2483.5932434823226,0.022012961349596825,72894.98943586157,911187.3679482696
OBL04866,BB,energy,west,3378350.7828372596,2.414470254752672,0,0.018,0.6000000000000001,36486.188454642404,0.1177288642161074,397729.4005870279,4971617.507337849
OBL04867,BBB,industrials,south,6853137.216429724,1.2356238948419542,0,0.005,0.55,18846.127345181743,0.05368544849614972,367913.7450696848,4598921.81337106
OBL04868,A,consumer,west,4050171.0956056155,2.286556733969876,1,0.0021000000000000003,0.35,2976.8757552701277,0.026798867435648563,108539.99828283039,1356749.97853538
OBL04869,BBB,consumer,east,5047453.612999825,4.132813650305869,1,0.00525,0.35,9274.696013887178,0.05619943798412068,283664.0563015095,3545800.703768869
OBL04870,BBB,technology,south,3061700.189612834,1.7325222557355753,0,0.00425,0.55,7156.7241932199995,0.05467206161952289,167389.46142701778,2092368.2678377223
OBL04871,BBB,real_estate,west,5575318.411103544,1.2616922870365395,0,0.00625,0.5,17422.870034698575,0.054963129595607306,306436.9483662595,3830461.854578244
OBL04872,BB,energy,east,3330259.769477693,1.653027524454851,1,0.018,0.39999999999999997,23977.870340239384,0.07156660373256865,238335.38124872546,2979192.2656090683
OBL04873,B,energy,east,210236.65665174063,4.292147659866444,0,0.054,0.6000000000000001,6811.667675516397,0.1868622277632206,39285.29001943556,491066.1252429445
OBL04874,BB,financials,south,697063.8818475473,2.13793766376454,1,0.0135,0.35,3293.626841729661,0.060686173912417166,42302.139961864865,528776.7495233108
OBL04875,B,industrials,north,1269234.7761085827,2.920470401573489,1,0.045,0.35,19990.44772371018,0.09324169936196149,118345.60741366296,1479320.0926707871
OBL04876,BBB,financials,south,1902382.150291879,3.8481842427670903,0,0.0045000000000000005,0.55,4708.395821972402,0.07986425305284728,151932.32945413038,1899154.1181766298
OBL04877,BBB,technology,north,1187326.5355890486,2.507726713841788,0,0.00425,0.55,2775.3757769394015,0.06320816856462062,75048.73580275962,938109.1975344953
OBL04878,BB,real_estate,east,1448176.4069346231,2.991959487627909,1,0.01875,0.3,8145.992289007255,0.06349490568823356,91951.82437823885,1149397.8047279855
OBL04879,BB,healthcare,east,2417052.8139491663,4.798733548702561,0,0.012,0.55,15952.5485720645,0.12491388141914182,301923.44858544925,3774043.1073181154
OBL04880,BB,financials,south,3659121.7617707746,2.8247780436616363,0,0.0135,0.55,27168.979081148,0.10398018603794838,380476.16152443056,4755952.019055382
OBL04881,CCC,real_estate,south,1015639.8387932449,2.6118948230657737,1,0.15,0.3,45703.79274569602,0.11880529481490032,120663.3904735893,1508292.3809198663
OBL04882,A,healthcare,south,38155972.92678995,1.137814833981964,0,0.0016,0.55,33577.25617557516,0.026467868468241774,1009907.2727040704,12623840.908800881
OBL04883,BBB,technology,west,2755562.938915377,3.520441360340554,0,0.00425,0.55,6441.128369714695,0.07435960150206623,204902.56205160992,2561282.025645124
OBL04884,B,consumer,south,1580922.568906765,3.1951931652708976,1,0.04725,0.35,26144.506983295625,0.09671359330311746,152896.70237296855,1911208.779662107
OBL04885,BB,technology,east,17777714.723007552,4.554759241602568,1,0.01275,0.35,79333.05195142119,0.07880671567595049,1401003.309544215,17512541.369302686
OBL04886,CCC,real_estate,north,533752.5435104684,1.690979710097987,0,0.15,0.5,40031.44076328513,0.18903560059823146,100898.23263333508,1261227.9079166886
OBL04887,BBB,financials,north,4580552.870351787,3.3547290905668485,1,0.0045000000000000005,0.35,7214.370770804064,0.04732381415910312,216769.2327824743,2709615.409780929
OBL04888,BBB,healthcare,west,2585409.0401644646,1.1435071455327144,1,0.004,0.35,3619.5726562302502,0.0296425153166293,76638.027072827,957975.3384103375
OBL04889,BB,healthcare,east,2311155.861459873,1.0063228711318821,0,0.012,0.55,15253.628685635165,0.07744860362777997,178995.79423622607,2237447.427952826
OBL04890,B,real_estate,north,944622.6432602993,1.330797243215526,1,0.056249999999999994,0.3,15940.507105017548,0.07578562323897606,71588.81574513073,894860.1968141341
OBL04891,BB,industrials,west,2931278.6689306977,2.829906947860512,1,0.015,0.35,15389.213011886162,0.06833612810973284,200312.2346453753,2503902.9330671914
OBL04892,B,industrials,east,1840289.1480560298,3.613437193195537,0,0.045,0.55,45547.156414386736,0.15468234345008972,284660.2380470758,3558252.9755884474
OBL04893,CCC,real_estate,north,1013512.6456532168,2.406538995660409,1,0.15,0.3,45608.06905439475,0.11760472562091981,119193.87660537908,1489923.4575672385
OBL04894,BB,real_estate,south,11145873.619716851,3.409987995838706,1,0.01875,0.3,62695.53911090729,0.06633949773385156,739411.6577370019,9242645.721712524
OBL04895,BB,healthcare,west,10734116.075774763,4.976754960425352,1,0.012,0.35,45083.287518254,0.08090852784624547,868481.5294216536,10856019.11777067
OBL04896,B,technology,west,2953942.9898651815,2.3874876306283,1,0.03825,0.35,39545.91177682011,0.0848347719431964,250597.07987841638,3132463.4984802045
OBL04897,BBB,technology,east,2599752.252891713,2.2775304920819224,1,0.00425,0.35,3867.131476176423,0.038610332586366355,100377.29912630425,1254716.2390788032
OBL04898,BBB,energy,south,2662384.8908100594,4.229325020300989,0,0.006,0.6000000000000001,9584.585606916216,0.10262033780700179,273214.8368671859,3415185.460839824
OBL04899,CCC,real_estate,north,3745203.3050708687,4.918678285065955,0,0.15,0.5,280890.2478803151,0.2204856899830998,825763.7348455363,10322046.685569204
OBL04900,BB,consumer,south,869780.479807799,4.481732596207615,1,0.01575,0.35,4794.664894940492,0.08249384350734346,71751.53478700668,896894.1848375835
OBL04901,CCC,consumer,east,3969949.864809078,1.029351898089255,1,0.126,0.35,175074.78903808034,0.12009631702163541,476776.3575241097,5959704.469051371
OBL04902,B,healthcare,north,1178599.1215986982,3.8858347361670815,0,0.036,0.55,23336.262607654226,0.14882834401773015,175408.95552828562,2192611.94410357
OBL04903,BB,industrials,north,407141.62757094187,4.4239935426230765,1,0.015,0.35,2137.4935447474445,0.08106228999937908,33003.832684974885,412547.90856218606
OBL04904,BB,industrials,south,669442.3678945538,3.2082723967746904,1,0.015,0.35,3514.5724314464073,0.07135675444970135,47769.234664078314,597115.433300979
OBL04905,BB,consumer,west,2510716.634601841,4.0054341602225,1,0.01575,0.35,13840.32544824265,0.07869362421495982,197577.39135360587,2469717.3919200734
OBL04906,B,technology,west,3699327.244662913,3.02791912349494,1,0.03825,0.35,49524.743487924745,0.08968518633664131,331774.85325780726,4147185.665722591
OBL04907,BB,real_estate,south,2101666.7608110746,2.7675843737918333,0,0.01875,0.5,19703.125882603825,0.10328013732308303,217060.43166392687,2713255.395799086
OBL04908,BBB,real_estate,north,5981054.052895767,2.149973737697865,0,0.00625,0.5,18690.793915299273,0.06449639815247397,385756.4435670335,4821955.544587919
OBL04909,BBB,consumer,north,721875.0703271898,2.843562572868072,1,0.00525,0.35,1326.4454417262111,0.046785746358631905,33773.46394294747,422168.2992868434
OBL04910,BBB,industrials,east,1632054.0641644308,3.2418685844279067,1,0.005,0.35,2856.0946122877535,0.048682996751576425,79453.28270411408,993166.0338014261
OBL04911,CCC,industrials,east,603068.8031350928,1.447049866362803,0,0.12,0.55,39802.54100691613,0.18987445695232016,114507.36150016142,1431342.0187520178
OBL04912,A,healthcare,north,2132180.5004309793,1.5074693102389092,1,0.0016,0.35,1194.0210802413483,0.01882471500895658,40137.69026826761,501721.1283533451
OBL04913,BB,consumer,north,7821124.040346226,4.138573108874571,0,0.01575,0.55,67750.48699949917,0.1253306897928922,980226.8709323645,12252835.886654556
OBL04914,BB,technology,east,1053092.321740494,2.5723742661009124,1,0.01275,0.35,4699.424485766955,0.06299422434020767,66338.73396667084,829234.1745833856
OBL04915,BB,energy,south,3328415.9904507617,4.070590276221988,0,0.018,0.6000000000000001,35946.89269686823,0.14030285498927234,466986.26605218847,5837328.325652356
OBL04916,B,real_estate,south,645847.9144323602,1.3989511101410161,0,0.056249999999999994,0.5,18164.47259341013,0.12703024401013582,82042.21816378004,1025527.7270472505
OBL04917,BBB,real_estate,east,7828171.659245411,2.003317196504073,1,0.00625,0.3,14677.821861085145,0.037753465106499434,295540.6055850094,3694257.5698126173
OBL04918,BB,technology,east,1083076.6753766849,3.3997904214102808,1,0.01275,0.35,4833.229663868456,0.06959410829240123,75375.7554351389,942196.9429392362
OBL04919,A,real_estate,north,13118286.118996143,2.2394660606272443,1,0.0025,0.3,9838.714589247107,0.025013002477466264,328127.72319456184,4101596.539932023
OBL04920,BB,industrials,north,4700845.570582981,4.552314428559125,0,0.015,0.55,38781.975957309594,0.1289934193480437,606378.1439766042,7579726.799707552
OBL04921,B,financials,north,1022026.9202916985,3.3848763493824614,1,0.0405,0.35,14487.231595134826,0.09385310353503612,95920.39836573089,1199004.979571636
OBL04922,CCC,technology,east,751804.1934240065,4.238584295763664,1,0.102,0.35,26839.409705237027,0.13350643243555022,100370.69575412544,1254633.696926568
OBL04923,BB,industrials,south,1761818.658642065,3.523202449289768,1,0.015,0.35,9249.54795787084,0.07387095339308976,130147.2240196239,1626840.3002452988
OBL04924,A,technology,west,3093148.2078322666,1.2336598490976876,1,0.0017,0.35,1840.4231836601984,0.01805247241666721,55838.97270255561,697987.1587819451
OBL04925,A,financials,south,1541890.866866022,1.5942217304963968,1,0.0018000000000000002,0.35,971.391246125594,0.02073592406674442,31972.531934540562,399656.649181757
OBL04926,BB,technology,north,6970539.611872035,1.6739466094774822,0,0.01275,0.55,48880.90902825265,0.08772958422567134,611522.5419781061,7644031.774726327
OBL04927,BB,energy,east,1444450.7021670754,1.3103235897664502,1,0.018,0.39999999999999997,10400.045055602941,0.06845241902804074,98876.14473008832,1235951.809126104
OBL04928,A,technology,south,8750516.48485608,1.782697044505948,1,0.0017,0.35,5206.557308489367,0.021054021165290468,184233.55927938307,2302919.4909922886
OBL04929,BB,real_estate,west,2610873.597549626,1.7768089174711026,1,0.01875,0.3,14686.163986216647,0.05522607335215472,144188.29681147975,1802353.710143497
OBL04930,B,energy,west,5666876.5625893,2.602050101176163,1,0.054,0.39999999999999997,122404.53375192886,0.11024562099734124,624748.3257579359,7809354.071974198
OBL04931,B,real_estate,south,2697721.2554297755,3.9666338865470068,0,0.056249999999999994,0.5,75873.41030896243,0.15418894477242026,415958.79366484587,5199484.920810574
OBL04932,BBB,industrials,west,2343752.6518332725,4.922783350599071,1,0.005,0.35,4101.567140708226,0.0608480590224282,142612.79969272358,1782659.9961590448
OBL04933,BBB,financials,south,37761019.90138758,1.985634321014298,1,0.0045000000000000005,0.35,59473.60634468544,0.03761611293113683,1420422.7890055005,17755284.862568755
OBL04934,BB,real_estate,east,1617725.4276665174,1.0363927274774172,1,0.01875,0.3,9099.70553062416,0.05018770404687099,81189.92499282499,1014874.0624103124
OBL04935,BBB,energy,east,896554.1020322536,4.466627576377937,0,0.006,0.6000000000000001,3227.5947673161136,0.10565758602588111,94727.74216232944,1184096.777029118
OBL04936,CCC,consumer,north,2969842.104795648,2.725141625166386,0,0.126,0.55,205810.0578623384,0.20742819490349748,616028.9869461649,7700362.336827061
OBL04937,BB,healthcare,west,2819654.352792723,1.6926148399115122,0,0.012,0.55,18609.718728431973,0.08603813722886468,242597.80814354593,3032472.6017943243
OBL04938,BB,technology,west,2365762.4841457414,1.0897777563472113,1,0.01275,0.35,10557.21508550037,0.05116829509104637,121052.0329040962,1513150.4113012024
OBL04939,BBB,technology,north,1798612.8425913386,4.904100042301989,1,0.00425,0.35,2675.436603354616,0.05701541836901599,102548.66370423028,1281858.2963028785
OBL04940,BB,energy,south,1865458.4587267144,2.492766085067639,0,0.018,0.6000000000000001,20146.951354248515,0.11879608720006678,221609.16573100092,2770114.5716375113
OBL04941,CCC,technology,north,1674993.412622732,1.7540517495662091,1,0.102,0.35,59797.26483063153,0.11566765913290929,193742.56710111466,2421782.088763933
OBL04942,A,consumer,west,10895394.736705195,4.107611140963748,1,0.0021000000000000003,0.35,8008.115131478319,0.03743172301333373,407833.397905283,5097917.473816038
OBL04943,B,consumer,south,692443.1668773759,4.193617846315006,1,0.04725,0.35,11451.278872234605,0.1041733645656961,72134.13446414203,901676.6808017753
OBL04944,BB,industrials,west,1999570.6505840144,3.4276840821207113,1,0.015,0.35,10497.745915566074,0.07310839619699896,146185.4033467871,1827317.5418348387
OBL04945,A,industrials,south,1028565.0267878558,3.3888368343147057,1,0.002,0.35,719.995518751499,0.03242564434205415,33351.883741298414,416898.5467662302
OBL04946,BB,technology,north,5466943.7633623835,3.0446435682246826,0,0.01275,0.55,38336.94314057872,0.10491058262418428,573540.2553879983,7169253.192349979
OBL04947,B,financials,west,3097889.78636698,3.2211612572752255,0,0.0405,0.55,69005.4949913245,0.14554263548086338,450875.0439370991,5635938.049213739
OBL04948,B,industrials,north,3286665.6873751674,4.971079392584379,1,0.045,0.35,51764.98457615889,0.10860726475481898,356955.7704693339,4461947.130866674
OBL04949,BBB,consumer,east,25215782.803313877,1.2700035899029527,0,0.00525,0.55,72810.57284456883,0.05546534866590962,1398602.185069652,17482527.31337065
OBL04950,BB,healthcare,west,1337337.053194547,1.0989237823812577,1,0.012,0.35,5616.815623417097,0.05002300773781077,66897.62176001188,836220.2720001485
OBL04951,BB,technology,west,4323579.988340281,1.7745774773261584,0,0.01275,0.55,30319.10466823622,0.08899094164557056,384759.4544423466,4809493.180529333
OBL04952,BBB,consumer,north,1284580.3820810567,1.9949486441647521,0,0.00525,0.55,3709.2258532590517,0.06378341158325515,81934.9192220512,1024186.49027564
OBL04953,BB,consumer,east,5631734.79881035,2.1859513992120547,1,0.01575,0.35,31044.938078442054,0.0641766051190427,361425.6203184232,4517820.25398029
OBL04954,A,real_estate,south,1536152.2694106186,4.880615371935178,1,0.0025,0.3,1152.114202057964,0.03892030756772184,59787.518796315184,747343.9849539398
OBL04955,B,industrials,east,4297835.436742038,3.1212837645558675,1,0.045,0.35,67690.9081286871,0.09474642838353096,407204.557411481,5090056.967643512
OBL04956,BB,technology,north,8330999.967790267,4.49767337105416,0,0.01275,0.55,58421.13727412926,0.12312358189881759,1025742.5568332716,12821781.960415896
OBL04957,CCC,real_estate,north,3682393.915079845,2.5019154146333697,0,0.15,0.5,276179.5436309884,0.19693720596832773,725200.3689105961,9065004.61138245
OBL04958,BB,healthcare,north,1927610.12455676,1.0469671809523207,1,0.012,0.35,8095.962523138392,0.04960919223514396,95627.18122354611,1195339.7652943265
OBL04959,A,consumer,north,475336.90704018297,4.055395384371974,0,0.0021000000000000003,0.55,549.0141276314114,0.058342182282706705,27732.192476236367,346652.4059529546
OBL04960,A,industrials,south,570823.2136703044,3.7788052839798802,1,0.002,0.35,399.5762495692131,0.034669151594937726,19789.95652864531,247374.4566080664
OBL04961,BB,technology,east,2186996.5957493153,2.5846909137103853,0,0.01275,0.55,15336.313627692074,0.09914530695900396,216830.44880386256,2710380.610048282
OBL04962,BBB,healthcare,north,20035282.844044626,2.651812894905319,0,0.004,0.55,44077.622256898176,0.06297393688961453,1261700.6373864429,15771257.967330536
OBL04963,B,healthcare,east,1744550.0588156257,3.8476519324357517,0,0.036,0.55,34542.09116454939,0.14837194167595727,258842.27957737984,3235528.4947172482
OBL04964,BB,industrials,west,709995.4863660254,3.1666453954862437,1,0.015,0.35,3727.476303421633,0.07102443125024793,50427.02560939011,630337.8201173764
OBL04965,BB,industrials,east,7650027.431563254,1.1786173034065386,0,0.015,0.55,63112.72631039685,0.08666946179622438,663023.76021994,8287797.002749249
OBL04966,CCC,real_estate,south,609644.6434886104,3.5356408470112206,0,0.15,0.5,45723.34826164578,0.20700963265024538,126202.31369576705,1577528.9211970882
OBL04967,B,industrials,north,1278948.1568536113,1.9495424648260609,1,0.045,0.35,20143.43347044438,0.08596636956030572,109946.5299005494,1374331.6237568676
OBL04968,A,consumer,south,1004726.4413233686,4.985459042568147,1,0.0021000000000000003,0.35,738.473934372676,0.042557341402924734,42758.48617994422,534481.0772493028
OBL04969,B,industrials,west,5735921.650887529,3.0012460561142156,0,0.045,0.55,141964.06085946635,0.1474738024820966,845898.176595769,10573727.207447113
OBL04970,BBB,industrials,west,667090.1030711078,2.595646041262575,0,0.005,0.55,1834.4977834455465,0.06915256189459111,46130.989641893946,576637.3705236743
OBL04971,BB,industrials,west,1254979.5798355187,2.871293005201322,1,0.015,0.35,6588.642794136473,0.06866652776770864,86175.09016668296,1077188.627083537
OBL04972,BB,technology,north,1831054.8373950121,4.659450753697586,1,0.01275,0.35,8171.08221187524,0.07964178739430296,145828.48006712354,1822856.0008390443
OBL04973,A,technology,east,4441521.62272023,2.0450373961317245,1,0.0017,0.35,2642.705365518537,0.022488217902271478,99881.90606938295,1248523.8258672869
OBL04974,BB,energy,north,341720.2113368277,4.209743697014282,1,0.018,0.39999999999999997,2460.385521625159,0.0947997376201126,32394.986374220694,404937.3296777587
OBL04975,BB,healthcare,east,4687433.803027004,2.1257860849658767,1,0.012,0.35,19687.221972713414,0.05820159386983196,272816.1184954996,3410201.481193745
OBL04976,BB,healthcare,east,1859162.8919154718,2.8299112271229645,1,0.012,0.35,7808.484146044981,0.06380969547056128,118632.6179632943,1482907.7245411787
OBL04977,B,industrials,west,1101619.8938018663,2.1590919066322547,1,0.045,0.35,17350.513327379394,0.08753655952105616,96432.01540336663,1205400.1925420829
OBL04978,A,technology,south,549148.1144424895,1.206287758604911,0,0.0017,0.55,513.4534870037277,0.02813302025665089,15449.195027512196,193114.93784390244
OBL04979,BB,industrials,west,4475607.162064471,1.2298084996870422,0,0.015,0.55,36923.75908703189,0.0873116694212805,390772.7329936885,4884659.162421106
OBL04980,B,energy,south,1142298.9292255002,3.3284813756186984,0,0.054,0.6000000000000001,37010.485306906216,0.17460681287507043,199453.17538267025,2493164.692283378
OBL04981,BB,healthcare,west,13905303.623547204,1.4843875506459976,1,0.012,0.35,58402.275218898256,0.05309308697004244,738275.4946298379,9228443.682872973
OBL04982,CCC,energy,north,2451498.694667432,2.186011217535925,1,0.144,0.39999999999999997,141206.32481284408,0.15313991858991252,375422.31052464736,4692778.881558092
OBL04983,BBB,industrials,south,5091328.628479035,2.371654848419304,1,0.005,0.35,8909.82509983831,0.042385113896035345,215796.5438002293,2697456.797502866
OBL04984,A,technology,south,3318922.2695857706,2.586628425583886,0,0.0017,0.55,3103.192322062696,0.039991378383839794,132728.27630955688,1659103.453869461
OBL04985,A,technology,east,3737869.8358502723,2.638473363032495,0,0.0017,0.55,3494.908296520005,0.040436772662263,151147.39279340778,1889342.4099175972
OBL04986,A,real_estate,south,6881144.376632997,1.211404401127247,0,0.0025,0.5,8601.430470791247,0.03266602339570607,224779.6231963247,2809745.289954059
OBL04987,A,real_estate,east,4645895.1804980505,3.8396245405720153,1,0.0025,0.3,3484.4213853735378,0.03343883894118785,155353.34067831517,1941916.7584789398
OBL04988,BBB,real_estate,north,648564.8191115593,1.6100246555022104,0,0.00625,0.5,2026.765059723623,0.05870152356202457,38071.743010577404,475896.7876322176
OBL04989,B,industrials,west,405150.6405868074,4.541004785526637,0,0.045,0.55,10027.478354523484,0.16560443719646367,67094.74381416498,838684.2976770622
OBL04990,B,real_estate,south,929780.1945763879,3.4669024500041017,0,0.056249999999999994,0.5,26150.067972460907,0.14890322308152967,138447.26772979595,1730590.8466224493
OBL04991,BB,consumer,south,2675754.9278584733,4.400390538538181,0,0.01575,0.55,23178.727062574024,0.12861332560430408,344137.739773983,4301721.747174787
OBL04992,BB,financials,south,2643134.055967174,4.40650408144624,1,0.0135,0.35,12488.808414444897,0.07879610207652406,208268.6608759265,2603358.2609490813
OBL04993,B,financials,east,1861258.7825302465,2.0892019910571236,1,0.0405,0.35,26383.343242366245,0.08407856688586529,156491.97103887354,1956149.6379859191
OBL04994,BBB,technology,north,3743203.3040845906,4.140985201224071,1,0.00425,0.35,5568.014914825829,0.051668065541113396,193404.07364915486,2417550.920614436
OBL04995,BBB,consumer,east,4913252.0010207025,2.6875845872133644,1,0.00525,0.35,9028.100551875541,0.04564684588919315,224274.45690536188,2803430.7113170233
OBL04996,BBB,energy,north,419798.7814949709,4.631993907352204,1,0.006,0.39999999999999997,1007.5170755879301,0.07184941241223657,30162.295781786546,377028.6972723318
OBL04997,BBB,industrials,east,683314.9584866272,3.4269112091473763,0,0.005,0.55,1879.116135838225,0.0786062848723287,53712.85028432327,671410.6285540409
OBL04998,BBB,consumer,east,3288398.515527187,4.509740420870087,0,0.00525,0.55,9495.250713584754,0.09263828285892559,304631.59183427854,3807894.897928482
OBL04999,BBB,financials,south,9504754.797932204,2.4613009204599634,0,0.0045000000000000005,0.55,23524.268124882212,0.06441108736215652,612211.5916454875,7652644.895568593
OBL05000,B,industrials,south,648188.1194715617,4.350723170024402,1,0.045,0.35,10208.962881677098,0.10395882902358174,67384.87788726106,842310.9735907632
